model,parameter,h,time,homo_trace,hetero_trace
JR,q,0.0,0.0,0.0,0.0
JR,q,0.0,0.001,0.017990921313896083,0.01799092131389606
JR,q,0.0,0.002,0.06699730565049196,0.06699730565049201
JR,q,0.0,0.003,0.14045973885441188,0.1404597388544121
JR,q,0.0,0.004,0.2327758925253963,0.23277589252539607
JR,q,0.0,0.005,0.3391467665575065,0.33914676655750575
JR,q,0.0,0.006,0.4556763216494468,0.4556763216494469
JR,q,0.0,0.007,0.5790872052282761,0.5790872052282764
JR,q,0.0,0.008,0.7065458469540349,0.706545846954035
JR,q,0.0,0.009000000000000001,0.8356705126035322,0.8356705126035321
JR,q,0.0,0.01,0.9646679688934109,0.9646679688934096
JR,q,0.0,0.011,1.0921240480795442,1.0921240480795436
JR,q,0.0,0.012,1.2168226999259575,1.2168226999259562
JR,q,0.0,0.013000000000000001,1.337744059358272,1.337744059358272
JR,q,0.0,0.014,1.4540858664838612,1.4540858664838625
JR,q,0.0,0.015,1.5654015560618453,1.5654015560618464
JR,q,0.0,0.016,1.6714127902277987,1.6714127902278022
JR,q,0.0,0.017,1.7718992783103384,1.7718992783103409
JR,q,0.0,0.018000000000000002,1.8666984640568238,1.86669846405682
JR,q,0.0,0.019,1.9557055147810125,1.9557055147810154
JR,q,0.0,0.02,2.038903600270405,2.038903600270402
JR,q,0.0,0.021,2.116486925105935,2.116486925105932
JR,q,0.0,0.022,2.1887020134002735,2.1887020134002735
JR,q,0.0,0.023,2.2557870681479426,2.255787068147946
JR,q,0.0,0.024,2.3179719712253117,2.317971971225317
JR,q,0.0,0.025,2.375478283390603,2.375478283390606
JR,q,0.0,0.026000000000000002,2.428519244283886,2.428519244283882
JR,q,0.0,0.027,2.4773105035022436,2.4773105035022467
JR,q,0.0,0.028,2.522175632474855,2.5221756324748483
JR,q,0.0,0.029,2.5634658626924933,2.5634658626924884
JR,q,0.0,0.03,2.6015071801121255,2.6015071801121237
JR,q,0.0,0.031,2.6366039893199096,2.6366039893199154
JR,q,0.0,0.032,2.669039113531198,2.669039113531198
JR,q,0.0,0.033,2.699073794590533,2.699073794590534
JR,q,0.0,0.034,2.7269476929716507,2.7269476929716547
JR,q,0.0,0.035,2.752878887777479,2.7528788877774804
JR,q,0.0,0.036000000000000004,2.777068575182264,2.777068575182263
JR,q,0.0,0.037,2.7997753921795407,2.799775392179533
JR,q,0.0,0.038,2.8212118814870024,2.821211881486995
JR,q,0.0,0.039,2.841556696710787,2.8415566967107884
JR,q,0.0,0.04,2.860978759055259,2.8609787590552607
JR,q,0.0,0.041,2.8796372573230067,2.8796372573230027
JR,q,0.0,0.042,2.8976816479148413,2.8976816479148457
JR,q,0.0,0.043000000000000003,2.9152516548298033,2.9152516548298064
JR,q,0.0,0.044,2.932477269665156,2.9324772696651524
JR,q,0.0,0.045,2.949495050491377,2.949495050491375
JR,q,0.0,0.046,2.966383601962658,2.966383601962661
JR,q,0.0,0.047,2.9831733587490397,2.9831733587490374
JR,q,0.0,0.048,2.999901539832936,2.999901539832934
JR,q,0.0,0.049,3.01661224731011,3.016612247310111
JR,q,0.0,0.05,3.0333564663896695,3.0333564663896704
JR,q,0.0,0.051000000000000004,3.0501920653940715,3.0501920653940715
JR,q,0.0,0.052000000000000005,3.067183795759119,3.0671837957591155
JR,q,0.0,0.053,3.084403292033961,3.0844032920339606
JR,q,0.0,0.054,3.101909333797149,3.101909333797152
JR,q,0.0,0.055,3.1196704737891845,3.1196704737891814
JR,q,0.0,0.056,3.1376401110632104,3.1376401110632073
JR,q,0.0,0.057,3.155789186260005,3.1557891862600003
JR,q,0.0,0.058,3.1741061909314414,3.1741061909314454
JR,q,0.0,0.059000000000000004,3.192597167540486,3.1925971675404923
JR,q,0.0,0.06,3.2112857094612024,3.2112857094612064
JR,q,0.0,0.061,3.2302129609787493,3.2302129609787475
JR,q,0.0,0.062,3.249437617289379,3.2494376172893813
JR,q,0.0,0.063,3.26901760284518,3.269017602845173
JR,q,0.0,0.064,3.2889083458247463,3.2889083458247437
JR,q,0.0,0.065,3.3090597770117345,3.30905977701173
JR,q,0.0,0.066,3.329442234328202,3.3294422343282077
JR,q,0.0,0.067,3.350043665310112,3.350043665310119
JR,q,0.0,0.068,3.3708696271073384,3.3708696271073317
JR,q,0.0,0.069,3.3919432864836643,3.391943286483659
JR,q,0.0,0.07,3.4133054198167794,3.413305419816771
JR,q,0.0,0.07100000000000001,3.435014413098285,3.4350144130982794
JR,q,0.0,0.07200000000000001,3.457145702714429,3.457145702714435
JR,q,0.0,0.073,3.479721111677929,3.4797211116779234
JR,q,0.0,0.074,3.5027042263275625,3.5027042263275643
JR,q,0.0,0.075,3.5260832506011264,3.5260832506011224
JR,q,0.0,0.076,3.549861675856617,3.549861675856618
JR,q,0.0,0.077,3.5740582808722294,3.5740582808722348
JR,q,0.0,0.078,3.598707131846359,3.5987071318463637
JR,q,0.0,0.079,3.6238575823975987,3.6238575823975947
JR,q,0.0,0.08,3.649574273564741,3.6495742735647396
JR,q,0.0,0.081,3.675937133806779,3.6759371338067734
JR,q,0.0,0.082,3.703035676791513,3.7030356767915054
JR,q,0.0,0.083,3.730890349095046,3.7308903490950387
JR,q,0.0,0.084,3.7594952810496056,3.7594952810496083
JR,q,0.0,0.085,3.7888647361352454,3.7888647361352423
JR,q,0.0,0.08600000000000001,3.8190301981093624,3.8190301981093695
JR,q,0.0,0.08700000000000001,3.8500403710066973,3.8500403710066893
JR,q,0.0,0.088,3.8819611791393323,3.881961179139337
JR,q,0.0,0.089,3.9148757670966927,3.914875767096699
JR,q,0.0,0.09,3.9488844997455477,3.9488844997455455
JR,q,0.0,0.091,3.9841049622300098,3.984104962230006
JR,q,0.0,0.092,4.020659473123377,4.0206594731233745
JR,q,0.0,0.093,4.058588442283151,4.0585884422831535
JR,q,0.0,0.094,4.097911987003822,4.097911987003826
JR,q,0.0,0.095,4.1386770997389135,4.1386770997389135
JR,q,0.0,0.096,4.180957591944576,4.180957591944566
JR,q,0.0,0.097,4.224854094079588,4.22485409407959
JR,q,0.0,0.098,4.270494055605353,4.2704940556053534
JR,q,0.0,0.099,4.3180317449859,4.318031744985891
JR,q,0.0,0.1,4.367648249687887,4.367648249687878
JR,q,0.0,0.101,4.419551471517699,4.419551471517703
JR,q,0.0,0.10200000000000001,4.47392759151913,4.473927591519141
JR,q,0.0,0.10300000000000001,4.530846535479807,4.530846535479798
JR,q,0.0,0.10400000000000001,4.59039396213643,4.590393962136431
JR,q,0.0,0.105,4.652699909705685,4.652699909705688
JR,q,0.0,0.106,4.717938795884219,4.717938795884212
JR,q,0.0,0.107,4.786329417848664,4.7863294178486635
JR,q,0.0,0.108,4.858134952255613,4.858134952255622
JR,q,0.0,0.109,4.933662955241637,4.933662955241631
JR,q,0.0,0.11,5.013265362423281,5.013265362423282
JR,q,0.0,0.111,5.097302166715593,5.097302166715607
JR,q,0.0,0.112,5.185956773211043,5.185956773211045
JR,q,0.0,0.113,5.279459586982174,5.279459586982171
JR,q,0.0,0.114,5.378085017896456,5.378085017896462
JR,q,0.0,0.115,5.482139609850418,5.482139609850422
JR,q,0.0,0.116,5.591962040769661,5.591962040769659
JR,q,0.0,0.117,5.7079231226088485,5.707923122608852
JR,q,0.0,0.11800000000000001,5.830425801351711,5.830425801351717
JR,q,0.0,0.11900000000000001,5.959905157011039,5.959905157011044
JR,q,0.0,0.12,6.096774303892586,6.096774303892586
JR,q,0.0,0.121,6.2408559165544855,6.240855916554482
JR,q,0.0,0.122,6.39261622801942,6.392616228019404
JR,q,0.0,0.123,6.552583838140659,6.552583838140662
JR,q,0.0,0.124,6.721063780531519,6.721063780531506
JR,q,0.0,0.125,6.898137522565359,6.898137522565355
JR,q,0.0,0.126,7.083662965375584,7.083662965375577
JR,q,0.0,0.127,7.277274443855646,7.277274443855628
JR,q,0.0,0.128,7.478382726659038,7.478382726659029
JR,q,0.0,0.129,7.686175016199305,7.686175016199294
JR,q,0.0,0.13,7.89961800298984,7.899618002989849
JR,q,0.0,0.131,8.117687377727059,8.117687377727064
JR,q,0.0,0.132,8.33946005448653,8.339460054486521
JR,q,0.0,0.133,8.56382101250193,8.56382101250191
JR,q,0.0,0.134,8.789452985538588,8.789452985538569
JR,q,0.0,0.135,9.014836461893495,9.014836461893507
JR,q,0.0,0.136,9.23824968439531,9.23824968439532
JR,q,0.0,0.137,9.457768650404342,9.457768650404326
JR,q,0.0,0.138,9.671267111812565,9.671267111812547
JR,q,0.0,0.139,9.876416575043613,9.876416575043635
JR,q,0.0,0.14,10.071043667483881,10.07104366748388
JR,q,0.0,0.14100000000000001,10.25404757579961,10.254047575799625
JR,q,0.0,0.14200000000000002,10.42426530580958,10.4242653058096
JR,q,0.0,0.14300000000000002,10.580555046135622,10.580555046135611
JR,q,0.0,0.14400000000000002,10.721812234944302,10.721812234944307
JR,q,0.0,0.145,10.846969559946935,10.846969559946949
JR,q,0.0,0.146,10.954996958399573,10.954996958399557
JR,q,0.0,0.147,11.044901617103005,11.044901617103026
JR,q,0.0,0.148,11.115740053829738,11.115740053829747
JR,q,0.0,0.149,11.16715126239865,11.167151262398649
JR,q,0.0,0.15,11.199230470424249,11.199230470424252
JR,q,0.0,0.151,11.212055054456176,11.212055054456185
JR,q,0.0,0.152,11.205738329802621,11.205738329802646
JR,q,0.0,0.153,11.180429550530286,11.18042955053031
JR,q,0.0,0.154,11.136313909464421,11.136313909464432
JR,q,0.0,0.155,11.0736125381888,11.073612538188828
JR,q,0.0,0.156,10.992582740014521,10.992582740014534
JR,q,0.0,0.157,10.893684206609077,10.893684206609098
JR,q,0.0,0.158,10.77772107592135,10.777721075921361
JR,q,0.0,0.159,10.645513119897782,10.645513119897798
JR,q,0.0,0.16,10.49787473478582,10.497874734785805
JR,q,0.0,0.161,10.335614941133915,10.335614941133933
JR,q,0.0,0.162,10.159537383791523,10.159537383791529
JR,q,0.0,0.163,9.970440331909106,9.970440331909115
JR,q,0.0,0.164,9.769116678938136,9.76911667893816
JR,q,0.0,0.165,9.556377495837552,9.55637749583753
JR,q,0.0,0.166,9.33332402411977,9.333324024119754
JR,q,0.0,0.167,9.101013259439124,9.101013259439126
JR,q,0.0,0.168,8.860469466398605,8.86046946639862
JR,q,0.0,0.169,8.612739427392803,8.61273942739282
JR,q,0.0,0.17,8.358892442607893,8.358892442607873
JR,q,0.0,0.171,8.100020330021646,8.100020330021637
JR,q,0.0,0.17200000000000001,7.837237425403423,7.837237425403409
JR,q,0.0,0.17300000000000001,7.5716805823141655,7.571680582314153
JR,q,0.0,0.17400000000000002,7.304572249502259,7.304572249502258
JR,q,0.0,0.17500000000000002,7.0371694587426585,7.037169458742669
JR,q,0.0,0.176,6.770585994966396,6.770585994966385
JR,q,0.0,0.177,6.505988502826906,6.5059885028268925
JR,q,0.0,0.178,6.244602522793304,6.244602522793306
JR,q,0.0,0.179,5.987712491150379,5.9877124911503845
JR,q,0.0,0.18,5.736661739998576,5.736661739998571
JR,q,0.0,0.181,5.492852497254017,5.492852497254024
JR,q,0.0,0.182,5.257735333705565,5.2577353337055674
JR,q,0.0,0.183,5.03240768825842,5.032407688258431
JR,q,0.0,0.184,4.81799770708006,4.817997707080054
JR,q,0.0,0.185,4.615678706048172,4.6156787060481825
JR,q,0.0,0.186,4.426498166009161,4.4264981660091545
JR,q,0.0,0.187,4.251377732778156,4.251377732778163
JR,q,0.0,0.188,4.091113217139011,4.0911132171390205
JR,q,0.0,0.189,3.9463745948442934,3.946374594844298
JR,q,0.0,0.19,3.8177060066152997,3.817706006615306
JR,q,0.0,0.191,3.705514196171684,3.7055141961716895
JR,q,0.0,0.192,3.6099458324098777,3.6099458324098865
JR,q,0.0,0.193,3.53095575982087,3.53095575982087
JR,q,0.0,0.194,3.468297828073819,3.4682978280738235
JR,q,0.0,0.195,3.421510889815927,3.421510889815922
JR,q,0.0,0.196,3.38991878880411,3.3899187888041014
JR,q,0.0,0.197,3.3726040697801345,3.372604069780136
JR,q,0.0,0.198,3.3683759465228675,3.368375946522862
JR,q,0.0,0.199,3.3758463018238025,3.3758463018237994
JR,q,0.0,0.2,3.3934417166201776,3.3934417166201816
JR,q,0.0,0.201,3.4194034699949682,3.419403469994963
JR,q,0.0,0.202,3.451747027728633,3.4517470277286297
JR,q,0.0,0.203,3.4883723512210487,3.488372351221053
JR,q,0.0,0.20400000000000001,3.5273594808408113,3.527359480840806
JR,q,0.0,0.20500000000000002,3.566831471781267,3.5668314717812617
JR,q,0.0,0.20600000000000002,3.604947404413913,3.604947404413908
JR,q,0.0,0.20700000000000002,3.639902384288387,3.6399023842883893
JR,q,0.0,0.20800000000000002,3.6699272922958492,3.669927292295844
JR,q,0.0,0.209,3.693213428837442,3.6932134288374483
JR,q,0.0,0.21,3.709172417038868,3.709172417038871
JR,q,0.0,0.211,3.717795796874949,3.717795796874952
JR,q,0.0,0.212,3.7190199784832707,3.719019978483274
JR,q,0.0,0.213,3.7127262421641767,3.71272624216418
JR,q,0.0,0.214,3.6987407383807636,3.6987407383807636
JR,q,0.0,0.215,3.676834487758885,3.676834487758883
JR,q,0.0,0.216,3.6469748097424652,3.6469748097424612
JR,q,0.0,0.217,3.6103722010264594,3.6103722010264545
JR,q,0.0,0.218,3.5681643358559203,3.5681643358559167
JR,q,0.0,0.219,3.521272721210744,3.5212727212107406
JR,q,0.0,0.22,3.4704361073931036,3.470436107393101
JR,q,0.0,0.221,3.4162104880274846,3.416210488027486
JR,q,0.0,0.222,3.3589691000606514,3.3589691000606554
JR,q,0.0,0.223,3.299202333769026,3.2992023337690215
JR,q,0.0,0.224,3.2377816571957307,3.237781657195735
JR,q,0.0,0.225,3.1753869225064495,3.175386922506448
JR,q,0.0,0.226,3.112554376440647,3.1125543764406434
JR,q,0.0,0.227,3.049676728006272,3.049676728006267
JR,q,0.0,0.228,2.9870031484797455,2.987003148479744
JR,q,0.0,0.229,2.9246392714059777,2.9246392714059715
JR,q,0.0,0.23,2.862547533957743,2.8625475339577466
JR,q,0.0,0.231,2.800977748246492,2.8009777482464897
JR,q,0.0,0.232,2.7401985347941107,2.7401985347941054
JR,q,0.0,0.233,2.6801731887977702,2.680173188797767
JR,q,0.0,0.234,2.620884602764743,2.62088460276474
JR,q,0.0,0.23500000000000001,2.5623352665124024,2.5623352665124055
JR,q,0.0,0.23600000000000002,2.5045472671682276,2.5045472671682223
JR,q,0.0,0.23700000000000002,2.4475622891697935,2.4475622891697886
JR,q,0.0,0.23800000000000002,2.3914416142647834,2.39144161426478
JR,q,0.0,0.23900000000000002,2.336278710983539,2.3362787109835423
JR,q,0.0,0.24,2.2821925892016903,2.2821925892016868
JR,q,0.0,0.241,2.2290152154050737,2.2290152154050706
JR,q,0.0,0.242,2.176584071203285,2.1765840712032816
JR,q,0.0,0.243,2.1248049092125605,2.124804909212563
JR,q,0.0,0.244,2.073651753055799,2.073651753055799
JR,q,0.0,0.245,2.0231668973625503,2.023166897362555
JR,q,0.0,0.246,1.9734609077690077,1.9734609077690093
JR,q,0.0,0.247,1.9247126209180276,1.9247126209180292
JR,q,0.0,0.248,1.8771691444591116,1.8771691444591148
JR,q,0.0,0.249,1.8311082845551674,1.83110828455517
JR,q,0.0,0.25,1.7864140861478823,1.786414086147885
JR,q,0.0,0.251,1.7429500954155799,1.7429500954155799
JR,q,0.0,0.252,1.7006653677810348,1.7006653677810306
JR,q,0.0,0.253,1.6595501438323677,1.659550143832368
JR,q,0.0,0.254,1.6196358493230356,1.619635849323033
JR,q,0.0,0.255,1.5809950951718363,1.5809950951718321
JR,q,0.0,0.256,1.5437416774629096,1.5437416774629094
JR,q,0.0,0.257,1.5080305774457345,1.5080305774457363
JR,q,0.0,0.258,1.4740579615351272,1.4740579615351246
JR,q,0.0,0.259,1.441966710878277,1.4419667108782779
JR,q,0.0,0.26,1.4116124364071032,1.4116124364071
JR,q,0.0,0.261,1.3829194717163302,1.382919471716331
JR,q,0.0,0.262,1.3558431478778719,1.3558431478778732
JR,q,0.0,0.263,1.3303633230584326,1.3303633230584344
JR,q,0.0,0.264,1.3064843825195123,1.3064843825195134
JR,q,0.0,0.265,1.2842352386174003,1.2842352386173987
JR,q,0.0,0.266,1.2636693308031806,1.2636693308031821
JR,q,0.0,0.267,1.2448646256227276,1.2448646256227258
JR,q,0.0,0.268,1.2279200129071821,1.2279200129071801
JR,q,0.0,0.269,1.2127938573564112,1.2127938573564132
JR,q,0.0,0.27,1.1993582537578158,1.1993582537578182
JR,q,0.0,0.271,1.1875263011829693,1.18752630118297
JR,q,0.0,0.272,1.1772282944032657,1.1772282944032642
JR,q,0.0,0.273,1.1684117238899177,1.1684117238899177
JR,q,0.0,0.274,1.1610412758139583,1.1610412758139577
JR,q,0.0,0.275,1.1550988320462476,1.1550988320462492
JR,q,0.0,0.276,1.1505834701574598,1.150583470157458
JR,q,0.0,0.277,1.147511463418092,1.1475114634180945
JR,q,0.0,0.278,1.145909858879893,1.1459098588798904
JR,q,0.0,0.279,1.1456906715688815,1.145690671568883
JR,q,0.0,0.28,1.146737058683323,1.1467370586833245
JR,q,0.0,0.281,1.1489606179439784,1.1489606179439809
JR,q,0.0,0.28200000000000003,1.1522846969732576,1.152284696973255
JR,q,0.0,0.28300000000000003,1.1566443932952177,1.1566443932952202
JR,q,0.0,0.28400000000000003,1.1619865543355647,1.1619865543355663
JR,q,0.0,0.28500000000000003,1.168269777421651,1.1682697774216528
JR,q,0.0,0.28600000000000003,1.1754644097824771,1.1754644097824778
JR,q,0.0,0.28700000000000003,1.1835525485486897,1.1835525485486897
JR,q,0.0,0.28800000000000003,1.1925280407525856,1.192528040752588
JR,q,0.0,0.289,1.2023627881739243,1.2023627881739258
JR,q,0.0,0.29,1.2129513557008682,1.2129513557008667
JR,q,0.0,0.291,1.2242211249013666,1.224221124901365
JR,q,0.0,0.292,1.2361081165594907,1.2361081165594923
JR,q,0.0,0.293,1.2485554207877758,1.2485554207877778
JR,q,0.0,0.294,1.2615131970272282,1.2615131970272275
JR,q,0.0,0.295,1.2749386740473163,1.274938674047319
JR,q,0.0,0.296,1.2887961499459788,1.2887961499459804
JR,q,0.0,0.297,1.30305699214962,1.3030569921496207
JR,q,0.0,0.298,1.3176996374131145,1.3176996374131138
JR,q,0.0,0.299,1.3327095918197989,1.332709591819796
JR,q,0.0,0.3,1.3480765684072802,1.3480765684072802
JR,q,0.0,0.301,1.363743325040173,1.3637433250401738
JR,q,0.0,0.302,1.37965676074751,1.3796567607475085
JR,q,0.0,0.303,1.3957783192955118,1.3957783192955135
JR,q,0.0,0.304,1.4120730105295332,1.412073010529535
JR,q,0.0,0.305,1.428509410374069,1.428509410374065
JR,q,0.0,0.306,1.4450596608327495,1.4450596608327517
JR,q,0.0,0.307,1.4616994699883432,1.4616994699883437
JR,q,0.0,0.308,1.4784081120027555,1.478408112002756
JR,q,0.0,0.309,1.4951684271170285,1.4951684271170254
JR,q,0.0,0.31,1.511966821651344,1.5119668216513447
JR,q,0.0,0.311,1.5287932680050167,1.5287932680050174
JR,q,0.0,0.312,1.5456413046565016,1.5456413046564998
JR,q,0.0,0.313,1.5625048941440105,1.562504894144012
JR,q,0.0,0.314,1.5793506835058153,1.5793506835058195
JR,q,0.0,0.315,1.5961557664782693,1.5961557664782702
JR,q,0.0,0.316,1.6129040136578983,1.6129040136578967
JR,q,0.0,0.317,1.6295810754176157,1.629581075417615
JR,q,0.0,0.318,1.646174381906718,1.646174381906718
JR,q,0.0,0.319,1.6626731430508892,1.6626731430508894
JR,q,0.0,0.32,1.6790683485522,1.6790683485522007
JR,q,0.0,0.321,1.6953527678891063,1.6953527678891087
JR,q,0.0,0.322,1.7115209503164492,1.7115209503164488
JR,q,0.0,0.323,1.7275692248654564,1.727569224865456
JR,q,0.0,0.324,1.7434957003437428,1.743495700343743
JR,q,0.0,0.325,1.7593002653353085,1.7593002653353065
JR,q,0.0,0.326,1.774984588200537,1.7749845882005386
JR,q,0.0,0.327,1.7905451080835384,1.7905451080835357
JR,q,0.0,0.328,1.8059642740273434,1.8059642740273412
JR,q,0.0,0.329,1.8212362920269483,1.8212362920269507
JR,q,0.0,0.33,1.8363570936307854,1.8363570936307871
JR,q,0.0,0.331,1.8513237279696724,1.8513237279696755
JR,q,0.0,0.332,1.8661343617568056,1.866134361756802
JR,q,0.0,0.333,1.880788279287768,1.88078827928777
JR,q,0.0,0.334,1.89528588244052,1.8952858824405232
JR,q,0.0,0.335,1.9096286906754094,1.909628690675411
JR,q,0.0,0.336,1.9238193410351645,1.9238193410351676
JR,q,0.0,0.337,1.9378615881448944,1.9378615881448973
JR,q,0.0,0.338,1.951757009502432,1.951757009502435
JR,q,0.0,0.339,1.9655016606841347,1.9655016606841378
JR,q,0.0,0.34,1.9790928081410777,1.9790928081410761
JR,q,0.0,0.341,1.992528904979861,1.9925289049798578
JR,q,0.0,0.342,2.0058095908881173,2.005809590888114
JR,q,0.0,0.343,2.0189356921345056,2.0189356921345056
JR,q,0.0,0.34400000000000003,2.031909221568716,2.0319092215687182
JR,q,0.0,0.34500000000000003,2.0447333786214656,2.0447333786214608
JR,q,0.0,0.34600000000000003,2.0574125493045026,2.057412549304502
JR,q,0.0,0.34700000000000003,2.069952306210602,2.069952306210603
JR,q,0.0,0.34800000000000003,2.0823593617227645,2.08235936172276
JR,q,0.0,0.34900000000000003,2.094636888437797,2.094636888437798
JR,q,0.0,0.35000000000000003,2.1067808781448325,2.1067808781448325
JR,q,0.0,0.35100000000000003,2.1187879933255407,2.118787993325546
JR,q,0.0,0.352,2.1306564605697726,2.130656460569775
JR,q,0.0,0.353,2.142386070575558,2.142386070575555
JR,q,0.0,0.354,2.1539781781491025,2.153978178149097
JR,q,0.0,0.355,2.165435702204791,2.165435702204795
JR,q,0.0,0.356,2.1767631257651865,2.176763125765184
JR,q,0.0,0.357,2.187966495961031,2.1879664959610334
JR,q,0.0,0.358,2.199053424031245,2.199053424031242
JR,q,0.0,0.359,2.2100330853229253,2.2100330853229213
JR,q,0.0,0.36,2.220912843300185,2.22091284330019
JR,q,0.0,0.361,2.2316871624846533,2.231687162484655
JR,q,0.0,0.362,2.242351225474621,2.242351225474615
JR,q,0.0,0.363,2.2529021364916972,2.2529021364916924
JR,q,0.0,0.364,2.2633387267834046,2.263338726783409
JR,q,0.0,0.365,2.2736615546231773,2.273661554623175
JR,q,0.0,0.366,2.2838729053103606,2.283872905310367
JR,q,0.0,0.367,2.293976791170213,2.293976791170217
JR,q,0.0,0.368,2.3039789515539035,2.303978951553908
JR,q,0.0,0.369,2.3138868528385137,2.313886852838516
JR,q,0.0,0.37,2.323709688427037,2.3237096884270425
JR,q,0.0,0.371,2.3334580673327094,2.333458067332712
JR,q,0.0,0.372,2.343131637480138,2.3431316374801345
JR,q,0.0,0.373,2.3527232233888253,2.3527232233888293
JR,q,0.0,0.374,2.362228877402861,2.362228877402858
JR,q,0.0,0.375,2.371646394047883,2.371646394047879
JR,q,0.0,0.376,2.380975310031072,2.3809753100310687
JR,q,0.0,0.377,2.3902169042411567,2.3902169042411567
JR,q,0.0,0.378,2.3993741977484113,2.3993741977484144
JR,q,0.0,0.379,2.408451953804654,2.40845195380465
JR,q,0.0,0.38,2.4174566778432514,2.4174566778432554
JR,q,0.0,0.381,2.4263966174791127,2.426396617479107
JR,q,0.0,0.382,2.435281762508696,2.435281762508701
JR,q,0.0,0.383,2.4441199783965333,2.4441199783965373
JR,q,0.0,0.384,2.4529042541230637,2.4529042541230677
JR,q,0.0,0.385,2.4616292062340186,2.4616292062340217
JR,q,0.0,0.386,2.4702915112963724,2.470291511296375
JR,q,0.0,0.387,2.4788895821391996,2.4788895821392027
JR,q,0.0,0.388,2.4874235678536727,2.4874235678536762
JR,q,0.0,0.389,2.49589535379306,2.49589535379306
JR,q,0.0,0.39,2.504308561572732,2.5043085615727363
JR,q,0.0,0.391,2.512668549070155,2.5126685490701557
JR,q,0.0,0.392,2.520982410424896,2.520982410424893
JR,q,0.0,0.393,2.5292589760386193,2.5292589760386193
JR,q,0.0,0.394,2.5375087864176242,2.53750878641762
JR,q,0.0,0.395,2.5457339575166555,2.5457339575166587
JR,q,0.0,0.396,2.5539263518403765,2.5539263518403748
JR,q,0.0,0.397,2.562081505991844,2.562081505991842
JR,q,0.0,0.398,2.570196662870108,2.5701966628701047
JR,q,0.0,0.399,2.5782707716702085,2.5782707716702125
JR,q,0.0,0.4,2.586304487883179,2.586304487883181
JR,q,0.0,0.401,2.594300173296044,2.5943001732960402
JR,q,0.0,0.402,2.6022618959918202,2.6022618959918247
JR,q,0.0,0.403,2.610195430349518,2.610195430349513
JR,q,0.0,0.404,2.6181082570441356,2.618108257044133
JR,q,0.0,0.405,2.6260095630466678,2.6260095630466664
JR,q,0.0,0.406,2.6339095172615496,2.6339095172615448
JR,q,0.0,0.40700000000000003,2.641805370192213,2.6418053701922095
JR,q,0.0,0.40800000000000003,2.6496900687316853,2.649690068731679
JR,q,0.0,0.40900000000000003,2.657559687211334,2.65755968721134
JR,q,0.0,0.41000000000000003,2.665411987948958,2.6654119879489646
JR,q,0.0,0.41100000000000003,2.6732464212487907,2.6732464212487907
JR,q,0.0,0.41200000000000003,2.6810641254015013,2.6810641254014977
JR,q,0.0,0.41300000000000003,2.6888679266841913,2.6888679266841935
JR,q,0.0,0.41400000000000003,2.6966623393603966,2.6966623393603926
JR,q,0.0,0.41500000000000004,2.7044535656800868,2.7044535656800894
JR,q,0.0,0.41600000000000004,2.712249495879665,2.7122494958796635
JR,q,0.0,0.417,2.7200597081819704,2.7200597081819655
JR,q,0.0,0.418,2.7278933342599396,2.727893334259937
JR,q,0.0,0.419,2.7357447683564637,2.735744768356462
JR,q,0.0,0.42,2.7436080732321866,2.743608073232189
JR,q,0.0,0.421,2.7514798102291134,2.7514798102291134
JR,q,0.0,0.422,2.759358256812804,2.7593582568128086
JR,q,0.0,0.423,2.7672434065723626,2.7672434065723643
JR,q,0.0,0.424,2.775136969220448,2.775136969220453
JR,q,0.0,0.425,2.783042370593265,2.7830423705932703
JR,q,0.0,0.426,2.7909647526505696,2.7909647526505723
JR,q,0.0,0.427,2.798910973475667,2.798910973475667
JR,q,0.0,0.428,2.806889607275413,2.8068896072754175
JR,q,0.0,0.429,2.814910944380212,2.814910944380212
JR,q,0.0,0.43,2.8229827842083584,2.822982784208362
JR,q,0.0,0.431,2.831098017886733,2.831098017886739
JR,q,0.0,0.432,2.8392515895687715,2.8392515895687693
JR,q,0.0,0.433,2.8474405539819703,2.8474405539819765
JR,q,0.0,0.434,2.8556637921390093,2.8556637921390116
JR,q,0.0,0.435,2.8639220113377526,2.863922011337757
JR,q,0.0,0.436,2.872217745161249,2.8722177451612456
JR,q,0.0,0.437,2.8805553534777344,2.8805553534777397
JR,q,0.0,0.438,2.888941022440625,2.888941022440628
JR,q,0.0,0.439,2.8973827644885257,2.8973827644885226
JR,q,0.0,0.44,2.9058904183452237,2.905890418345223
JR,q,0.0,0.441,2.914475649019694,2.9144756490196966
JR,q,0.0,0.442,2.923144494545016,2.923144494545018
JR,q,0.0,0.443,2.9318893089882274,2.9318893089882234
JR,q,0.0,0.444,2.9407056698735268,2.9407056698735237
JR,q,0.0,0.445,2.949591240995158,2.949591240995157
JR,q,0.0,0.446,2.95854575671585,2.958545756715858
JR,q,0.0,0.447,2.9675710219668123,2.967571021966817
JR,q,0.0,0.448,2.9766709122477417,2.976670912247749
JR,q,0.0,0.449,2.9858513736268155,2.9858513736268155
JR,q,0.0,0.45,2.995120422740696,2.9951204227406896
JR,q,0.0,0.451,3.0044881467945266,3.0044881467945284
JR,q,0.0,0.452,3.013966703561937,3.0139667035619424
JR,q,0.0,0.453,3.0235701555240544,3.023570155524055
JR,q,0.0,0.454,3.0333018085174466,3.033301808517445
JR,q,0.0,0.455,3.043154294801366,3.04315429480136
JR,q,0.0,0.456,3.0531238189102394,3.053123818910245
JR,q,0.0,0.457,3.0632091027807316,3.0632091027807236
JR,q,0.0,0.458,3.073411385751745,3.0734113857517413
JR,q,0.0,0.459,3.0837344245644163,3.0837344245644163
JR,q,0.0,0.46,3.0941844933621216,3.0941844933621265
JR,q,0.0,0.461,3.1047703836904708,3.1047703836904708
JR,q,0.0,0.462,3.115503404497314,3.1155034044973093
JR,q,0.0,0.463,3.126397382132735,3.1263973821327284
JR,q,0.0,0.464,3.1374686603490543,3.137468660349049
JR,q,0.0,0.465,3.1487342902874675,3.148734290287468
JR,q,0.0,0.466,3.16019322539668,3.1601932253966765
JR,q,0.0,0.467,3.1718391810281337,3.1718391810281337
JR,q,0.0,0.468,3.1836698445970186,3.1836698445970173
JR,q,0.0,0.46900000000000003,3.195686210097102,3.195686210097106
JR,q,0.0,0.47000000000000003,3.2078925781007315,3.2078925781007297
JR,q,0.0,0.47100000000000003,3.220296555758825,3.220296555758825
JR,q,0.0,0.47200000000000003,3.232909056800884,3.2329090568008856
JR,q,0.0,0.47300000000000003,3.2457443015349825,3.2457443015349776
JR,q,0.0,0.47400000000000003,3.2588198168477747,3.2588198168477733
JR,q,0.0,0.47500000000000003,3.272156436204491,3.2721564362044933
JR,q,0.0,0.47600000000000003,3.2857782996489364,3.2857782996489386
JR,q,0.0,0.47700000000000004,3.2997020747824006,3.2997020747823957
JR,q,0.0,0.47800000000000004,3.3139215992301194,3.313921599230123
JR,q,0.0,0.47900000000000004,3.3284337201679994,3.328433720167995
JR,q,0.0,0.48,3.343240023716273,3.343240023716269
JR,q,0.0,0.481,3.358346829716565,3.35834682971656
JR,q,0.0,0.482,3.3737651917318883,3.3737651917318825
JR,q,0.0,0.483,3.389510897046648,3.389510897046648
JR,q,0.0,0.484,3.405604466666639,3.4056044666666416
JR,q,0.0,0.485,3.422071155319046,3.4220711553190473
JR,q,0.0,0.486,3.438940951452445,3.438940951452443
JR,q,0.0,0.487,3.456248577236804,3.456248577236806
JR,q,0.0,0.488,3.4740282643948244,3.4740282643948204
JR,q,0.0,0.489,3.4922829525541816,3.4922829525541856
JR,q,0.0,0.49,3.5110096529881916,3.5110096529881916
JR,q,0.0,0.491,3.530213030839655,3.5302130308396595
JR,q,0.0,0.492,3.5499051866564213,3.5499051866564186
JR,q,0.0,0.493,3.570105656391397,3.570105656391393
JR,q,0.0,0.494,3.590841411402538,3.590841411402545
JR,q,0.0,0.495,3.6121468584528564,3.6121468584528515
JR,q,0.0,0.496,3.634063839710414,3.634063839710409
JR,q,0.0,0.497,3.656641632748327,3.6566416327483307
JR,q,0.0,0.498,3.6799369505447643,3.679936950544761
JR,q,0.0,0.499,3.7040070685657898,3.704007068565788
JR,q,0.0,0.5,3.728865489150985,3.7288654891509805
JR,q,0.0,0.501,3.7545150178296436,3.7545150178296463
JR,q,0.0,0.502,3.780971285173244,3.780971285173241
JR,q,0.0,0.503,3.808262732179172,3.808262732179173
JR,q,0.0,0.504,3.8364306102707157,3.8364306102707206
JR,q,0.0,0.505,3.86552898129707,3.8655289812970737
JR,q,0.0,0.506,3.8956247175333343,3.895624717533337
JR,q,0.0,0.507,3.9267975016805137,3.926797501680521
JR,q,0.0,0.508,3.959139826865517,3.959139826865511
JR,q,0.0,0.509,3.9927569328948227,3.992756932894831
JR,q,0.0,0.51,4.027734189979882,4.02773418997988
JR,q,0.0,0.511,4.064090226260228,4.064090226260234
JR,q,0.0,0.512,4.101853618897355,4.1018536188973505
JR,q,0.0,0.513,4.141076592349665,4.141076592349674
JR,q,0.0,0.514,4.181835018372462,4.181835018372457
JR,q,0.0,0.515,4.224228416017951,4.224228416017939
JR,q,0.0,0.516,4.268379951635244,4.268379951635252
JR,q,0.0,0.517,4.314436438870357,4.314436438870358
JR,q,0.0,0.518,4.362568338666207,4.362568338666209
JR,q,0.0,0.519,4.412969759262617,4.412969759262624
JR,q,0.0,0.52,4.46582068765727,4.465820687657258
JR,q,0.0,0.521,4.521192491709049,4.521192491709043
JR,q,0.0,0.522,4.5791663402449245,4.579166340244914
JR,q,0.0,0.523,4.6398649425700995,4.63986494257011
JR,q,0.0,0.524,4.703452541244838,4.70345254124483
JR,q,0.0,0.525,4.770134912084456,4.770134912084461
JR,q,0.0,0.526,4.8401593641593355,4.840159364159331
JR,q,0.0,0.527,4.913814739794913,4.913814739794918
JR,q,0.0,0.528,4.991431414571682,4.991431414571693
JR,q,0.0,0.529,5.0733737031158705,5.073373703115865
JR,q,0.0,0.53,5.159859444713723,5.159859444713728
JR,q,0.0,0.531,5.2510913685855485,5.2510913685855485
JR,q,0.0,0.532,5.3473337905217235,5.347333790521715
JR,q,0.0,0.533,5.448879710882992,5.4488797108829905
JR,q,0.0,0.534,5.556050814600471,5.5560508146004794
JR,q,0.0,0.535,5.669197471175635,5.66919747117562
JR,q,0.0,0.536,5.788698734680342,5.788698734680339
JR,q,0.0,0.537,5.914962343756806,5.914962343756809
JR,q,0.0,0.538,6.048424721617616,6.04842472161761
JR,q,0.0,0.539,6.189144360176363,6.189144360176365
JR,q,0.0,0.54,6.337161799621389,6.337161799621401
JR,q,0.0,0.541,6.493102776083919,6.49310277608391
JR,q,0.0,0.542,6.657371879031193,6.6573718790311895
JR,q,0.0,0.543,6.830144774328866,6.830144774328875
JR,q,0.0,0.544,7.011368204241022,7.011368204241007
JR,q,0.0,0.545,7.20075998743016,7.20075998743016
JR,q,0.0,0.546,7.397809018957205,7.397809018957216
JR,q,0.0,0.547,7.601775270281503,7.601775270281488
JR,q,0.0,0.548,7.811689789260821,7.811689789260832
JR,q,0.0,0.549,8.026420396573428,8.02642039657345
JR,q,0.0,0.55,8.24505551015708,8.245055510157071
JR,q,0.0,0.551,8.466573744601504,8.466573744601524
JR,q,0.0,0.552,8.68975183177621,8.689751831776219
JR,q,0.0,0.553,8.91317530860638,8.913175308606363
JR,q,0.0,0.554,9.135238517072882,9.135238517072903
JR,q,0.0,0.555,9.354144604212266,9.354144604212253
JR,q,0.0,0.556,9.56790552211676,9.567905522116774
JR,q,0.0,0.557,9.774342027934274,9.774342027934269
JR,q,0.0,0.558,9.971116747078334,9.971116747078328
JR,q,0.0,0.559,10.15668104284357,10.156681042843589
JR,q,0.0,0.56,10.329971474046417,10.3299714740464
JR,q,0.0,0.561,10.489855687575645,10.489855687575647
JR,q,0.0,0.562,10.635239727797423,10.635239727797405
JR,q,0.0,0.5630000000000001,10.765068036555338,10.765068036555352
JR,q,0.0,0.5640000000000001,10.878323453170403,10.878323453170417
JR,q,0.0,0.5650000000000001,10.974027214441023,10.974027214441012
JR,q,0.0,0.5660000000000001,11.051238954643035,11.05123895464304
JR,q,0.0,0.5670000000000001,11.10922506696157,11.109225066961574
JR,q,0.0,0.5680000000000001,11.148001080301368,11.148001080301357
JR,q,0.0,0.5690000000000001,11.167646195251681,11.167646195251688
JR,q,0.0,0.5700000000000001,11.16826430898719,11.168264308987194
JR,q,0.0,0.5710000000000001,11.1499949437545,11.149994943754484
JR,q,0.0,0.5720000000000001,11.113013246872145,11.113013246872143
JR,q,0.0,0.5730000000000001,11.057529990730576,11.057529990730576
JR,q,0.0,0.5740000000000001,10.983791572792173,10.983791572792164
JR,q,0.0,0.5750000000000001,10.892114551546227,10.892114551546227
JR,q,0.0,0.5760000000000001,10.783174059863182,10.783174059863189
JR,q,0.0,0.577,10.657791990502474,10.657791990502467
JR,q,0.0,0.578,10.516781665277591,10.516781665277572
JR,q,0.0,0.579,10.360951682255076,10.360951682255065
JR,q,0.0,0.58,10.191105915754465,10.191105915754491
JR,q,0.0,0.581,10.0080435163483,10.00804351634829
JR,q,0.0,0.582,9.81255891086213,9.812558910862117
JR,q,0.0,0.583,9.605441802374513,9.605441802374488
JR,q,0.0,0.584,9.387621238992674,9.387621238992667
JR,q,0.0,0.585,9.160231749606686,9.160231749606707
JR,q,0.0,0.586,8.924283707802802,8.924283707802822
JR,q,0.0,0.587,8.680808889670397,8.6808088896704
JR,q,0.0,0.588,8.43086291551819,8.43086291551821
JR,q,0.0,0.589,8.175525249874246,8.175525249874234
JR,q,0.0,0.59,7.915899201485958,7.915899201485977
JR,q,0.0,0.591,7.65311192332007,7.653111923320088
JR,q,0.0,0.592,7.38832377797258,7.388323777972574
JR,q,0.0,0.593,7.122824717442736,7.122824717442737
JR,q,0.0,0.594,6.857762304354367,6.857762304354353
JR,q,0.0,0.595,6.594275632430955,6.594275632430945
JR,q,0.0,0.596,6.3335601607847725,6.333560160784782
JR,q,0.0,0.597,6.076867713916904,6.076867713916908
JR,q,0.0,0.598,5.82550648171722,5.825506481717223
JR,q,0.0,0.599,5.580841019464401,5.580841019464401
JR,q,0.0,0.6,5.34429224782593,5.3442922478259325
JR,q,0.0,0.601,5.1171748298162605,5.11717482981625
JR,q,0.0,0.602,4.900464633214089,4.900464633214086
JR,q,0.0,0.603,4.695378375947996,4.695378375947996
JR,q,0.0,0.604,4.503019753735003,4.503019753734991
JR,q,0.0,0.605,4.324356136810138,4.324356136810138
JR,q,0.0,0.606,4.160218569926393,4.160218569926388
JR,q,0.0,0.607,4.011301772354766,4.011301772354771
JR,q,0.0,0.608,3.878164137884248,3.8781641378842537
JR,q,0.0,0.609,3.7612277348218157,3.7612277348218246
JR,q,0.0,0.61,3.6607782893936864,3.6607782893936887
JR,q,0.0,0.611,3.576877037163932,3.5768770371639294
JR,q,0.0,0.612,3.509311530759746,3.5093115307597547
JR,q,0.0,0.613,3.457688510858027,3.4576885108580218
JR,q,0.0,0.614,3.421400755439425,3.4214007554394303
JR,q,0.0,0.615,3.3996270797883454,3.399627079788337
JR,q,0.0,0.616,3.3913275175361406,3.391327517536132
JR,q,0.0,0.617,3.3951802894124867,3.395180289412488
JR,q,0.0,0.618,3.409653341440883,3.4096533414408845
JR,q,0.0,0.619,3.4330689363202147,3.433068936320219
JR,q,0.0,0.62,3.4636022636402792,3.463602263640274
JR,q,0.0,0.621,3.4992808836041256,3.4992808836041203
JR,q,0.0,0.622,3.5378295167247202,3.537829516724722
JR,q,0.0,0.623,3.577291839383154,3.5772918393831588
JR,q,0.0,0.624,3.616037633598804,3.616037633598807
JR,q,0.0,0.625,3.6524881519364314,3.6524881519364367
JR,q,0.0,0.626,3.6851161175061335,3.685116117506139
JR,q,0.0,0.627,3.7124457239633877,3.712445723963393
JR,q,0.0,0.628,3.7330526355090186,3.7330526355090132
JR,q,0.0,0.629,3.7456564868963724,3.7456564868963755
JR,q,0.0,0.63,3.7500765599237447,3.7500765599237416
JR,q,0.0,0.631,3.7467489502748563,3.7467489502748594
JR,q,0.0,0.632,3.7360335616721265,3.7360335616721203
JR,q,0.0,0.633,3.7182041191266606,3.7182041191266553
JR,q,0.0,0.634,3.693448168938234,3.693448168938233
JR,q,0.0,0.635,3.6618670786952805,3.6618670786952885
JR,q,0.0,0.636,3.623726992595497,3.623726992595494
JR,q,0.0,0.637,3.5802259127899383,3.5802259127899405
JR,q,0.0,0.638,3.5324595547113997,3.5324595547114046
JR,q,0.0,0.639,3.481316941063417,3.481316941063422
JR,q,0.0,0.64,3.427492342977903,3.4274923429779074
JR,q,0.0,0.641,3.371485280015131,3.371485280015126
JR,q,0.0,0.642,3.313600520163746,3.3136005201637375
JR,q,0.0,0.643,3.254216847075927,3.2542168470759303
JR,q,0.0,0.644,3.194063827236061,3.194063827236056
JR,q,0.0,0.645,3.1336355059536665,3.1336355059536687
JR,q,0.0,0.646,3.0733175396888157,3.0733175396888113
JR,q,0.0,0.647,3.013389187203602,3.0133891872036043
JR,q,0.0,0.648,2.9540233095621247,2.954023309562126
JR,q,0.0,0.649,2.895286370130494,2.8952863701304956
JR,q,0.0,0.65,2.8371384345768274,2.837138434576824
JR,q,0.0,0.651,2.7795949381014076,2.7795949381014107
JR,q,0.0,0.652,2.7229508500404815,2.722950850040485
JR,q,0.0,0.653,2.6671100319761045,2.6671100319761076
JR,q,0.0,0.654,2.6119835997184584,2.611983599718457
JR,q,0.0,0.655,2.557519982496858,2.5575199824968635
JR,q,0.0,0.656,2.5037049229597574,2.5037049229597628
JR,q,0.0,0.657,2.45056147717475,2.4505614771747464
JR,q,0.0,0.658,2.3981500146285644,2.3981500146285613
JR,q,0.0,0.659,2.3465682182270697,2.346568218227075
JR,q,0.0,0.66,2.2959514370083767,2.2959514370083713
JR,q,0.0,0.661,2.246239669014054,2.2462396690140514
JR,q,0.0,0.662,2.197254888658591,2.197254888658591
JR,q,0.0,0.663,2.1488812481716675,2.1488812481716697
JR,q,0.0,0.664,2.1010666022723807,2.1010666022723767
JR,q,0.0,0.665,2.053822508169267,2.053822508169269
JR,q,0.0,0.666,2.007224225560286,2.007224225560291
JR,q,0.0,0.667,1.9614107166328267,1.9614107166328267
JR,q,0.0,0.668,1.9165846460637095,1.916584646063711
JR,q,0.0,0.669,1.8730123810191817,1.87301238101918
JR,q,0.0,0.67,1.8308800161096777,1.8308800161096792
JR,q,0.0,0.671,1.78997942768164,1.7899794276816388
JR,q,0.0,0.672,1.7502358566277696,1.750235856627768
JR,q,0.0,0.673,1.7116203278185687,1.711620327818566
JR,q,0.0,0.674,1.6741398735816828,1.674139873581681
JR,q,0.0,0.675,1.6378375337019184,1.637837533701915
JR,q,0.0,0.676,1.6027923554212276,1.602792355421229
JR,q,0.0,0.677,1.5691193934387169,1.5691193934387144
JR,q,0.0,0.678,1.5369697099106432,1.5369697099106392
JR,q,0.0,0.679,1.5065287947060728,1.5065287947060713
JR,q,0.0,0.68,1.4778145097285078,1.4778145097285076
JR,q,0.0,0.681,1.45070160414084,1.4507016041408431
JR,q,0.0,0.682,1.4251312527302247,1.4251312527302258
JR,q,0.0,0.683,1.4010669176173867,1.401066917617385
JR,q,0.0,0.684,1.3784943482566403,1.3784943482566396
JR,q,0.0,0.685,1.357421581435874,1.3574215814358734
JR,q,0.0,0.686,1.3378789412765526,1.3378789412765544
JR,q,0.0,0.687,1.319919039233726,1.3199190392337246
JR,q,0.0,0.6880000000000001,1.3036167740960192,1.3036167740960172
JR,q,0.0,0.6890000000000001,1.2890439238215388,1.289043923821538
JR,q,0.0,0.6900000000000001,1.2761005421461764,1.2761005421461784
JR,q,0.0,0.6910000000000001,1.2646840582244367,1.264684058224435
JR,q,0.0,0.6920000000000001,1.2547174228459301,1.2547174228459286
JR,q,0.0,0.6930000000000001,1.2461394342475192,1.2461394342475212
JR,q,0.0,0.6940000000000001,1.2389047381133187,1.2389047381133194
JR,q,0.0,0.6950000000000001,1.2329838275746994,1.2329838275746994
JR,q,0.0,0.6960000000000001,1.2283630432102877,1.22836304321029
JR,q,0.0,0.6970000000000001,1.2250445730459605,1.2250445730459623
JR,q,0.0,0.6980000000000001,1.2230464525548497,1.2230464525548512
JR,q,0.0,0.6990000000000001,1.2223813159694865,1.2223813159694858
JR,q,0.0,0.7000000000000001,1.2229395643850198,1.2229395643850183
JR,q,0.0,0.7010000000000001,1.2246248839514005,1.224624883951403
JR,q,0.0,0.7020000000000001,1.2273590137318484,1.227359013731846
JR,q,0.0,0.7030000000000001,1.2310743816147873,1.2310743816147889
JR,q,0.0,0.704,1.2357141043138533,1.235714104313856
JR,q,0.0,0.705,1.2412319873678888,1.241231987367886
JR,q,0.0,0.706,1.2475925251409432,1.2475925251409448
JR,q,0.0,0.707,1.254770900822276,1.2547709008222787
JR,q,0.0,0.708,1.2627529864263538,1.262752986426352
JR,q,0.0,0.709,1.2715353427928493,1.2715353427928475
JR,q,0.0,0.71,1.2810791478360608,1.2810791478360637
JR,q,0.0,0.711,1.2912899594301113,1.2912899594301133
JR,q,0.0,0.712,1.3021049124422044,1.3021049124422037
JR,q,0.0,0.713,1.3134675547004004,1.3134675547003984
JR,q,0.0,0.714,1.3253277397528436,1.3253277397528473
JR,q,0.0,0.715,1.33764162686776,1.3376416268677618
JR,q,0.0,0.716,1.3503716810334545,1.3503716810334527
JR,q,0.0,0.717,1.3634866729583193,1.3634866729583175
JR,q,0.0,0.718,1.3769616790708241,1.376961679070828
JR,q,0.0,0.719,1.3907780815195219,1.3907780815195248
JR,q,0.0,0.72,1.40492356817305,1.4049235681730474
JR,q,0.0,0.721,1.4193888289270822,1.4193888289270828
JR,q,0.0,0.722,1.4341204944255734,1.4341204944255717
JR,q,0.0,0.723,1.449072152427318,1.4490721524273178
JR,q,0.0,0.724,1.4642097919732642,1.4642097919732633
JR,q,0.0,0.725,1.4795025273412614,1.4795025273412628
JR,q,0.0,0.726,1.4949225980460579,1.4949225980460594
JR,q,0.0,0.727,1.5104453688393011,1.5104453688392996
JR,q,0.0,0.728,1.526049329709536,1.5260493297095363
JR,q,0.0,0.729,1.5417160958822076,1.5417160958822078
JR,q,0.0,0.73,1.5574304078196577,1.5574304078196548
JR,q,0.0,0.731,1.5731801312211302,1.573180131221133
JR,q,0.0,0.732,1.5889562570227662,1.5889562570227695
JR,q,0.0,0.733,1.6047529013976032,1.6047529013976032
JR,q,0.0,0.734,1.620565429855609,1.6205654298556085
JR,q,0.0,0.735,1.6363655765934992,1.6363655765935021
JR,q,0.0,0.736,1.6521316632561351,1.6521316632561394
JR,q,0.0,0.737,1.6678490743823353,1.6678490743823327
JR,q,0.0,0.738,1.6835048084454054,1.6835048084454056
JR,q,0.0,0.739,1.6990874778531393,1.6990874778531404
JR,q,0.0,0.74,1.7145873089478196,1.7145873089478156
JR,q,0.0,0.741,1.7299961420062204,1.7299961420062209
JR,q,0.0,0.742,1.7453074312395995,1.7453074312396013
JR,q,0.0,0.743,1.760516244793708,1.7605162447937064
JR,q,0.0,0.744,1.775619264748784,1.7756192647487876
JR,q,0.0,0.745,1.7906147871195528,1.7906147871195517
JR,q,0.0,0.746,1.80550272185523,1.8055027218552278
JR,q,0.0,0.747,1.8202845928395215,1.820284592839525
JR,q,0.0,0.748,1.8349592926371239,1.8349592926371274
JR,q,0.0,0.749,1.8495105076249452,1.8495105076249467
JR,q,0.0,0.75,1.863931706430011,1.8639317064300094
JR,q,0.0,0.751,1.8782187474800272,1.878218747480027
JR,q,0.0,0.752,1.8923685797039784,1.8923685797039769
JR,q,0.0,0.753,1.9063792425321227,1.9063792425321247
JR,q,0.0,0.754,1.9202498658959937,1.9202498658959914
JR,q,0.0,0.755,1.9339806702284008,1.9339806702284053
JR,q,0.0,0.756,1.9475729664634294,1.9475729664634311
JR,q,0.0,0.757,1.9610291560364406,1.9610291560364388
JR,q,0.0,0.758,1.974352730884069,1.974352730884071
JR,q,0.0,0.759,1.9875468306825343,1.9875468306825328
JR,q,0.0,0.76,2.000608049940085,2.000608049940089
JR,q,0.0,0.761,2.0135329398129906,2.01353293981299
JR,q,0.0,0.762,2.026319345749261,2.0263193457492634
JR,q,0.0,0.763,2.0389662942684743,2.038966294268476
JR,q,0.0,0.764,2.051473992961785,2.051473992961782
JR,q,0.0,0.765,2.063843830491917,2.0638438304919187
JR,q,0.0,0.766,2.07607837659317,2.0760783765931676
JR,q,0.0,0.767,2.088181382071412,2.088181382071412
JR,q,0.0,0.768,2.1001577788040873,2.1001577788040886
JR,q,0.0,0.769,2.1120136797402105,2.1120136797402136
JR,q,0.0,0.77,2.1237548841683855,2.1237548841683895
JR,q,0.0,0.771,2.1353791048178885,2.1353791048178925
JR,q,0.0,0.772,2.1468821082513103,2.1468821082513063
JR,q,0.0,0.773,2.1582611990502145,2.15826119905021
JR,q,0.0,0.774,2.1695152147040706,2.1695152147040693
JR,q,0.0,0.775,2.1806445256102522,2.1806445256102553
JR,q,0.0,0.776,2.191651035074038,2.191651035074043
JR,q,0.0,0.777,2.202538179308611,2.202538179308616
JR,q,0.0,0.778,2.2133109274350593,2.2133109274350597
JR,q,0.0,0.779,2.2239757814823737,2.2239757814823786
JR,q,0.0,0.78,2.234540776387451,2.2345407763874543
JR,q,0.0,0.781,2.2450152895681965,2.2450152895681934
JR,q,0.0,0.782,2.255400034342508,2.255400034342506
JR,q,0.0,0.783,2.265688507100352,2.2656885071003505
JR,q,0.0,0.784,2.2758767825524036,2.275876782552408
JR,q,0.0,0.785,2.2859626154802997,2.2859626154802943
JR,q,0.0,0.786,2.2959454407366353,2.2959454407366326
JR,q,0.0,0.787,2.3058263732449698,2.3058263732449693
JR,q,0.0,0.788,2.3156082079998193,2.315608207999816
JR,q,0.0,0.789,2.3252954200666647,2.32529542006666
JR,q,0.0,0.79,2.3348941645819434,2.3348941645819474
JR,q,0.0,0.791,2.344412276753057,2.3444122767530535
JR,q,0.0,0.792,2.353859271858367,2.353859271858368
JR,q,0.0,0.793,2.3632436170964195,2.3632436170964235
JR,q,0.0,0.794,2.3725592386325065,2.372559238632505
JR,q,0.0,0.795,2.3818005661575534,2.3818005661575516
JR,q,0.0,0.796,2.3909642636910413,2.3909642636910444
JR,q,0.0,0.797,2.400048691454088,2.400048691454088
JR,q,0.0,0.798,2.4090539058694524,2.4090539058694556
JR,q,0.0,0.799,2.4179816595615327,2.417981659561527
JR,q,0.0,0.8,2.4268354013563678,2.4268354013563638
JR,q,0.0,0.801,2.4356202762816332,2.4356202762816377
JR,q,0.0,0.802,2.4443431255666472,2.4443431255666535
JR,q,0.0,0.803,2.4530124866423657,2.4530124866423653
JR,q,0.0,0.804,2.4616385867485353,2.4616385867485353
JR,q,0.0,0.805,2.470224303637525,2.4702243036375298
JR,q,0.0,0.806,2.4787617360779266,2.4787617360779275
JR,q,0.0,0.807,2.4872464138542782,2.487246413854279
JR,q,0.0,0.808,2.495675555478857,2.495675555478862
JR,q,0.0,0.809,2.50404806819168,2.5040480681916795
JR,q,0.0,0.81,2.512364547960508,2.5123645479605106
JR,q,0.0,0.811,2.520627279480842,2.5206272794808395
JR,q,0.0,0.812,2.528840236175926,2.5288402361759315
JR,q,0.0,0.8130000000000001,2.5370090801967433,2.5370090801967478
JR,q,0.0,0.8140000000000001,2.5451411624220204,2.5451411624220253
JR,q,0.0,0.8150000000000001,2.5532455224582242,2.553245522458219
JR,q,0.0,0.8160000000000001,2.561332165409453,2.561332165409453
JR,q,0.0,0.8170000000000001,2.5693983840201975,2.5693983840201953
JR,q,0.0,0.8180000000000001,2.577437181537432,2.577437181537426
JR,q,0.0,0.8190000000000001,2.585444602044783,2.5854446020447863
JR,q,0.0,0.8200000000000001,2.5934183580167423,2.5934183580167463
JR,q,0.0,0.8210000000000001,2.6013578303186686,2.6013578303186704
JR,q,0.0,0.8220000000000001,2.609264068206788,2.6092640682067856
JR,q,0.0,0.8230000000000001,2.6171397893281907,2.6171397893281845
JR,q,0.0,0.8240000000000001,2.6249893797208355,2.624989379720832
JR,q,0.0,0.8250000000000001,2.632818893813545,2.6328188938135475
JR,q,0.0,0.8260000000000001,2.640636054426009,2.6406360544260106
JR,q,0.0,0.8270000000000001,2.648450252768785,2.6484502527687828
JR,q,0.0,0.8280000000000001,2.6562702756172247,2.6562702756172287
JR,q,0.0,0.8290000000000001,2.664090206419469,2.6640902064194716
JR,q,0.0,0.8300000000000001,2.6719041470981018,2.671904147098102
JR,q,0.0,0.8310000000000001,2.67970860870589,2.679708608705886
JR,q,0.0,0.8320000000000001,2.687501768284725,2.6875017682847275
JR,q,0.0,0.833,2.695283468865623,2.695283468865625
JR,q,0.0,0.834,2.7030552194687316,2.70305521946873
JR,q,0.0,0.835,2.7108201951033206,2.7108201951033175
JR,q,0.0,0.836,2.7185832367677873,2.718583236767787
JR,q,0.0,0.837,2.726350851449657,2.726350851449659
JR,q,0.0,0.838,2.7341312121255794,2.734131212125584
JR,q,0.0,0.839,2.741934157761332,2.741934157761333
JR,q,0.0,0.84,2.749766857534412,2.749766857534413
JR,q,0.0,0.841,2.7576219097795973,2.7576219097795978
JR,q,0.0,0.842,2.765494291763883,2.7654942917638805
JR,q,0.0,0.843,2.7733809660784825,2.773380966078486
JR,q,0.0,0.844,2.781280609081685,2.781280609081684
JR,q,0.0,0.845,2.789193610898853,2.7891936108988507
JR,q,0.0,0.846,2.797122075422425,2.7971220754224277
JR,q,0.0,0.847,2.805069820311913,2.805069820311908
JR,q,0.0,0.848,2.813042376993905,2.8130423769939052
JR,q,0.0,0.849,2.821046990662061,2.8210469906620634
JR,q,0.0,0.85,2.8290926202771205,2.8290926202771196
JR,q,0.0,0.851,2.8371899385668926,2.8371899385668935
JR,q,0.0,0.852,2.8453442096430104,2.8453442096430104
JR,q,0.0,0.853,2.85354766548489,2.8535476654848875
JR,q,0.0,0.854,2.8617958793044815,2.861795879304484
JR,q,0.0,0.855,2.8700863000881385,2.8700863000881345
JR,q,0.0,0.856,2.878418230795866,2.878418230795864
JR,q,0.0,0.857,2.8867928283613127,2.88679282836131
JR,q,0.0,0.858,2.89521310369178,2.8952131036917823
JR,q,0.0,0.859,2.903683921668215,2.903683921668213
JR,q,0.0,0.86,2.912212001145213,2.912212001145212
JR,q,0.0,0.861,2.920805914951019,2.920805914951018
JR,q,0.0,0.862,2.929476089887525,2.929476089887524
JR,q,0.0,0.863,2.9382347264832704,2.938234726483269
JR,q,0.0,0.864,2.9470847614128655,2.9470847614128632
JR,q,0.0,0.865,2.9560187737649892,2.9560187737649866
JR,q,0.0,0.866,2.9650327537411942,2.9650327537411894
JR,q,0.0,0.867,2.974124828876564,2.9741248288765636
JR,q,0.0,0.868,2.9832952640397123,2.983295264039719
JR,q,0.0,0.869,2.9925464614327844,2.9925464614327852
JR,q,0.0,0.87,3.001882960591458,3.001882960591451
JR,q,0.0,0.871,3.0113114383849386,3.011311438384945
JR,q,0.0,0.872,3.0208407090159666,3.0208407090159652
JR,q,0.0,0.873,3.0304817240208095,3.0304817240208086
JR,q,0.0,0.874,3.040247572269268,3.040247572269266
JR,q,0.0,0.875,3.0501526557363197,3.0501526557363245
JR,q,0.0,0.876,3.0601969770025716,3.0601969770025716
JR,q,0.0,0.877,3.0703737285204524,3.0703737285204515
JR,q,0.0,0.878,3.080679671019223,3.0806796710192206
JR,q,0.0,0.879,3.0911142091946977,3.0911142091946995
JR,q,0.0,0.88,3.1016793917092556,3.1016793917092578
JR,q,0.0,0.881,3.112379911191829,3.1123799111918293
JR,q,0.0,0.882,3.123223104237911,3.123223104237917
JR,q,0.0,0.883,3.1342189514095526,3.1342189514095544
JR,q,0.0,0.884,3.1453800772353624,3.1453800772353593
JR,q,0.0,0.885,3.15672175021051,3.1567217502105165
JR,q,0.0,0.886,3.1682618827967213,3.168261882796723
JR,q,0.0,0.887,3.180016752196096,3.1800167521960874
JR,q,0.0,0.888,3.191982023255409,3.191982023255412
JR,q,0.0,0.889,3.2041525028254356,3.2041525028254285
JR,q,0.0,0.89,3.216526861899472,3.2165268618994687
JR,q,0.0,0.891,3.2291073103734362,3.229107310373428
JR,q,0.0,0.892,3.241899597045867,3.2418995970458626
JR,q,0.0,0.893,3.2549130096179253,3.254913009617929
JR,q,0.0,0.894,3.2681603746933923,3.2681603746933883
JR,q,0.0,0.895,3.281658057778673,3.2816580577786736
JR,q,0.0,0.896,3.295425963282793,3.295425963282793
JR,q,0.0,0.897,3.3094875345173973,3.309487534517398
JR,q,0.0,0.898,3.323869437576065,3.323869437576071
JR,q,0.0,0.899,3.3385829882778335,3.338582988277835
JR,q,0.0,0.9,3.3536216918864423,3.3536216918864388
JR,q,0.0,0.901,3.3689840401115405,3.3689840401115343
JR,q,0.0,0.902,3.3846736943939493,3.3846736943939435
JR,q,0.0,0.903,3.400699485905669,3.4006994859056676
JR,q,0.0,0.904,3.4170754155498697,3.4170754155498657
JR,q,0.0,0.905,3.4338206539609004,3.433820653960899
JR,q,0.0,0.906,3.4509595415042846,3.450959541504288
JR,q,0.0,0.907,3.4685215882767193,3.4685215882767175
JR,q,0.0,0.908,3.4865414741060774,3.486541474106084
JR,q,0.0,0.909,3.505059048551406,3.5050590485514035
JR,q,0.0,0.91,3.5241050263003393,3.524105026300335
JR,q,0.0,0.911,3.5436769261475245,3.5436769261475183
JR,q,0.0,0.912,3.5637752323983602,3.5637752323983665
JR,q,0.0,0.913,3.5844087199337067,3.5844087199337142
JR,q,0.0,0.914,3.6055944535419386,3.605594453541931
JR,q,0.0,0.915,3.627357787918952,3.6273577879189447
JR,q,0.0,0.916,3.649732367668158,3.6497323676681543
JR,q,0.0,0.917,3.672760127300487,3.672760127300482
JR,q,0.0,0.918,3.6964912912343872,3.696491291234391
JR,q,0.0,0.919,3.7209843737958255,3.720984373795828
JR,q,0.0,0.92,3.7463061397670208,3.7463061397670163
JR,q,0.0,0.921,3.7725080309336017,3.7725080309335977
JR,q,0.0,0.922,3.7995944806354673,3.7995944806354642
JR,q,0.0,0.923,3.8275760134239256,3.827576013423932
JR,q,0.0,0.924,3.8564777023870027,3.856477702386998
JR,q,0.0,0.925,3.886339169149444,3.8863391691494384
JR,q,0.0,0.926,3.9172145838727115,3.9172145838727075
JR,q,0.0,0.927,3.9491726652549857,3.94917266525499
JR,q,0.0,0.928,3.9822966805311646,3.982296680531174
JR,q,0.0,0.929,4.0166844454728645,4.0166844454728725
JR,q,0.0,0.93,4.052448324388418,4.052448324388421
JR,q,0.0,0.931,4.0897095434432735,4.089709543443278
JR,q,0.0,0.932,4.128526040219419,4.1285260402194135
JR,q,0.0,0.933,4.168921408409645,4.168921408409635
JR,q,0.0,0.934,4.21094490310469,4.21094490310469
JR,q,0.0,0.935,4.2546727919982175,4.254672791998229
JR,q,0.0,0.936,4.300208355386814,4.300208355386814
JR,q,0.0,0.937,4.347681886169995,4.347681886169995
JR,q,0.0,0.9380000000000001,4.39725068985019,4.3972506898501855
JR,q,0.0,0.9390000000000001,4.449099084532765,4.44909908453276
JR,q,0.0,0.9400000000000001,4.503438400926003,4.503438400926013
JR,q,0.0,0.9410000000000001,4.5604973983695345,4.5604973983695345
JR,q,0.0,0.9420000000000001,4.620406482005593,4.620406482005593
JR,q,0.0,0.9430000000000001,4.683251497373909,4.683251497373916
JR,q,0.0,0.9440000000000001,4.749162137742685,4.749162137742689
JR,q,0.0,0.9450000000000001,4.8183129264228395,4.818312926422835
JR,q,0.0,0.9460000000000001,4.890923216768007,4.890923216767999
JR,q,0.0,0.9470000000000001,4.967257192174534,4.96725719217454
JR,q,0.0,0.9480000000000001,5.047623866081482,5.047623866081491
JR,q,0.0,0.9490000000000001,5.132377081970628,5.1323770819706205
JR,q,0.0,0.9500000000000001,5.221915513366466,5.221915513366468
JR,q,0.0,0.9510000000000001,5.316536833977997,5.316536833977991
JR,q,0.0,0.9520000000000001,5.416431310915185,5.416431310915185
JR,q,0.0,0.9530000000000001,5.521920604809751,5.521920604809751
JR,q,0.0,0.9540000000000001,5.633331897548061,5.633331897548046
JR,q,0.0,0.9550000000000001,5.750997394644992,5.7509973946449815
JR,q,0.0,0.9560000000000001,5.875254325243945,5.875254325243946
JR,q,0.0,0.9570000000000001,6.006444942116833,6.006444942116832
JR,q,0.0,0.9580000000000001,6.144916521664089,6.144916521664081
JR,q,0.0,0.9590000000000001,6.2910213639146635,6.291021363914649
JR,q,0.0,0.96,6.445004857476899,6.445004857476886
JR,q,0.0,0.961,6.606729731534431,6.606729731534424
JR,q,0.0,0.962,6.776543056471989,6.776543056471985
JR,q,0.0,0.963,6.954637143654521,6.954637143654512
JR,q,0.0,0.964,7.1409544013467405,7.14095440134675
JR,q,0.0,0.965,7.33518733471312,7.335187334713131
JR,q,0.0,0.966,7.536778545817896,7.5367785458179135
JR,q,0.0,0.967,7.744920733625062,7.744920733625046
JR,q,0.0,0.968,7.958556693998375,7.9585566939983865
JR,q,0.0,0.969,8.176425700506758,8.176425700506769
JR,q,0.0,0.97,8.397393524233241,8.397393524233253
JR,q,0.0,0.971,8.620276121715065,8.620276121715053
JR,q,0.0,0.972,8.843720013702367,8.843720013702379
JR,q,0.0,0.973,9.066205783068897,9.066205783068888
JR,q,0.0,0.974,9.286048074812033,9.286048074812022
JR,q,0.0,0.975,9.501395596052777,9.501395596052792
JR,q,0.0,0.976,9.710231116035747,9.710231116035745
JR,q,0.0,0.977,9.910371466129188,9.91037146612917
JR,q,0.0,0.978,10.099697270259586,10.099697270259611
JR,q,0.0,0.979,10.277004230826599,10.277004230826604
JR,q,0.0,0.98,10.441187120446607,10.441187120446584
JR,q,0.0,0.981,10.591166018454881,10.59116601845486
JR,q,0.0,0.982,10.725900606258335,10.725900606258365
JR,q,0.0,0.983,10.844390167335503,10.844390167335508
JR,q,0.0,0.984,10.945673587236556,10.945673587236568
JR,q,0.0,0.985,11.02882935358329,11.028829353583303
JR,q,0.0,0.986,11.092983864934311,11.09298386493432
JR,q,0.0,0.987,11.137799634465878,11.137799634465866
JR,q,0.0,0.988,11.163407056862583,11.163407056862605
JR,q,0.0,0.989,11.169920077010845,11.169920077010836
JR,q,0.0,0.99,11.15748690391813,11.157486903918118
JR,q,0.0,0.991,11.126290010712937,11.126290010712948
JR,q,0.0,0.992,11.076546134644822,11.076546134644808
JR,q,0.0,0.993,11.00850627708436,11.008506277084367
JR,q,0.0,0.994,10.92245572747124,10.922455727471263
JR,q,0.0,0.995,10.818860350215642,10.818860350215655
JR,q,0.0,0.996,10.698528956700411,10.698528956700418
JR,q,0.0,0.997,10.562290122561075,10.562290122561079
JR,q,0.0,0.998,10.41096718080165,10.410967180801661
JR,q,0.0,0.999,10.245378221794649,10.245378221794658
JR,q,0.0,1.0,10.066336093281066,10.066336093281054
JR,q,0.0,1.0010000000000001,9.874648400370381,9.87464840037037
JR,q,0.0,1.002,9.671117505540634,9.67111750554065
JR,q,0.0,1.0030000000000001,9.45655621114159,9.456556211141583
JR,q,0.0,1.004,9.232056506828998,9.232056506829023
JR,q,0.0,1.0050000000000001,8.998682264138283,8.998682264138298
JR,q,0.0,1.006,8.757453724395612,8.75745372439562
JR,q,0.0,1.0070000000000001,8.509416922630512,8.50941692263052
JR,q,0.0,1.008,8.255643687576299,8.255643687576287
JR,q,0.0,1.0090000000000001,7.997231641669654,7.997231641669637
JR,q,0.0,1.01,7.735304201051051,7.7353042010510435
JR,q,0.0,1.0110000000000001,7.471010575564309,7.471010575564301
JR,q,0.0,1.012,7.2055661025278095,7.2055661025278015
JR,q,0.0,1.0130000000000001,6.9402449493050895,6.9402449493051
JR,q,0.0,1.014,6.676171549949029,6.676171549949015
JR,q,0.0,1.0150000000000001,6.41451081640159,6.414510816401605
JR,q,0.0,1.016,6.15648162241793,6.156481622417923
JR,q,0.0,1.0170000000000001,5.903356803565938,5.903356803565933
JR,q,0.0,1.018,5.656463157226684,5.656463157226693
JR,q,0.0,1.0190000000000001,5.417181442593975,5.417181442593975
JR,q,0.0,1.02,5.1869462705283365,5.186946270528328
JR,q,0.0,1.0210000000000001,4.966896852400723,4.966896852400733
JR,q,0.0,1.022,4.758062273438043,4.758062273438043
JR,q,0.0,1.0230000000000001,4.5616111617011335,4.561611161701136
JR,q,0.0,1.024,4.3785695247796,4.378569524779606
JR,q,0.0,1.025,4.209820749791454,4.209820749791448
JR,q,0.0,1.026,4.056105603383315,4.056105603383326
JR,q,0.0,1.027,3.918022231730454,3.9180222317304483
JR,q,0.0,1.028,3.796026160536581,3.796026160536584
JR,q,0.0,1.029,3.6904302950340977,3.690430295034103
JR,q,0.0,1.03,3.601391283712644,3.601391283712644
JR,q,0.0,1.031,3.5287797836440262,3.528779783644035
JR,q,0.0,1.032,3.4722548240331754,3.47225482403318
JR,q,0.0,1.033,3.4312724990864254,3.4312724990864267
JR,q,0.0,1.034,3.4050758101869256,3.4050758101869287
JR,q,0.0,1.035,3.3926946658947017,3.3926946658947004
JR,q,0.0,1.036,3.392920637890306,3.3929206378903114
JR,q,0.0,1.037,3.4042627019582525,3.404262701958258
JR,q,0.0,1.038,3.4250780640461365,3.425078064046142
JR,q,0.0,1.039,3.4535892811958355,3.4535892811958324
JR,q,0.0,1.04,3.487883754848248,3.4878837548482498
JR,q,0.0,1.041,3.525878839047447,3.525878839047442
JR,q,0.0,1.042,3.5652390936378424,3.5652390936378424
JR,q,0.0,1.043,3.6042658727383454,3.6042658727383428
JR,q,0.0,1.044,3.641443783888281,3.6414437838882865
JR,q,0.0,1.045,3.6753055544548303,3.6753055544548356
JR,q,0.0,1.046,3.7044320316331003,3.704432031633095
JR,q,0.0,1.047,3.7274521824460614,3.7274521824460667
JR,q,0.0,1.048,3.743043093744607,3.743043093744612
JR,q,0.0,1.049,3.750204261362409,3.750204261362403
JR,q,0.0,1.05,3.7491918954267938,3.7491918954268
JR,q,0.0,1.051,3.7405336520925303,3.7405336520925334
JR,q,0.0,1.052,3.724661028745267,3.72466102874527
JR,q,0.0,1.053,3.701909429998688,3.701909429998692
JR,q,0.0,1.054,3.6725181676944665,3.6725181676944727
JR,q,0.0,1.055,3.6366305991890275,3.636630599189023
JR,q,0.0,1.056,3.594776412268521,3.594776412268517
JR,q,0.0,1.057,3.548194178192338,3.5481941781923347
JR,q,0.0,1.058,3.497905992416907,3.4979059924169125
JR,q,0.0,1.059,3.4447378541529687,3.4447378541529674
JR,q,0.0,1.06,3.3893196663655125,3.3893196663655094
JR,q,0.0,1.061,3.3320852357738495,3.332085235773848
JR,q,0.0,1.062,3.2732750479804036,3.273275047980405
JR,q,0.0,1.063,3.2133647072557174,3.2133647072557205
JR,q,0.0,1.064,3.152994358035908,3.152994358035908
JR,q,0.0,1.065,3.092581521373983,3.0925815213739782
JR,q,0.0,1.066,3.032449104512043,3.032449104512045
JR,q,0.0,1.067,2.972825400881387,2.97282540088139
JR,q,0.0,1.068,2.9138440901023994,2.913844090102397
JR,q,0.0,1.069,2.8555442379846667,2.8555442379846694
JR,q,0.0,1.07,2.797870296526863,2.7978702965268663
JR,q,0.0,1.071,2.7408954845282185,2.740895484528215
JR,q,0.0,1.072,2.684836777286783,2.6848367772867876
JR,q,0.0,1.073,2.629564724466899,2.629564724466895
JR,q,0.0,1.074,2.574984225611024,2.5749842256110202
JR,q,0.0,1.075,2.521042250174389,2.521042250174389
JR,q,0.0,1.076,2.467727837524917,2.4677278375249116
JR,q,0.0,1.077,2.4150720969432964,2.4150720969432995
JR,q,0.0,1.078,2.363148207622915,2.3631482076229138
JR,q,0.0,1.079,2.312071418669923,2.312071418669918
JR,q,0.0,1.08,2.2619767764480034,2.2619767764480008
JR,q,0.0,1.081,2.212774381847849,2.2127743818478502
JR,q,0.0,1.082,2.164298650641408,2.1642986506414057
JR,q,0.0,1.083,2.116445828425908,2.116445828425904
JR,q,0.0,1.084,2.0691742788294505,2.0691742788294505
JR,q,0.0,1.085,2.022504483511103,2.022504483511105
JR,q,0.0,1.086,1.976519042160806,1.9765190421608083
JR,q,0.0,1.087,1.931362672499466,1.9313626724994628
JR,q,0.0,1.088,1.8872422102788615,1.8872422102788584
JR,q,0.0,1.089,1.8444266092817347,1.8444266092817336
JR,q,0.0,1.09,1.8030714924894955,1.803071492489494
JR,q,0.0,1.091,1.7629684821289633,1.762968482128966
JR,q,0.0,1.092,1.724052809737712,1.7240528097377135
JR,q,0.0,1.093,1.6862992587385914,1.6862992587385888
JR,q,0.0,1.094,1.6497173549415933,1.6497173549415975
JR,q,0.0,1.095,1.614351366543909,1.614351366543909
JR,q,0.0,1.096,1.5802803041298734,1.5802803041298719
JR,q,0.0,1.097,1.5476179206710219,1.547617920671021
JR,q,0.0,1.098,1.5165127115260306,1.5165127115260304
JR,q,0.0,1.099,1.487142847123736,1.4871428471237371
JR,q,0.0,1.1,1.4594956746103493,1.4594956746103493
JR,q,0.0,1.101,1.4334542308160705,1.4334542308160687
JR,q,0.0,1.102,1.4089598724592873,1.408959872459289
JR,q,0.0,1.103,1.385975736727528,1.3859757367275287
JR,q,0.0,1.104,1.3644867412774193,1.3644867412774186
JR,q,0.0,1.105,1.3444995842347156,1.3444995842347138
JR,q,0.0,1.106,1.3260427441942788,1.326042744194281
JR,q,0.0,1.107,1.3091664802200969,1.3091664802200984
JR,q,0.0,1.108,1.2939428318452606,1.2939428318452582
JR,q,0.0,1.109,1.2804319245199371,1.2804319245199343
JR,q,0.0,1.11,1.2685230405942347,1.268523040594233
JR,q,0.0,1.111,1.25811701563571,1.258117015635708
JR,q,0.0,1.112,1.2491371234303106,1.2491371234303126
JR,q,0.0,1.113,1.241522141680039,1.2415221416800373
JR,q,0.0,1.114,1.2352263520029378,1.2352263520029394
JR,q,0.0,1.115,1.2302195399331017,1.2302195399331024
JR,q,0.0,1.116,1.226486994920668,1.226486994920666
JR,q,0.0,1.117,1.2240295103318202,1.2240295103318184
JR,q,0.0,1.118,1.2228633834487912,1.2228633834487932
JR,q,0.0,1.119,1.222995740310716,1.2229957403107183
JR,q,0.0,1.12,1.2243141379282312,1.2243141379282318
JR,q,0.0,1.121,1.226725178054875,1.2267251780548767
JR,q,0.0,1.122,1.2301518380183465,1.2301518380183447
JR,q,0.0,1.123,1.23452748449116,1.2345274844911633
JR,q,0.0,1.124,1.2397958734906567,1.23979587349066
JR,q,0.0,1.125,1.2459111503789932,1.2459111503789906
JR,q,0.0,1.1260000000000001,1.252837849863151,1.2528378498631525
JR,q,0.0,1.127,1.2605508959949274,1.2605508959949256
JR,q,0.0,1.1280000000000001,1.2690356021709492,1.2690356021709475
JR,q,0.0,1.129,1.2782876711326523,1.2782876711326556
JR,q,0.0,1.1300000000000001,1.2882688095847223,1.2882688095847217
JR,q,0.0,1.131,1.298886628517356,1.2988866285173544
JR,q,0.0,1.1320000000000001,1.3100799394020894,1.310079939402088
JR,q,0.0,1.133,1.3217937450071613,1.3217937450071597
JR,q,0.0,1.1340000000000001,1.333979115332304,1.3339791153323017
JR,q,0.0,1.135,1.3465931876087263,1.3465931876087291
JR,q,0.0,1.1360000000000001,1.3595991662991294,1.3595991662991305
JR,q,0.0,1.137,1.372966323097689,1.3729663230976872
JR,q,0.0,1.1380000000000001,1.3866699969300713,1.3866699969300695
JR,q,0.0,1.139,1.4006915939534208,1.4006915939534215
JR,q,0.0,1.1400000000000001,1.415018587556374,1.4150185875563748
JR,q,0.0,1.141,1.4296426586758866,1.4296426586758866
JR,q,0.0,1.1420000000000001,1.4445154092393269,1.4445154092393286
JR,q,0.0,1.143,1.4595900186413475,1.4595900186413475
JR,q,0.0,1.1440000000000001,1.474833752243896,1.4748337522438977
JR,q,0.0,1.145,1.4902168540489873,1.4902168540489842
JR,q,0.0,1.1460000000000001,1.505712546698735,1.5057125466987324
JR,q,0.0,1.147,1.5212970314753216,1.5212970314753227
JR,q,0.0,1.1480000000000001,1.536949488301028,1.5369494883010282
JR,q,0.0,1.149,1.5526520757382056,1.5526520757382056
JR,q,0.0,1.1500000000000001,1.568389930989302,1.5683899309893001
JR,q,0.0,1.151,1.5841511698968356,1.584151169896839
JR,q,0.0,1.1520000000000001,1.5999268869434227,1.599926886943422
JR,q,0.0,1.153,1.615711155251749,1.6157111552517471
JR,q,0.0,1.154,1.6315005823748527,1.6315005823748543
JR,q,0.0,1.155,1.6472723616919067,1.647272361691905
JR,q,0.0,1.156,1.6630029271549418,1.6630029271549376
JR,q,0.0,1.157,1.67867813577329,1.6786781357732903
JR,q,0.0,1.158,1.694285430280094,1.694285430280095
JR,q,0.0,1.159,1.7098138391323374,1.709813839132334
JR,q,0.0,1.16,1.725253976510818,1.7252539765108197
JR,q,0.0,1.161,1.7405980423201695,1.7405980423201681
JR,q,0.0,1.162,1.7558398221888423,1.7558398221888447
JR,q,0.0,1.163,1.7709746874691241,1.770974687469125
JR,q,0.0,1.164,1.7859995952371168,1.7859995952371153
JR,q,0.0,1.165,1.800913088292762,1.80091308829276
JR,q,0.0,1.166,1.8157152951598121,1.8157152951598077
JR,q,0.0,1.167,1.830407930085863,1.8304079300858667
JR,q,0.0,1.168,1.844992246043395,1.844992246043396
JR,q,0.0,1.169,1.8594534276558297,1.8594534276558337
JR,q,0.0,1.17,1.873783514182982,1.8737835141829775
JR,q,0.0,1.171,1.8879783612737189,1.887978361273722
JR,q,0.0,1.172,1.9020349372262197,1.9020349372262237
JR,q,0.0,1.173,1.9159513229879992,1.9159513229880005
JR,q,0.0,1.174,1.9297267121558845,1.9297267121558834
JR,q,0.0,1.175,1.9433614109760362,1.943361410976033
JR,q,0.0,1.176,1.95685683834393,1.9568568383439264
JR,q,0.0,1.177,1.970215525804373,1.9702155258043756
JR,q,0.0,1.178,1.9834411175514886,1.983441117551486
JR,q,0.0,1.179,1.9965377483088997,1.9965377483088975
JR,q,0.0,1.18,2.009503309459177,2.009503309459177
JR,q,0.0,1.181,2.0223339161641376,2.022333916164141
JR,q,0.0,1.182,2.0350271551768717,2.0350271551768695
JR,q,0.0,1.183,2.047581822292359,2.0475818222923583
JR,q,0.0,1.184,2.059997922347439,2.0599979223474367
JR,q,0.0,1.185,2.0722766692208396,2.072276669220835
JR,q,0.0,1.186,2.0844204858331508,2.084420485833155
JR,q,0.0,1.187,2.0964330041468457,2.0964330041468404
JR,q,0.0,1.188,2.1083190651662664,2.108319065166263
JR,q,0.0,1.189,2.120084718937634,2.120084718937639
JR,q,0.0,1.19,2.1317366728571083,2.131736672857104
JR,q,0.0,1.191,2.1432747091364366,2.1432747091364406
JR,q,0.0,1.192,2.154694245994244,2.154694245994248
JR,q,0.0,1.193,2.1659921674855194,2.1659921674855145
JR,q,0.0,1.194,2.1771669048183737,2.1771669048183706
JR,q,0.0,1.195,2.1882184363540627,2.1882184363540573
JR,q,0.0,1.196,2.1991482876069646,2.1991482876069615
JR,q,0.0,1.197,2.2099595312446008,2.209959531244605
JR,q,0.0,1.198,2.220656787087617,2.2206567870876195
JR,q,0.0,1.199,2.2312462221097995,2.2312462221098026
JR,q,0.0,1.2,2.241735550438062,2.2417355504380585
JR,q,0.0,1.201,2.252134033352459,2.2521340333524615
JR,q,0.0,1.202,2.2624463696698935,2.262446369669896
JR,q,0.0,1.203,2.272665761100712,2.2726657611007117
JR,q,0.0,1.204,2.282787807655383,2.282787807655382
JR,q,0.0,1.205,2.2928098059192354,2.292809805919234
JR,q,0.0,1.206,2.3027307375005677,2.3027307375005615
JR,q,0.0,1.207,2.3125512690306587,2.3125512690306556
JR,q,0.0,1.208,2.3222737521637504,2.322273752163746
JR,q,0.0,1.209,2.3319022235770714,2.331902223577068
JR,q,0.0,1.21,2.341442404970812,2.3414424049708145
JR,q,0.0,1.211,2.350901703068144,2.3509017030681396
JR,q,0.0,1.212,2.360289209615209,2.3602892096152117
JR,q,0.0,1.213,2.369614907987916,2.369614907987911
JR,q,0.0,1.214,2.378876169038802,2.378876169038797
JR,q,0.0,1.215,2.388066277585456,2.3880662775854598
JR,q,0.0,1.216,2.397181422705026,2.397181422705023
JR,q,0.0,1.217,2.406219491865923,2.4062194918659254
JR,q,0.0,1.218,2.4151800709278106,2.415180070927816
JR,q,0.0,1.219,2.424064444141615,2.4240644441416124
JR,q,0.0,1.22,2.4328755941495146,2.43287559414952
JR,q,0.0,1.221,2.4416182019849524,2.441618201984958
JR,q,0.0,1.222,2.45029864707262,2.4502986470726227
JR,q,0.0,1.223,2.4589250072284767,2.458925007228481
JR,q,0.0,1.224,2.4675070586597294,2.467507058659726
JR,q,0.0,1.225,2.4760519179779608,2.4760519179779634
JR,q,0.0,1.226,2.484552167803179,2.484552167803175
JR,q,0.0,1.227,2.493002613460934,2.493002613460931
JR,q,0.0,1.228,2.501400001025567,2.5014000010255644
JR,q,0.0,1.229,2.509742763412285,2.5097427634122824
JR,q,0.0,1.23,2.5180310203771517,2.5180310203771517
JR,q,0.0,1.231,2.5262665785170904,2.526266578517094
JR,q,0.0,1.232,2.5344529312698816,2.5344529312698754
JR,q,0.0,1.233,2.542595258914172,2.5425952589141674
JR,q,0.0,1.234,2.550700428569459,2.550700428569457
JR,q,0.0,1.235,2.5587769941961054,2.558776994196108
JR,q,0.0,1.236,2.566835181711598,2.5668351817116037
JR,q,0.0,1.237,2.5748772699662736,2.574877269966271
JR,q,0.0,1.238,2.58289520057648,2.582895200576475
JR,q,0.0,1.239,2.590884551225477,2.59088455122548
JR,q,0.0,1.24,2.5988425661654966,2.5988425661654997
JR,q,0.0,1.241,2.6067681562177554,2.6067681562177545
JR,q,0.0,1.242,2.61466189877244,2.614661898772447
JR,q,0.0,1.243,2.622526037788721,2.6225260377887247
JR,q,0.0,1.244,2.6303644837947404,2.630364483794744
JR,q,0.0,1.245,2.6381828138876227,2.638182813887624
JR,q,0.0,1.246,2.645988271733465,2.6459882717334704
JR,q,0.0,1.247,2.6537897675673463,2.6537897675673388
JR,q,0.0,1.248,2.6615974067221977,2.6615974067221946
JR,q,0.0,1.249,2.6694094467110916,2.6694094467110876
JR,q,0.0,1.25,2.6772187107509673,2.6772187107509655
JR,q,0.0,1.2510000000000001,2.6850212389898664,2.6850212389898633
JR,q,0.0,1.252,2.692814739047761,2.6928147390477557
JR,q,0.0,1.2530000000000001,2.700598586016571,2.700598586016574
JR,q,0.0,1.254,2.708373822460144,2.7083738224601457
JR,q,0.0,1.2550000000000001,2.7161431584142766,2.7161431584142757
JR,q,0.0,1.256,2.7239109713866956,2.7239109713866934
JR,q,0.0,1.2570000000000001,2.731683306357073,2.7316833063570702
JR,q,0.0,1.258,2.739467875777013,2.7394678757770157
JR,q,0.0,1.2590000000000001,2.7472740595700635,2.747274059570062
JR,q,0.0,1.26,2.755111474894089,2.755111474894085
JR,q,0.0,1.2610000000000001,2.7629757852812444,2.762975785281242
JR,q,0.0,1.262,2.77086074968346,2.770860749683461
JR,q,0.0,1.2630000000000001,2.7787628449573556,2.778762844957354
JR,q,0.0,1.264,2.7866802687908034,2.7866802687908034
JR,q,0.0,1.2650000000000001,2.794612939702939,2.79461293970294
JR,q,0.0,1.266,2.8025624970441454,2.802562497044143
JR,q,0.0,1.2670000000000001,2.81053230099607,2.81053230099607
JR,q,0.0,1.268,2.8185274325716114,2.818527432571613
JR,q,0.0,1.2690000000000001,2.826554693614929,2.8265546936149253
JR,q,0.0,1.27,2.8346226068014335,2.834622606801437
JR,q,0.0,1.2710000000000001,2.8427414156378004,2.8427414156377977
JR,q,0.0,1.272,2.8509201047103754,2.8509201047103776
JR,q,0.0,1.2730000000000001,2.8591526559097247,2.8591526559097247
JR,q,0.0,1.274,2.8674336415291695,2.8674336415291704
JR,q,0.0,1.2750000000000001,2.8757599859567806,2.875759985956785
JR,q,0.0,1.276,2.884130484620459,2.8841304846204645
JR,q,0.0,1.2770000000000001,2.892545803987945,2.892545803987951
JR,q,0.0,1.278,2.9010084815668096,2.901008481566807
JR,q,0.0,1.2790000000000001,2.9095229259044646,2.9095229259044673
JR,q,0.0,1.28,2.9180954165881494,2.9180954165881503
JR,q,0.0,1.281,2.926734104244944,2.9267341042449475
JR,q,0.0,1.282,2.9354490105417654,2.935449010541765
JR,q,0.0,1.283,2.9442520281853564,2.944252028185359
JR,q,0.0,1.284,2.9531513175557524,2.953151317555751
JR,q,0.0,1.285,2.9621397119071737,2.9621397119071786
JR,q,0.0,1.286,2.971212464734559,2.9712124647345544
JR,q,0.0,1.287,2.980367116936561,2.980367116936559
JR,q,0.0,1.288,2.98960337849563,2.989603378495638
JR,q,0.0,1.289,2.99892312847799,2.998923128477993
JR,q,0.0,1.29,3.008330415033658,3.008330415033659
JR,q,0.0,1.291,3.0178314553964314,3.0178314553964287
JR,q,0.0,1.292,3.027434635883897,3.027434635883898
JR,q,0.0,1.293,3.037150511897423,3.0371505118974307
JR,q,0.0,1.294,3.0469918079221685,3.0469918079221605
JR,q,0.0,1.295,3.056973388715945,3.056973388715942
JR,q,0.0,1.296,3.0671012491193945,3.067101249119391
JR,q,0.0,1.297,3.077367907605599,3.0773679076056037
JR,q,0.0,1.298,3.0877694006927365,3.087769400692741
JR,q,0.0,1.299,3.0983044646440527,3.098304464644057
JR,q,0.0,1.3,3.108974535467876,3.1089745354678757
JR,q,0.0,1.301,3.1197837489176012,3.1197837489175986
JR,q,0.0,1.302,3.13073894049171,3.13073894049171
JR,q,0.0,1.303,3.141849645433744,3.141849645433747
JR,q,0.0,1.304,3.1531280987323362,3.153128098732338
JR,q,0.0,1.305,3.1645892351211793,3.164589235121183
JR,q,0.0,1.306,3.1762506890790565,3.1762506890790574
JR,q,0.0,1.307,3.1881314358223216,3.188131435822321
JR,q,0.0,1.308,3.200232548793597,3.2002325487935996
JR,q,0.0,1.309,3.21254753322014,3.2125475332201385
JR,q,0.0,1.31,3.2250742045149465,3.225074204514952
JR,q,0.0,1.311,3.2378140166262894,3.2378140166262943
JR,q,0.0,1.312,3.25077206203774,3.2507720620377483
JR,q,0.0,1.313,3.2639570717681448,3.2639570717681403
JR,q,0.0,1.314,3.2773814153716536,3.2773814153716567
JR,q,0.0,1.315,3.291061100937691,3.2910611009376884
JR,q,0.0,1.316,3.3050157750909803,3.305015775090981
JR,q,0.0,1.317,3.3192687229915236,3.3192687229915236
JR,q,0.0,1.318,3.3338468683346205,3.33384686833462
JR,q,0.0,1.319,3.3487695424618473,3.3487695424618487
JR,q,0.0,1.32,3.3640312014825984,3.364031201482594
JR,q,0.0,1.321,3.3796291831077863,3.379629183107791
JR,q,0.0,1.322,3.3955661865410627,3.395566186541068
JR,q,0.0,1.323,3.4118502664059234,3.411850266405923
JR,q,0.0,1.324,3.428494832745735,3.4284948327457396
JR,q,0.0,1.325,3.4455186510237086,3.445518651023707
JR,q,0.0,1.326,3.4629458421229273,3.4629458421229256
JR,q,0.0,1.327,3.480805882346317,3.480805882346317
JR,q,0.0,1.328,3.4991336034166762,3.4991336034166793
JR,q,0.0,1.329,3.517969192476646,3.517969192476643
JR,q,0.0,1.33,3.5373508860925207,3.5373508860925167
JR,q,0.0,1.331,3.557281669109946,3.5572816691099507
JR,q,0.0,1.332,3.577760343604277,3.577760343604272
JR,q,0.0,1.333,3.598794507233678,3.5987945072336784
JR,q,0.0,1.334,3.6204004120375513,3.620400412037554
JR,q,0.0,1.335,3.642602964436497,3.642602964436493
JR,q,0.0,1.336,3.6654357252323524,3.6654357252323466
JR,q,0.0,1.337,3.6889409096081542,3.6889409096081596
JR,q,0.0,1.338,3.713169387128177,3.713169387128176
JR,q,0.0,1.339,3.738180681737892,3.7381806817378975
JR,q,0.0,1.34,3.7640429717640096,3.7640429717640127
JR,q,0.0,1.341,3.79081916769861,3.7908191676986047
JR,q,0.0,1.342,3.8185201401334132,3.8185201401334057
JR,q,0.0,1.343,3.847154613187249,3.8471546131872443
JR,q,0.0,1.344,3.8767466259688512,3.8767466259688494
JR,q,0.0,1.345,3.9073355072156373,3.907335507215635
JR,q,0.0,1.346,3.9389758752937594,3.9389758752937536
JR,q,0.0,1.347,3.971737638198052,3.9717376381980602
JR,q,0.0,1.348,4.0057059935520885,4.005705993552096
JR,q,0.0,1.349,4.040981428608121,4.040981428608121
JR,q,0.0,1.35,4.077679720247143,4.077679720247146
JR,q,0.0,1.351,4.115929578600616,4.115929578600624
JR,q,0.0,1.352,4.15580807230057,4.1558080723005615
JR,q,0.0,1.353,4.197339802059839,4.197339802059843
JR,q,0.0,1.354,4.24057362291035,4.240573622910348
JR,q,0.0,1.355,4.28558679676272,4.285586796762727
JR,q,0.0,1.356,4.332484992406344,4.332484992406351
JR,q,0.0,1.357,4.381402285509301,4.381402285509297
JR,q,0.0,1.358,4.432501158618453,4.432501158618448
JR,q,0.0,1.359,4.485972501159347,4.485972501159339
JR,q,0.0,1.36,4.54203560943631,4.542035609436311
JR,q,0.0,1.361,4.60093267118506,4.60093267118505
JR,q,0.0,1.362,4.662817821026161,4.662817821026168
JR,q,0.0,1.363,4.727782577143567,4.727782577143561
JR,q,0.0,1.364,4.795961877493517,4.795961877493525
JR,q,0.0,1.365,4.867536383210325,4.867536383210332
JR,q,0.0,1.366,4.942732478606498,4.942732478606501
JR,q,0.0,1.367,5.021822271172607,5.021822271172599
JR,q,0.0,1.368,5.105123591577424,5.105123591577414
JR,q,0.0,1.369,5.192999993667786,5.192999993667793
JR,q,0.0,1.37,5.285860754468729,5.2858607544687315
JR,q,0.0,1.371,5.384028487652727,5.384028487652713
JR,q,0.0,1.372,5.487682581948011,5.487682581948019
JR,q,0.0,1.373,5.597171349028231,5.597171349028246
JR,q,0.0,1.374,5.712838884053624,5.712838884053619
JR,q,0.0,1.375,5.835021342338621,5.835021342338628
JR,q,0.0,1.3760000000000001,5.964046939352044,5.964046939352036
JR,q,0.0,1.377,6.100235950716888,6.100235950716876
JR,q,0.0,1.3780000000000001,6.243900712210557,6.243900712210566
JR,q,0.0,1.379,6.395345619764619,6.395345619764613
JR,q,0.0,1.3800000000000001,6.554798139382716,6.554798139382717
JR,q,0.0,1.381,6.7220651038050345,6.722065103805029
JR,q,0.0,1.3820000000000001,6.897394918972182,6.8973949189721715
JR,q,0.0,1.383,7.08091155989762,7.080911559897611
JR,q,0.0,1.3840000000000001,7.272472136253628,7.272472136253636
JR,q,0.0,1.385,7.471666892370986,7.4716668923709895
JR,q,0.0,1.3860000000000001,7.677819207239305,7.67781920723929
JR,q,0.0,1.387,7.889985594506685,7.889985594506695
JR,q,0.0,1.3880000000000001,8.10695570248007,8.106955702480063
JR,q,0.0,1.389,8.327310149243925,8.327310149243914
JR,q,0.0,1.3900000000000001,8.549809563730948,8.549809563730948
JR,q,0.0,1.391,8.7731650641085,8.773165064108518
JR,q,0.0,1.3920000000000001,8.995938907367186,8.995938907367188
JR,q,0.0,1.393,9.216552745476285,9.21655274547629
JR,q,0.0,1.3940000000000001,9.433287625384153,9.433287625384168
JR,q,0.0,1.395,9.644283989017824,9.644283989017824
JR,q,0.0,1.3960000000000001,9.847541673283398,9.847541673283418
JR,q,0.0,1.397,10.040919910065668,10.040919910065668
JR,q,0.0,1.3980000000000001,10.222410789092446,10.222410789092459
JR,q,0.0,1.399,10.390914494635286,10.390914494635267
JR,q,0.0,1.4000000000000001,10.545406143237418,10.545406143237416
JR,q,0.0,1.401,10.684896589181669,10.684896589181669
JR,q,0.0,1.4020000000000001,10.808440374133596,10.808440374133617
JR,q,0.0,1.403,10.915135727141243,10.915135727141228
JR,q,0.0,1.4040000000000001,11.004124564635351,11.00412456463536
JR,q,0.0,1.405,11.074592490429168,11.074592490429165
JR,q,0.0,1.4060000000000001,11.125789282908475,11.125789282908492
JR,q,0.0,1.407,11.157546538633149,11.157546538633143
JR,q,0.0,1.408,11.170061080580268,11.170061080580256
JR,q,0.0,1.409,11.163519952953726,11.163519952953722
JR,q,0.0,1.41,11.13814111856426,11.13814111856426
JR,q,0.0,1.411,11.094173458829426,11.09417345882943
JR,q,0.0,1.412,11.031896773773646,11.03189677377364
JR,q,0.0,1.413,10.951621782028127,10.951621782028141
JR,q,0.0,1.414,10.853690952848233,10.85369095284821
JR,q,0.0,1.415,10.738653555981147,10.738653555981152
JR,q,0.0,1.416,10.607360749140923,10.607360749140954
JR,q,0.0,1.417,10.46066940230238,10.46066940230239
JR,q,0.0,1.418,10.29943016260986,10.299430162609845
JR,q,0.0,1.419,10.124487454376977,10.124487454376997
JR,q,0.0,1.42,9.936679479086887,9.936679479086907
JR,q,0.0,1.421,9.736838215392005,9.73683821539202
JR,q,0.0,1.422,9.525789419114304,9.525789419114291
JR,q,0.0,1.423,9.30437411415742,9.304374114157433
JR,q,0.0,1.424,9.073721683651192,9.073721683651202
JR,q,0.0,1.425,8.834894193826875,8.834894193826894
JR,q,0.0,1.426,8.588917114758278,8.588917114758267
JR,q,0.0,1.427,8.336846880748784,8.336846880748793
JR,q,0.0,1.428,8.079770890331812,8.079770890331814
JR,q,0.0,1.429,7.818807506270355,7.818807506270341
JR,q,0.0,1.43,7.555106055557461,7.555106055557453
JR,q,0.0,1.431,7.289846829415735,7.289846829415743
JR,q,0.0,1.432,7.024261254532954,7.0242612545329495
JR,q,0.0,1.433,6.759635521362947,6.759635521362951
JR,q,0.0,1.434,6.497122798675436,6.497122798675447
JR,q,0.0,1.435,6.23790168163616,6.237901681636162
JR,q,0.0,1.436,5.98319582200892,5.983195822008915
JR,q,0.0,1.437,5.734273928155115,5.734273928155112
JR,q,0.0,1.438,5.492449765034202,5.492449765034207
JR,q,0.0,1.439,5.259082154203249,5.259082154203257
JR,q,0.0,1.44,5.035574973817347,5.035574973817347
JR,q,0.0,1.441,4.823099424272765,4.823099424272758
JR,q,0.0,1.442,4.622589655997871,4.622589655997883
JR,q,0.0,1.443,4.435153976057087,4.4351539760570935
JR,q,0.0,1.444,4.2617489609601975,4.261748960960192
JR,q,0.0,1.445,4.103177258676315,4.103177258676322
JR,q,0.0,1.446,3.960087588634206,3.9600875886342095
JR,q,0.0,1.447,3.832974741722005,3.8329747417220106
JR,q,0.0,1.448,3.7221795802874666,3.7221795802874635
JR,q,0.0,1.449,3.6278890381377487,3.627889038137751
JR,q,0.0,1.45,3.550110063600002,3.5501100636000107
JR,q,0.0,1.451,3.4885560767281767,3.4885560767281736
JR,q,0.0,1.452,3.4427368457363663,3.442736845736363
JR,q,0.0,1.453,3.411954961655603,3.411954961655604
JR,q,0.0,1.454,3.3953024900741333,3.39530249007413
JR,q,0.0,1.455,3.391660971137348,3.3916609711373535
JR,q,0.0,1.456,3.399661736070481,3.3996617360704757
JR,q,0.0,1.457,3.417668004108812,3.4176680041088066
JR,q,0.0,1.458,3.443929852869008,3.4439298528690134
JR,q,0.0,1.459,3.4765878146633433,3.476587814663338
JR,q,0.0,1.46,3.513672719855176,3.513672719855171
JR,q,0.0,1.461,3.553085235854251,3.553085235854253
JR,q,0.0,1.462,3.5925892991197017,3.592589299119707
JR,q,0.0,1.463,3.6305430565489445,3.6305430565489534
JR,q,0.0,1.464,3.6654979858960495,3.665497985896044
JR,q,0.0,1.465,3.6960766780742347,3.6960766780742347
JR,q,0.0,1.466,3.7209728371558057,3.7209728371558026
JR,q,0.0,1.467,3.738951280372195,3.738951280372192
JR,q,0.0,1.468,3.7488803314569665,3.748880331456972
JR,q,0.0,1.469,3.7504869460624377,3.7504869460624377
JR,q,0.0,1.47,3.7442698246433928,3.7442698246433874
JR,q,0.0,1.471,3.730677659371173,3.730677659371169
JR,q,0.0,1.472,3.710074081870463,3.71007408187046
JR,q,0.0,1.473,3.6827376632192728,3.6827376632192714
JR,q,0.0,1.474,3.6488619139489717,3.648861913948967
JR,q,0.0,1.475,3.6087761685840576,3.6087761685840656
JR,q,0.0,1.476,3.563622851049912,3.563622851049905
JR,q,0.0,1.477,3.514484582443165,3.51448458244317
JR,q,0.0,1.478,3.462240196719865,3.462240196719863
JR,q,0.0,1.479,3.4075712047922337,3.407571204792242
JR,q,0.0,1.48,3.3509617945287467,3.350961794528752
JR,q,0.0,1.481,3.2926988307540643,3.292698830754069
JR,q,0.0,1.482,3.233109490634874,3.2331094906348823
JR,q,0.0,1.483,3.172904780112276,3.172904780112276
JR,q,0.0,1.484,3.1125385929560867,3.1125385929560885
JR,q,0.0,1.485,3.0523629156998116,3.052362915699807
JR,q,0.0,1.486,2.9926342137755952,2.9926342137756006
JR,q,0.0,1.487,2.933513431514136,2.9335134315141413
JR,q,0.0,1.488,2.875065992144769,2.875065992144761
JR,q,0.0,1.489,2.8172617977953855,2.8172617977953878
JR,q,0.0,1.49,2.7600788109296417,2.7600788109296492
JR,q,0.0,1.491,2.7038026520855496,2.703802652085553
JR,q,0.0,1.492,2.6483426499438103,2.6483426499438063
JR,q,0.0,1.493,2.5935938264135583,2.5935938264135547
JR,q,0.0,1.494,2.5394927767089346,2.539492776708931
JR,q,0.0,1.495,2.486017669348982,2.4860176693489886
JR,q,0.0,1.496,2.433188246157746,2.433188246157749
JR,q,0.0,1.497,2.3810658222641763,2.3810658222641825
JR,q,0.0,1.498,2.3297532861022177,2.329753286102224
JR,q,0.0,1.499,2.279392595805687,2.2793925958056884
JR,q,0.0,1.5,2.2299668263066224,2.2299668263066224
JR,q,0.0,1.5010000000000001,2.181300883386154,2.1813008833861507
JR,q,0.0,1.502,2.1332743752056906,2.1332743752056933
JR,q,0.0,1.5030000000000001,2.085829132350428,2.0858291323504266
JR,q,0.0,1.504,2.0389692078294406,2.0389692078294392
JR,q,0.0,1.5050000000000001,1.9927608770755967,1.9927608770755967
JR,q,0.0,1.506,1.9473326379456353,1.9473326379456353
JR,q,0.0,1.5070000000000001,1.9028752107200955,1.9028752107200924
JR,q,0.0,1.508,1.859641538103391,1.8596415381033937
JR,q,0.0,1.5090000000000001,1.8178701131732637,1.8178701131732593
JR,q,0.0,1.51,1.777388796209852,1.777388796209853
JR,q,0.0,1.5110000000000001,1.7381010417919658,1.7381010417919642
JR,q,0.0,1.512,1.6999726018545438,1.6999726018545411
JR,q,0.0,1.5130000000000001,1.6630040865768132,1.6630040865768165
JR,q,0.0,1.514,1.627230964382357,1.6272309643823604
JR,q,0.0,1.5150000000000001,1.5927235619390512,1.5927235619390498
JR,q,0.0,1.516,1.5595870641591185,1.5595870641591203
JR,q,0.0,1.5170000000000001,1.52796151419908,1.5279615141990806
JR,q,0.0,1.518,1.4980218134598013,1.4980218134598027
JR,q,0.0,1.5190000000000001,1.4698386600766833,1.4698386600766846
JR,q,0.0,1.52,1.4432771078812525,1.4432771078812534
JR,q,0.0,1.5210000000000001,1.4182729086929449,1.4182729086929435
JR,q,0.0,1.522,1.3947838719574923,1.3947838719574892
JR,q,0.0,1.5230000000000001,1.3727896377030726,1.3727896377030755
JR,q,0.0,1.524,1.3522916765403448,1.3522916765403463
JR,q,0.0,1.5250000000000001,1.3333132896624162,1.3333132896624145
JR,q,0.0,1.526,1.3158996088448722,1.3158996088448724
JR,q,0.0,1.5270000000000001,1.300117596445749,1.3001175964457474
JR,q,0.0,1.528,1.2860457399396275,1.2860457399396248
JR,q,0.0,1.5290000000000001,1.273611910813882,1.2736119108138835
JR,q,0.0,1.53,1.2627040728632952,1.2627040728632972
JR,q,0.0,1.5310000000000001,1.2532416851759463,1.2532416851759478
JR,q,0.0,1.532,1.2451597459478752,1.2451597459478736
JR,q,0.0,1.5330000000000001,1.2384087924830665,1.238408792483068
JR,q,0.0,1.534,1.232954901193465,1.2329549011934657
JR,q,0.0,1.5350000000000001,1.2287796875989612,1.2287796875989594
JR,q,0.0,1.536,1.2258803063274053,1.2258803063274077
JR,q,0.0,1.537,1.2242694511145933,1.224269451114594
JR,q,0.0,1.538,1.2239676404089117,1.2239676404089144
JR,q,0.0,1.539,1.2248871450899843,1.2248871450899828
JR,q,0.0,1.54,1.2269237418285641,1.2269237418285608
JR,q,0.0,1.541,1.229997741703138,1.2299977417031405
JR,q,0.0,1.542,1.2340398766232612,1.2340398766232596
JR,q,0.0,1.543,1.2389912993295384,1.2389912993295402
JR,q,0.0,1.544,1.244803583393642,1.244803583393644
JR,q,0.0,1.545,1.2514387232183006,1.2514387232183
JR,q,0.0,1.546,1.2588691340373028,1.2588691340373008
JR,q,0.0,1.547,1.2670776519154945,1.2670776519154965
JR,q,0.0,1.548,1.276057533748788,1.2760575337487863
JR,q,0.0,1.549,1.2857899850588188,1.285789985058816
JR,q,0.0,1.55,1.296182011686886,1.296182011686884
JR,q,0.0,1.551,1.3071677685838345,1.3071677685838372
JR,q,0.0,1.552,1.3186906066728223,1.3186906066728203
JR,q,0.0,1.553,1.3306999703069655,1.3306999703069662
JR,q,0.0,1.554,1.3431513972693487,1.343151397269351
JR,q,0.0,1.555,1.3560065187730137,1.3560065187730137
JR,q,0.0,1.556,1.3692330594609805,1.3692330594609812
JR,q,0.0,1.557,1.3828048374062192,1.3828048374062154
JR,q,0.0,1.558,1.3967017641116746,1.3967017641116715
JR,q,0.0,1.559,1.4109098445102468,1.4109098445102455
JR,q,0.0,1.56,1.4254211611423848,1.4254211611423835
JR,q,0.0,1.561,1.4402002368143973,1.440200236814396
JR,q,0.0,1.562,1.455192399522372,1.455192399522372
JR,q,0.0,1.563,1.470364026123307,1.4703640261233082
JR,q,0.0,1.564,1.485684488596375,1.4856844885963765
JR,q,0.0,1.565,1.5011261540429066,1.5011261540429073
JR,q,0.0,1.566,1.5166643846864107,1.5166643846864085
JR,q,0.0,1.567,1.5322775378725475,1.532277537872546
JR,q,0.0,1.568,1.5479469660691616,1.5479469660691618
JR,q,0.0,1.569,1.5636570168662471,1.5636570168662454
JR,q,0.0,1.57,1.5793950329759805,1.5793950329759807
JR,q,0.0,1.571,1.5951513522326897,1.5951513522326877
JR,q,0.0,1.572,1.6109193075928845,1.6109193075928852
JR,q,0.0,1.573,1.626695227135226,1.6266952271352286
JR,q,0.0,1.574,1.6424631771267482,1.6424631771267486
JR,q,0.0,1.575,1.6581950016653173,1.6581950016653189
JR,q,0.0,1.576,1.6738760719272943,1.6738760719272923
JR,q,0.0,1.577,1.689493381252599,1.689493381252598
JR,q,0.0,1.578,1.7050355106326642,1.7050355106326633
JR,q,0.0,1.579,1.7204926287104079,1.7204926287104088
JR,q,0.0,1.58,1.7358564917802592,1.7358564917802566
JR,q,0.0,1.581,1.7511204437881323,1.7511204437881327
JR,q,0.0,1.582,1.7662794163314537,1.7662794163314564
JR,q,0.0,1.583,1.781329928659134,1.7813299286591373
JR,q,0.0,1.584,1.7962700876715973,1.7962700876715954
JR,q,0.0,1.585,1.8110995879207512,1.811099587920751
JR,q,0.0,1.586,1.825819711610015,1.8258197116100157
JR,q,0.0,1.587,1.840432860241605,1.8404328602416056
JR,q,0.0,1.588,1.8549271642191392,1.8549271642191363
JR,q,0.0,1.589,1.869292014981946,1.8692920149819445
JR,q,0.0,1.59,1.8835229892138834,1.8835229892138818
JR,q,0.0,1.591,1.897616772269274,1.8976167722692785
JR,q,0.0,1.592,1.9115711581729289,1.9115711581729309
JR,q,0.0,1.593,1.925385049620124,1.9253850496201252
JR,q,0.0,1.594,1.9390584579766257,1.939058457976623
JR,q,0.0,1.595,1.9525925032786633,1.9525925032786606
JR,q,0.0,1.596,1.9659894142329586,1.9659894142329577
JR,q,0.0,1.597,1.9792525282166964,1.9792525282166977
JR,q,0.0,1.598,1.9923861404030396,1.9923861404030365
JR,q,0.0,1.599,2.005389820595646,2.0053898205956453
JR,q,0.0,1.6,2.0182593741244768,2.0182593741244808
JR,q,0.0,1.601,2.0309921168705496,2.0309921168705496
JR,q,0.0,1.602,2.0435865691748902,2.043586569174891
JR,q,0.0,1.603,2.056042455838506,2.0560424558385075
JR,q,0.0,1.604,2.068360706122411,2.068360706122407
JR,q,0.0,1.605,2.0805434537476017,2.080543453747597
JR,q,0.0,1.606,2.092594036895083,2.092594036895086
JR,q,0.0,1.607,2.104516998205842,2.1045169982058387
JR,q,0.0,1.608,2.116318084780872,2.116318084780866
JR,q,0.0,1.609,2.128004114584562,2.1280041145845634
JR,q,0.0,1.61,2.1395770143801287,2.1395770143801305
JR,q,0.0,1.611,2.151032236428992,2.1510322364289896
JR,q,0.0,1.612,2.162366328496154,2.16236632849615
JR,q,0.0,1.613,2.1735773827412537,2.173577382741257
JR,q,0.0,1.614,2.184665035718601,2.184665035718603
JR,q,0.0,1.615,2.1956304683771424,2.1956304683771446
JR,q,0.0,1.616,2.206476406060493,2.2064764060604904
JR,q,0.0,1.617,2.2172071185069093,2.217207118506906
JR,q,0.0,1.618,2.22782841984931,2.227828419849315
JR,q,0.0,1.619,2.2383476686152615,2.2383476686152615
JR,q,0.0,1.62,2.248773767726988,2.248773767726988
JR,q,0.0,1.621,2.2591139254172816,2.259113925417288
JR,q,0.0,1.622,2.2693624060477933,2.269362406047797
JR,q,0.0,1.623,2.2795142220024376,2.279514222002435
JR,q,0.0,1.624,2.2895663017882666,2.289566301788263
JR,q,0.0,1.625,2.2995172574161433,2.299517257416142
JR,q,0.0,1.6260000000000001,2.309367384400765,2.30936738440076
JR,q,0.0,1.627,2.3191186617606436,2.319118661760647
JR,q,0.0,1.6280000000000001,2.328774752018122,2.3287747520181203
JR,q,0.0,1.629,2.3383410011993604,2.338341001199355
JR,q,0.0,1.6300000000000001,2.347824438834347,2.3478244388343494
JR,q,0.0,1.631,2.3572337779568904,2.357233777956886
JR,q,0.0,1.6320000000000001,2.366579311152912,2.3665793111529165
JR,q,0.0,1.633,2.3758621031649394,2.375862103164936
JR,q,0.0,1.6340000000000001,2.385074640339263,2.3850746403392673
JR,q,0.0,1.635,2.394212741841441,2.3942127418414425
JR,q,0.0,1.6360000000000001,2.4032739241670917,2.403273924167088
JR,q,0.0,1.637,2.412257401141872,2.412257401141866
JR,q,0.0,1.6380000000000001,2.4211640839215005,2.421164083921498
JR,q,0.0,1.639,2.429996580991735,2.429996580991739
JR,q,0.0,1.6400000000000001,2.438759198168391,2.438759198168386
JR,q,0.0,1.641,2.447457938597327,2.4474579385973247
JR,q,0.0,1.6420000000000001,2.456100502754459,2.4561005027544542
JR,q,0.0,1.643,2.464696288445745,2.4646962884457424
JR,q,0.0,1.6440000000000001,2.4732544011680995,2.473254401168104
JR,q,0.0,1.645,2.4817695422460013,2.4817695422460067
JR,q,0.0,1.6460000000000001,2.4902356403680592,2.490235640368063
JR,q,0.0,1.647,2.498649072939698,2.498649072939692
JR,q,0.0,1.6480000000000001,2.5070079037773154,2.5070079037773194
JR,q,0.0,1.649,2.5153118831082613,2.515311883108266
JR,q,0.0,1.6500000000000001,2.5235624475708605,2.523562447570866
JR,q,0.0,1.651,2.531762720214393,2.5317627202143966
JR,q,0.0,1.6520000000000001,2.539917510499108,2.5399175104991016
JR,q,0.0,1.653,2.548033314296214,2.5480333142962177
JR,q,0.0,1.6540000000000001,2.5561183138878882,2.5561183138878847
JR,q,0.0,1.655,2.564182377967264,2.564182377967262
JR,q,0.0,1.6560000000000001,2.57223148167214,2.5722314816721354
JR,q,0.0,1.657,2.5802575634649414,2.5802575634649476
JR,q,0.0,1.6580000000000001,2.58825570428904,2.5882557042890473
JR,q,0.0,1.659,2.596222783347925,2.5962227833479186
JR,q,0.0,1.6600000000000001,2.604157346127545,2.6041573461275482
JR,q,0.0,1.661,2.6120596043963067,2.612059604396307
JR,q,0.0,1.6620000000000001,2.6199314362050776,2.619931436205072
JR,q,0.0,1.663,2.627776385887179,2.6277763858871817
JR,q,0.0,1.6640000000000001,2.6355996640583967,2.635599664058392
JR,q,0.0,1.665,2.643408147616971,2.643408147616975
JR,q,0.0,1.666,2.6512103797436026,2.651210379743595
JR,q,0.0,1.667,2.659016552154331,2.659016552154329
JR,q,0.0,1.668,2.6668288189899876,2.6668288189899845
JR,q,0.0,1.669,2.674639195196099,2.674639195196102
JR,q,0.0,1.67,2.6824433557548235,2.682443355754825
JR,q,0.0,1.671,2.6902386425630604,2.6902386425630613
JR,q,0.0,1.672,2.698024064432432,2.6980240644324387
JR,q,0.0,1.673,2.7058002970893016,2.705800297089299
JR,q,0.0,1.674,2.7135696831747564,2.71356968317476
JR,q,0.0,1.675,2.7213362322446235,2.7213362322446226
JR,q,0.0,1.676,2.729105620769455,2.729105620769453
JR,q,0.0,1.677,2.736885192134541,2.7368851921345385
JR,q,0.0,1.678,2.7446839566399013,2.744683956639903
JR,q,0.0,1.679,2.7525122382557616,2.752512238255767
JR,q,0.0,1.68,2.760369118720813,2.7603691187208086
JR,q,0.0,1.681,2.768247417530294,2.768247417530292
JR,q,0.0,1.682,2.7761432342724737,2.7761432342724692
JR,q,0.0,1.683,2.7840543882394235,2.78405438823942
JR,q,0.0,1.684,2.7919804184270025,2.791980418427008
JR,q,0.0,1.685,2.7999225835348707,2.799922583534872
JR,q,0.0,1.686,2.807883861966476,2.8078838619664763
JR,q,0.0,1.687,2.8158689518290667,2.8158689518290645
JR,q,0.0,1.688,2.82388427093368,2.8238842709336813
JR,q,0.0,1.689,2.8319379567951537,2.8319379567951524
JR,q,0.0,1.69,2.8400398666321136,2.8400398666321145
JR,q,0.0,1.691,2.8482004164373844,2.8482004164373835
JR,q,0.0,1.692,2.8564163889620544,2.8564163889620557
JR,q,0.0,1.693,2.8646814233914184,2.8646814233914224
JR,q,0.0,1.694,2.872992033358916,2.872992033358914
JR,q,0.0,1.695,2.8813466013098408,2.8813466013098394
JR,q,0.0,1.696,2.8897453785013276,2.889745378501326
JR,q,0.0,1.697,2.8981904850023663,2.8981904850023685
JR,q,0.0,1.698,2.9066859096937883,2.9066859096937865
JR,q,0.0,1.699,2.915237510268281,2.9152375102682786
JR,q,0.0,1.7,2.923853013230369,2.9238530132303704
JR,q,0.0,1.701,2.932542013896436,2.9325420138964335
JR,q,0.0,1.702,2.9413159763947063,2.941315976394713
JR,q,0.0,1.703,2.9501855024291204,2.9501855024291213
JR,q,0.0,1.704,2.959145434775848,2.959145434775848
JR,q,0.0,1.705,2.9681901539219817,2.9681901539219853
JR,q,0.0,1.706,2.977316722145148,2.9773167221451513
JR,q,0.0,1.707,2.9865243668885673,2.986524366888568
JR,q,0.0,1.708,2.9958144807610325,2.9958144807610325
JR,q,0.0,1.709,3.005190621536933,3.005190621536938
JR,q,0.0,1.71,3.0146585121562284,3.014658512156227
JR,q,0.0,1.711,3.024226040724476,3.024226040724477
JR,q,0.0,1.712,3.0339032605128025,3.0339032605128056
JR,q,0.0,1.713,3.0437023899579305,3.043702389957933
JR,q,0.0,1.714,3.0536378126621586,3.0536378126621515
JR,q,0.0,1.715,3.0637197322952234,3.0637197322952257
JR,q,0.0,1.716,3.0739411953270137,3.0739411953270137
JR,q,0.0,1.717,3.084297547995978,3.0842975479959778
JR,q,0.0,1.718,3.094786923976989,3.0947869239769847
JR,q,0.0,1.719,3.1054101499440954,3.105410149944096
JR,q,0.0,1.72,3.116170745570502,3.1161707455705083
JR,q,0.0,1.721,3.1270749235285895,3.1270749235285944
JR,q,0.0,1.722,3.1381315894898933,3.1381315894898894
JR,q,0.0,1.723,3.149352342125125,3.149352342125121
JR,q,0.0,1.724,3.1607514731041535,3.1607514731041477
JR,q,0.0,1.725,3.17234596709602,3.1723459670960206
JR,q,0.0,1.726,3.184155238630198,3.1841552386301997
JR,q,0.0,1.727,3.1961856106057076,3.1961856106057094
JR,q,0.0,1.728,3.208429922514911,3.2084299225149158
JR,q,0.0,1.729,3.2208851732689667,3.2208851732689654
JR,q,0.0,1.73,3.233551988360459,3.233551988360454
JR,q,0.0,1.731,3.2464346198634146,3.2464346198634093
JR,q,0.0,1.732,3.259540946433282,3.259540946433278
JR,q,0.0,1.733,3.2728824733069524,3.272882473306953
JR,q,0.0,1.734,3.286474332302742,3.2864743323027428
JR,q,0.0,1.735,3.3003352818204075,3.300335281820407
JR,q,0.0,1.736,3.3144877068411294,3.314487706841133
JR,q,0.0,1.737,3.328957618927532,3.328957618927524
JR,q,0.0,1.738,3.3437689103126496,3.3437689103126496
JR,q,0.0,1.739,3.358919236777343,3.358919236777348
JR,q,0.0,1.74,3.374404503646724,3.3744045036467214
JR,q,0.0,1.741,3.3902261744805107,3.3902261744805156
JR,q,0.0,1.742,3.4063910460337725,3.4063910460337747
JR,q,0.0,1.743,3.4229112482569706,3.422911248256976
JR,q,0.0,1.744,3.4398042442959214,3.4398042442959254
JR,q,0.0,1.745,3.4570928304918285,3.4570928304918307
JR,q,0.0,1.746,3.4748051363812524,3.474805136381251
JR,q,0.0,1.747,3.4929746246961413,3.4929746246961435
JR,q,0.0,1.748,3.511640091363799,3.5116400913638013
JR,q,0.0,1.749,3.5308427234146698,3.530842723414667
JR,q,0.0,1.75,3.5505931659806844,3.5505931659806773
JR,q,0.0,1.7510000000000001,3.570888336541829,3.570888336541828
JR,q,0.0,1.752,3.591733793384419,3.5917337933844196
JR,q,0.0,1.7530000000000001,3.6131437055540556,3.6131437055540614
JR,q,0.0,1.754,3.6351408528555833,3.6351408528555766
JR,q,0.0,1.7550000000000001,3.6577566258531307,3.6577566258531347
JR,q,0.0,1.756,3.6810310258700683,3.681031025870069
JR,q,0.0,1.7570000000000001,3.705012664989051,3.7050126649890545
JR,q,0.0,1.758,3.7297587660519778,3.7297587660519826
JR,q,0.0,1.7590000000000001,3.7553351626600318,3.755335162660023
JR,q,0.0,1.76,3.78181020588539,3.781810205885392
JR,q,0.0,1.7610000000000001,3.8092051514475296,3.8092051514475385
JR,q,0.0,1.762,3.8375252945879064,3.8375252945879152
JR,q,0.0,1.7630000000000001,3.866790949385273,3.866790949385276
JR,q,0.0,1.764,3.8970376308954515,3.8970376308954537
JR,q,0.0,1.7650000000000001,3.9283160551513916,3.928316055151395
JR,q,0.0,1.766,3.9606921391631116,3.9606921391631045
JR,q,0.0,1.7670000000000001,3.9942470009177584,3.9942470009177633
JR,q,0.0,1.768,4.029076959379548,4.029076959379551
JR,q,0.0,1.7690000000000001,4.065293534489824,4.065293534489815
JR,q,0.0,1.77,4.1030231907000605,4.103023190700067
JR,q,0.0,1.7710000000000001,4.142363562158599,4.142363562158604
JR,q,0.0,1.772,4.183340376937879,4.183340376937889
JR,q,0.0,1.7730000000000001,4.225995382936884,4.225995382936888
JR,q,0.0,1.774,4.270398569588956,4.270398569588962
JR,q,0.0,1.7750000000000001,4.3166481678618585,4.316648167861856
JR,q,0.0,1.776,4.364870650257707,4.364870650257713
JR,q,0.0,1.7770000000000001,4.4152207308130444,4.415220730813035
JR,q,0.0,1.778,4.4678813650987586,4.467881365098764
JR,q,0.0,1.7790000000000001,4.523063750220174,4.523063750220164
JR,q,0.0,1.78,4.581006626662773,4.581006626662771
JR,q,0.0,1.7810000000000001,4.641896939253136,4.641896939253128
JR,q,0.0,1.782,4.705822982750771,4.705822982750764
JR,q,0.0,1.7830000000000001,4.772907481160088,4.772907481160079
JR,q,0.0,1.784,4.843318792075154,4.8433187920751495
JR,q,0.0,1.7850000000000001,4.9172709066798115,4.9172709066798035
JR,q,0.0,1.786,4.995023449747549,4.9950234497475625
JR,q,0.0,1.7870000000000001,5.076881679641637,5.076881679641644
JR,q,0.0,1.788,5.163196488314988,5.163196488314996
JR,q,0.0,1.7890000000000001,5.2543644013102995,5.254364401310295
JR,q,0.0,1.79,5.35076324145057,5.350763241450574
JR,q,0.0,1.7910000000000001,5.45255509425442,5.4525550942544205
JR,q,0.0,1.792,5.560065948299504,5.560065948299503
JR,q,0.0,1.793,5.673639431944263,5.673639431944256
JR,q,0.0,1.794,5.7936128701026695,5.793612870102671
JR,q,0.0,1.795,5.920317284244137,5.920317284244144
JR,q,0.0,1.796,6.054077392393715,6.054077392393719
JR,q,0.0,1.797,6.195211609131853,6.195211609131852
JR,q,0.0,1.798,6.344032045594652,6.344032045594646
JR,q,0.0,1.799,6.500830694644404,6.50083069464439
JR,q,0.0,1.8,6.665458385162122,6.665458385162118
JR,q,0.0,1.801,6.838079379039768,6.838079379039758
JR,q,0.0,1.802,7.018893279557591,7.018893279557582
JR,q,0.0,1.803,7.20783466603627,7.2078346660362795
JR,q,0.0,1.804,7.404573093837243,7.404573093837254
JR,q,0.0,1.805,7.608513094362363,7.6085130943623644
JR,q,0.0,1.806,7.8187941750542524,7.818794175054251
JR,q,0.0,1.807,8.034290819395938,8.034290819395926
JR,q,0.0,1.808,8.253629098896276,8.253629098896262
JR,q,0.0,1.809,8.475526903348783,8.475526903348769
JR,q,0.0,1.81,8.698747354090429,8.698747354090417
JR,q,0.0,1.811,8.92189778061425,8.921897780614247
JR,q,0.0,1.812,9.143441885382302,9.143441885382314
JR,q,0.0,1.813,9.361699743825254,9.36169974382526
JR,q,0.0,1.814,9.574847804342781,9.574847804342768
JR,q,0.0,1.815,9.78091888830319,9.780918888303178
JR,q,0.0,1.816,9.977802190043784,9.977802190043798
JR,q,0.0,1.817,10.163352785547694,10.16335278554768
JR,q,0.0,1.818,10.336275874056764,10.336275874056783
JR,q,0.0,1.819,10.495548270842466,10.49554827084248
JR,q,0.0,1.82,10.640158740762082,10.640158740762093
JR,q,0.0,1.821,10.769139276456743,10.769139276456738
JR,q,0.0,1.822,10.881565098351665,10.881565098351658
JR,q,0.0,1.823,10.976554654655928,10.97655465465595
JR,q,0.0,1.824,11.053269621362695,11.05326962136269
JR,q,0.0,1.825,11.110915190076373,11.110915190076389
JR,q,0.0,1.826,11.149096808771496,11.149096808771471
JR,q,0.0,1.827,11.167997196708644,11.167997196708631
JR,q,0.0,1.828,11.167786810553821,11.16778681055383
JR,q,0.0,1.829,11.148667441561834,11.148667441561859
JR,q,0.0,1.83,11.110872215576308,11.110872215576338
JR,q,0.0,1.831,11.054665593029716,11.05466559302974
JR,q,0.0,1.832,10.980343368943306,10.980343368943297
JR,q,0.0,1.833,10.8882326729272,10.88823267292719
JR,q,0.0,1.834,10.77878268599987,10.778782685999879
JR,q,0.0,1.835,10.652802295417468,10.652802295417468
JR,q,0.0,1.836,10.511147568977613,10.511147568977632
JR,q,0.0,1.837,10.354667454113045,10.354667454113043
JR,q,0.0,1.838,10.184204775556557,10.184204775556536
JR,q,0.0,1.839,10.000596235341268,10.000596235341275
JR,q,0.0,1.84,9.804672412800327,9.804672412800308
JR,q,0.0,1.841,9.597257764567239,9.59725776456722
JR,q,0.0,1.842,9.379172018287909,9.379172018287925
JR,q,0.0,1.843,9.1514636159344,9.151463615934402
JR,q,0.0,1.844,8.915243023264086,8.915243023264104
JR,q,0.0,1.845,8.671527599555231,8.67152759955524
JR,q,0.0,1.846,8.4213650034923,8.421365003492296
JR,q,0.0,1.847,8.165833193166403,8.165833193166385
JR,q,0.0,1.848,7.906040426074837,7.906040426074819
JR,q,0.0,1.849,7.64312525912155,7.643125259121566
JR,q,0.0,1.85,7.378256548616674,7.378256548616681
JR,q,0.0,1.851,7.112640796737635,7.112640796737643
JR,q,0.0,1.852,6.847575344864456,6.84757534486447
JR,q,0.0,1.853,6.584229162748009,6.584229162747999
JR,q,0.0,1.854,6.323768521985732,6.323768521985734
JR,q,0.0,1.855,6.067405898824992,6.067405898824983
JR,q,0.0,1.856,5.816399974162621,5.816399974162618
JR,q,0.0,1.857,5.572055633545364,5.572055633545357
JR,q,0.0,1.858,5.335723967169439,5.335723967169432
JR,q,0.0,1.859,5.108802269880972,5.108802269880979
JR,q,0.0,1.86,4.892573059583384,4.892573059583371
JR,q,0.0,1.861,4.6879437831548145,4.687943783154821
JR,q,0.0,1.862,4.496043809572665,4.496043809572658
JR,q,0.0,1.863,4.3178755882544095,4.317875588254419
JR,q,0.0,1.864,4.154289363195296,4.15428936319529
JR,q,0.0,1.865,4.005983172968648,4.0059831729686435
JR,q,0.0,1.866,3.8735028507255933,3.8735028507255898
JR,q,0.0,1.867,3.7572420241953175,3.7572420241953113
JR,q,0.0,1.868,3.657442115684816,3.657442115684825
JR,q,0.0,1.869,3.574182995033766,3.574182995033766
JR,q,0.0,1.87,3.5072671328025713,3.5072671328025695
JR,q,0.0,1.871,3.456270987155282,3.456270987155279
JR,q,0.0,1.872,3.420568975412106,3.4205689754121007
JR,q,0.0,1.873,3.3993245598200765,3.399324559820075
JR,q,0.0,1.874,3.391490247552923,3.39149024755293
JR,q,0.0,1.875,3.3957880704963372,3.3957880704963372
JR,q,0.0,1.8760000000000001,3.4106488791208633,3.410648879120858
JR,q,0.0,1.877,3.4343625247375265,3.434362524737532
JR,q,0.0,1.8780000000000001,3.4651066733414986,3.4651066733414955
JR,q,0.0,1.879,3.500944922970632,3.500944922970632
JR,q,0.0,1.8800000000000001,3.5398236749474528,3.539823674947456
JR,q,0.0,1.881,3.5794751085059,3.579475108505903
JR,q,0.0,1.8820000000000001,3.6181146065436067,3.6181146065436014
JR,q,0.0,1.883,3.6542526758904827,3.65425267589048
JR,q,0.0,1.8840000000000001,3.6864699578340847,3.686469957834088
JR,q,0.0,1.885,3.713417228119539,3.71341722811953
JR,q,0.0,1.8860000000000001,3.7338153969496126,3.733815396949618
JR,q,0.0,1.887,3.7464588520124806,3.7464588520124895
JR,q,0.0,1.8880000000000001,3.750745489211038,3.7507454892110412
JR,q,0.0,1.889,3.7470931133692282,3.747093113369223
JR,q,0.0,1.8900000000000001,3.735952182095147,3.735952182095156
JR,q,0.0,1.891,3.7176897990048037,3.7176897990048023
JR,q,0.0,1.8920000000000001,3.6925897137220964,3.6925897137220995
JR,q,0.0,1.893,3.6608523218788296,3.660852321878833
JR,q,0.0,1.8940000000000001,3.6226850010643474,3.6226850010643448
JR,q,0.0,1.895,3.579074318920325,3.57907431892033
JR,q,0.0,1.8960000000000001,3.5311675631778616,3.5311675631778603
JR,q,0.0,1.897,3.47989482540598,3.479894825405986
JR,q,0.0,1.8980000000000001,3.4259891620163554,3.4259891620163585
JR,q,0.0,1.899,3.3699865942633593,3.3699865942633647
JR,q,0.0,1.9000000000000001,3.3122261082439906,3.312226108243982
JR,q,0.0,1.901,3.2529626932960927,3.2529626932960904
JR,q,0.0,1.9020000000000001,3.1928931857816103,3.1928931857816054
JR,q,0.0,1.903,3.132532233566655,3.1325322335666566
JR,q,0.0,1.9040000000000001,3.072263775200428,3.0722637752004345
JR,q,0.0,1.905,3.0123738038279697,3.0123738038279777
JR,q,0.0,1.9060000000000001,2.953050367190043,2.9530503671900368
JR,q,0.0,1.907,2.8943835676232386,2.8943835676232403
JR,q,0.0,1.9080000000000001,2.836365562059866,2.8363655620598625
JR,q,0.0,1.909,2.7789296199922173,2.7789296199922187
JR,q,0.0,1.9100000000000001,2.722359125561823,2.7223591255618156
JR,q,0.0,1.911,2.6666330473598165,2.666633047359822
JR,q,0.0,1.9120000000000001,2.6116398583008564,2.61163985830086
JR,q,0.0,1.913,2.557308668130167,2.5573086681301636
JR,q,0.0,1.9140000000000001,2.503609223423437,2.5036092234234384
JR,q,0.0,1.915,2.450551907586915,2.4505519075869135
JR,q,0.0,1.9160000000000001,2.3981877408573204,2.398187740857317
JR,q,0.0,1.917,2.3466083803019266,2.346608380301923
JR,q,0.0,1.9180000000000001,2.2959489151202117,2.295948915120215
JR,q,0.0,1.919,2.2462530677683468,2.24625306776835
JR,q,0.0,1.92,2.1973484472655613,2.197348447265566
JR,q,0.0,1.921,2.149100040174412,2.14910004017441
JR,q,0.0,1.922,2.1014353934698793,2.101435393469877
JR,q,0.0,1.923,2.054344614539291,2.0543446145392945
JR,q,0.0,1.924,2.007880371182411,2.00788037118241
JR,q,0.0,1.925,1.962157891611355,1.962157891611355
JR,q,0.0,1.926,1.9173549644506664,1.9173549644506709
JR,q,0.0,1.927,1.8737119387372463,1.8737119387372447
JR,q,0.0,1.928,1.8315027310867595,1.8315027310867622
JR,q,0.0,1.929,1.7906234162633599,1.7906234162633623
JR,q,0.0,1.93,1.7509425574499087,1.7509425574499096
JR,q,0.0,1.931,1.7124183280235457,1.7124183280235457
JR,q,0.0,1.932,1.675044012788752,1.6750440127887518
JR,q,0.0,1.933,1.6388480079772556,1.6388480079772583
JR,q,0.0,1.934,1.6038938212481124,1.6038938212481098
JR,q,0.0,1.935,1.5702800716876366,1.5702800716876373
JR,q,0.0,1.936,1.5381404898094626,1.5381404898094617
JR,q,0.0,1.937,1.5076439175544847,1.5076439175544847
JR,q,0.0,1.938,1.4789161565807243,1.4789161565807254
JR,q,0.0,1.939,1.451829894462981,1.451829894462978
JR,q,0.0,1.94,1.4263108554690653,1.426310855469068
JR,q,0.0,1.941,1.4023126577347762,1.4023126577347782
JR,q,0.0,1.942,1.3798108511539233,1.3798108511539218
JR,q,0.0,1.943,1.358802917378302,1.3588029173783003
JR,q,0.0,1.944,1.3393082698177183,1.3393082698177197
JR,q,0.0,1.945,1.3213682536399594,1.3213682536399596
JR,q,0.0,1.946,1.3050461457708264,1.305046145770828
JR,q,0.0,1.947,1.290425440999499,1.290425440999499
JR,q,0.0,1.948,1.2774751242467604,1.2774751242467621
JR,q,0.0,1.949,1.2660731434864214,1.266073143486423
JR,q,0.0,1.95,1.2561358571748045,1.2561358571748011
JR,q,0.0,1.951,1.247595232315442,1.247595232315444
JR,q,0.0,1.952,1.240398844459107,1.2403988444591076
JR,q,0.0,1.953,1.2345098777037897,1.234509877703787
JR,q,0.0,1.954,1.2299071246947104,1.2299071246947084
JR,q,0.0,1.955,1.2265849866243146,1.2265849866243164
JR,q,0.0,1.956,1.2245534732322776,1.224553473232277
JR,q,0.0,1.957,1.2238368181609127,1.2238368181609152
JR,q,0.0,1.958,1.2243745259956054,1.2243745259956034
JR,q,0.0,1.959,1.2260530317225342,1.2260530317225322
JR,q,0.0,1.96,1.228790353553685,1.2287903535536875
JR,q,0.0,1.961,1.2325149911167168,1.2325149911167161
JR,q,0.0,1.962,1.2371659254549519,1.2371659254549492
JR,q,0.0,1.963,1.2426926190273848,1.2426926190273833
JR,q,0.0,1.964,1.2490550157086782,1.2490550157086775
JR,q,0.0,1.965,1.2562235407891649,1.2562235407891649
JR,q,0.0,1.966,1.2641791009748413,1.2641791009748429
JR,q,0.0,1.967,1.2729130843873797,1.2729130843873824
JR,q,0.0,1.968,1.2824162292605559,1.2824162292605588
JR,q,0.0,1.969,1.2926025373353394,1.292602537335341
JR,q,0.0,1.97,1.303400139883645,1.3034001398836466
JR,q,0.0,1.971,1.3147508943068154,1.314750894306813
JR,q,0.0,1.972,1.32660279954559,1.3266027995455862
JR,q,0.0,1.973,1.3389099960801252,1.338909996080123
JR,q,0.0,1.974,1.3516327659299687,1.3516327659299665
JR,q,0.0,1.975,1.3647375326540878,1.3647375326540894
JR,q,0.0,1.976,1.378196861350843,1.3781968613508429
JR,q,0.0,1.977,1.3919894586580117,1.3919894586580128
JR,q,0.0,1.978,1.4061001727527627,1.406100172752761
JR,q,0.0,1.979,1.4205199933516859,1.4205199933516885
JR,q,0.0,1.98,1.4352236869504944,1.4352236869504953
JR,q,0.0,1.981,1.4501516334241655,1.450151633424166
JR,q,0.0,1.982,1.4652687976892942,1.4652687976892933
JR,q,0.0,1.983,1.480543732050151,1.4805437320501493
JR,q,0.0,1.984,1.495948013303411,1.495948013303408
JR,q,0.0,1.985,1.5114562427381828,1.51145624273818
JR,q,0.0,1.986,1.5270460461359812,1.5270460461359796
JR,q,0.0,1.987,1.5426980737707563,1.542698073770756
JR,q,0.0,1.988,1.5583960004088642,1.5583960004088626
JR,q,0.0,1.989,1.5741265253090941,1.574126525309094
JR,q,0.0,1.99,1.5898793722226423,1.5898793722226408
JR,q,0.0,1.991,1.6056472893931386,1.6056472893931386
JR,q,0.0,1.992,1.6214260495566206,1.6214260495566188
JR,q,0.0,1.993,1.6372016241025227,1.6372016241025193
JR,q,0.0,1.994,1.6529406678215555,1.652940667821554
JR,q,0.0,1.995,1.6686310502514532,1.668631050251454
JR,q,0.0,1.996,1.6842623698668748,1.6842623698668726
JR,q,0.0,1.997,1.6998251642250661,1.6998251642250668
JR,q,0.0,1.998,1.7153109099658272,1.7153109099658281
JR,q,0.0,1.999,1.730712022811547,1.7307120228115491
JR,q,0.0,2.0,1.7460218575671678,1.7460218575671698
JR,q,0.25,0.0,0.0,0.0
JR,q,0.25,0.001,0.017990921313896083,0.017991642642936102
JR,q,0.25,0.002,0.06699730565049196,0.06699957554156942
JR,q,0.25,0.003,0.14045973885441188,0.14046367467696352
JR,q,0.25,0.004,0.2327758925253963,0.23278111607525317
JR,q,0.25,0.005,0.3391467665575065,0.33915260582532086
JR,q,0.25,0.006,0.4556763216494468,0.45568194923290783
JR,q,0.25,0.007,0.5790872052282761,0.5790916702590855
JR,q,0.25,0.008,0.7065458469540349,0.7065481727263309
JR,q,0.25,0.009000000000000001,0.8356705126035322,0.8356699298481972
JR,q,0.25,0.01,0.9646679688934109,0.964663779467212
JR,q,0.25,0.011,1.0921240480795442,1.092115533301562
JR,q,0.25,0.012,1.2168226999259575,1.2168092255854652
JR,q,0.25,0.013000000000000001,1.337744059358272,1.3377251020533458
JR,q,0.25,0.014,1.4540858664838612,1.4540615005162911
JR,q,0.25,0.015,1.5654015560618453,1.5653717036594934
JR,q,0.25,0.016,1.6714127902277987,1.671377306675449
JR,q,0.25,0.017,1.7718992783103384,1.771858074766192
JR,q,0.25,0.018000000000000002,1.8666984640568238,1.8666515060982922
JR,q,0.25,0.019,1.9557055147810125,1.955652771656464
JR,q,0.25,0.02,2.038903600270405,2.0388462313339404
JR,q,0.25,0.021,2.116486925105935,2.116425252317679
JR,q,0.25,0.022,2.1887020134002735,2.188636294728744
JR,q,0.25,0.023,2.2557870681479426,2.2557175292326557
JR,q,0.25,0.024,2.3179719712253117,2.3178987962603776
JR,q,0.25,0.025,2.375478283390603,2.3754016060083076
JR,q,0.25,0.026000000000000002,2.428519244283886,2.42843913843828
JR,q,0.25,0.027,2.4773105035022436,2.4772281883091027
JR,q,0.25,0.028,2.522175632474855,2.522091742847176
JR,q,0.25,0.029,2.5634658626924933,2.5633806933595507
JR,q,0.25,0.03,2.6015071801121255,2.60142095823741
JR,q,0.25,0.031,2.6366039893199096,2.6365168747794714
JR,q,0.25,0.032,2.669039113531198,2.668951199191998
JR,q,0.25,0.033,2.699073794590533,2.6989851065887853
JR,q,0.25,0.034,2.7269476929716507,2.7268581909911758
JR,q,0.25,0.035,2.752878887777479,2.7527884653280426
JR,q,0.25,0.036000000000000004,2.777068575182264,2.776979082952771
JR,q,0.25,0.037,2.7997753921795407,2.799685960226086
JR,q,0.25,0.038,2.8212118814870024,2.821122867507994
JR,q,0.25,0.039,2.841556696710787,2.8414684469336695
JR,q,0.25,0.04,2.860978759055259,2.8608916103065307
JR,q,0.25,0.041,2.8796372573230067,2.8795515404131913
JR,q,0.25,0.042,2.8976816479148413,2.8975976910234724
JR,q,0.25,0.043000000000000003,2.9152516548298033,2.9151697868903774
JR,q,0.25,0.044,2.932477269665156,2.93239823706877
JR,q,0.25,0.045,2.949495050491377,2.9494181777533783
JR,q,0.25,0.046,2.966383601962658,2.9663088778716964
JR,q,0.25,0.047,2.9831733587490397,2.983101955403894
JR,q,0.25,0.048,2.999901539832936,2.999834630979541
JR,q,0.25,0.049,3.01661224731011,3.016551019383197
JR,q,0.25,0.05,3.0333564663896695,3.033302129554414
JR,q,0.25,0.051000000000000004,3.0501920653940715,3.0501458645877455
JR,q,0.25,0.052000000000000005,3.067183795759119,3.067147021732737
JR,q,0.25,0.053,3.084403292033961,3.0843772159164486
JR,q,0.25,0.054,3.101909333797149,3.1018924212896275
JR,q,0.25,0.055,3.1196704737891845,3.119664776912736
JR,q,0.25,0.056,3.1376401110632104,3.1376480367172324
JR,q,0.25,0.057,3.155789186260005,3.1558131310182773
JR,q,0.25,0.058,3.1741061909314414,3.1741485699674454
JR,q,0.25,0.059000000000000004,3.192597167540486,3.1926604435527377
JR,q,0.25,0.06,3.2112857094612024,3.2113724215985724
JR,q,0.25,0.061,3.2302129609787493,3.23032575376578
JR,q,0.25,0.062,3.249437617289379,3.2495792695516106
JR,q,0.25,0.063,3.26901760284518,3.269187865855115
JR,q,0.25,0.064,3.2889083458247463,3.2891112664938236
JR,q,0.25,0.065,3.3090597770117345,3.3092995363663515
JR,q,0.25,0.066,3.329442234328202,3.3297230254113384
JR,q,0.25,0.067,3.350043665310112,3.3503697617231545
JR,q,0.25,0.068,3.3708696271073384,3.371245451551914
JR,q,0.25,0.069,3.3919432864836643,3.392373479303456
JR,q,0.25,0.07,3.4133054198167794,3.4137949075393506
JR,q,0.25,0.07100000000000001,3.435014413098285,3.4355684769769086
JR,q,0.25,0.07200000000000001,3.457145702714429,3.457769062720202
JR,q,0.25,0.073,3.479721111677929,3.4804198697335753
JR,q,0.25,0.074,3.5027042263275625,3.5034863010413075
JR,q,0.25,0.075,3.5260832506011264,3.5269566561696535
JR,q,0.25,0.076,3.549861675856617,3.550834744633129
JR,q,0.25,0.077,3.5740582808722294,3.5751398233693807
JR,q,0.25,0.078,3.598707131846359,3.5999065967392156
JR,q,0.25,0.079,3.6238575823975987,3.6251852165265626
JR,q,0.25,0.08,3.649574273564741,3.6510412819385074
JR,q,0.25,0.081,3.675937133806779,3.677555839605268
JR,q,0.25,0.082,3.703035676791513,3.7048194452879106
JR,q,0.25,0.083,3.730890349095046,3.7328550482514062
JR,q,0.25,0.084,3.7594952810496056,3.76165785685167
JR,q,0.25,0.085,3.7888647361352454,3.7912429706066
JR,q,0.25,0.08600000000000001,3.8190301981093624,3.821643085290331
JR,q,0.25,0.08700000000000001,3.8500403710066973,3.8529084929332136
JR,q,0.25,0.088,3.8819611791393323,3.885107081821831
JR,q,0.25,0.089,3.9148757670966927,3.9183243364989955
JR,q,0.25,0.09,3.9488844997455477,3.9526633377637435
JR,q,0.25,0.091,3.9841049622300098,3.9882447626713353
JR,q,0.25,0.092,4.020659473123377,4.0251942573642285
JR,q,0.25,0.093,4.058588442283151,4.063554745189292
JR,q,0.25,0.094,4.097911987003822,4.103349037061179
JR,q,0.25,0.095,4.1386770997389135,4.144627394179939
JR,q,0.25,0.096,4.180957591944576,4.187467440402989
JR,q,0.25,0.097,4.224854094079588,4.231974162245058
JR,q,0.25,0.098,4.270494055605353,4.278279908878255
JR,q,0.25,0.099,4.3180317449859,4.32654439213201
JR,q,0.25,0.1,4.367648249687887,4.376954686493108
JR,q,0.25,0.101,4.419551471517699,4.429724828128703
JR,q,0.25,0.10200000000000001,4.47392759151913,4.485038253283075
JR,q,0.25,0.10300000000000001,4.530846535479807,4.542973414153939
JR,q,0.25,0.10400000000000001,4.59039396213643,4.603626124941162
JR,q,0.25,0.105,4.652699909705685,4.667134410570135
JR,q,0.25,0.106,4.717938795884219,4.733678510189697
JR,q,0.25,0.107,4.786329417848664,4.803480877172124
JR,q,0.25,0.108,4.858134952255613,4.876806179113133
JR,q,0.25,0.109,4.933662955241637,4.953961297831891
JR,q,0.25,0.11,5.013265362423281,5.035295329370993
JR,q,0.25,0.111,5.097302166715593,5.121119144803028
JR,q,0.25,0.112,5.185956773211043,5.211626468660065
JR,q,0.25,0.113,5.279459586982174,5.30707446282865
JR,q,0.25,0.114,5.378085017896456,5.40773123425786
JR,q,0.25,0.115,5.482139609850418,5.513873322811557
JR,q,0.25,0.116,5.591962040769661,5.625785701266184
JR,q,0.25,0.117,5.7079231226088485,5.743761775310713
JR,q,0.25,0.11800000000000001,5.830425801351711,5.868103383546687
JR,q,0.25,0.11900000000000001,5.959905157011039,5.999120797488204
JR,q,0.25,0.12,6.096774303892586,6.137093330873333
JR,q,0.25,0.121,6.2408559165544855,6.281961270052319
JR,q,0.25,0.122,6.39261622801942,6.433929316628762
JR,q,0.25,0.123,6.552583838140659,6.593210095971061
JR,q,0.25,0.124,6.721063780531519,6.7598400936660985
JR,q,0.25,0.125,6.898137522565359,6.933677488507604
JR,q,0.25,0.126,7.083662965375584,7.114402152496141
JR,q,0.25,0.127,7.277274443855646,7.30151565083911
JR,q,0.25,0.128,7.478382726659038,7.494341241950767
JR,q,0.25,0.129,7.686175016199305,7.692063021953033
JR,q,0.25,0.13,7.89961800298984,7.893907715043458
JR,q,0.25,0.131,8.117687377727059,8.098972185609018
JR,q,0.25,0.132,8.33946005448653,8.306443676699612
JR,q,0.25,0.133,8.56382101250193,8.515368781427252
JR,q,0.25,0.134,8.789452985538588,8.724607418919753
JR,q,0.25,0.135,9.014836461893495,8.9328328343207
JR,q,0.25,0.136,9.23824968439531,9.138531598789495
JR,q,0.25,0.137,9.457768650404342,9.340003609501323
JR,q,0.25,0.138,9.671267111812565,9.535484352237159
JR,q,0.25,0.139,9.876416575043613,9.723488612857537
JR,q,0.25,0.14,10.071043667483881,9.902784400443318
JR,q,0.25,0.14100000000000001,10.25404757579961,10.072276879307841
JR,q,0.25,0.14200000000000002,10.42426530580958,10.230853283474328
JR,q,0.25,0.14300000000000002,10.580555046135622,10.377386740239322
JR,q,0.25,0.14400000000000002,10.721812234944302,10.510738249464382
JR,q,0.25,0.145,10.846969559946935,10.629756686204086
JR,q,0.25,0.146,10.954996958399573,10.733294565404126
JR,q,0.25,0.147,11.044901617103005,10.820378514883068
JR,q,0.25,0.148,11.115740053829738,10.890383662165073
JR,q,0.25,0.149,11.16715126239865,10.943046082835348
JR,q,0.25,0.15,11.199230470424249,10.978197118328774
JR,q,0.25,0.151,11.212055054456176,10.99570304590462
JR,q,0.25,0.152,11.205738329802621,10.995464116556507
JR,q,0.25,0.153,11.180429550530286,10.977414658150327
JR,q,0.25,0.154,11.136313909464421,10.941524258219756
JR,q,0.25,0.155,11.0736125381888,10.887861077910099
JR,q,0.25,0.156,10.992582740014521,10.816696035660355
JR,q,0.25,0.157,10.893684206609077,10.728559979554884
JR,q,0.25,0.158,10.77772107592135,10.624094936609975
JR,q,0.25,0.159,10.645513119897782,10.503957442609083
JR,q,0.25,0.16,10.49787473478582,10.368812265648653
JR,q,0.25,0.161,10.335614941133915,10.219328963609716
JR,q,0.25,0.162,10.159537383791523,10.056182354996707
JR,q,0.25,0.163,9.970440331909106,9.88005464560434
JR,q,0.25,0.164,9.769116678938136,9.691761795923593
JR,q,0.25,0.165,9.556377495837552,9.49224476440762
JR,q,0.25,0.166,9.33332402411977,9.28247733783739
JR,q,0.25,0.167,9.101013259439124,9.063452832018873
JR,q,0.25,0.168,8.860469466398605,8.836182796750784
JR,q,0.25,0.169,8.612739427392803,8.601700602046314
JR,q,0.25,0.17,8.358892442607893,8.361061353089648
JR,q,0.25,0.171,8.100020330021646,8.115341890235939
JR,q,0.25,0.17200000000000001,7.837237425403423,7.865642488439466
JR,q,0.25,0.17300000000000001,7.5716805823141655,7.61312378877961
JR,q,0.25,0.17400000000000002,7.304572249502259,7.359037692810699
JR,q,0.25,0.17500000000000002,7.0371694587426585,7.104523293092741
JR,q,0.25,0.176,6.770585994966396,6.850697584136558
JR,q,0.25,0.177,6.505988502826906,6.59872840265667
JR,q,0.25,0.178,6.244602522793304,6.349811800656281
JR,q,0.25,0.179,5.987712491150379,6.105172603946921
JR,q,0.25,0.18,5.736661739998576,5.866064412148456
JR,q,0.25,0.181,5.492852497254017,5.6337375645862355
JR,q,0.25,0.182,5.257735333705565,5.409370502727876
JR,q,0.25,0.183,5.03240768825842,5.194098097997437
JR,q,0.25,0.184,4.81799770708006,4.988919332995186
JR,q,0.25,0.185,4.615678706048172,4.794744220818449
JR,q,0.25,0.186,4.426498166009161,4.612445130664705
JR,q,0.25,0.187,4.251377732778156,4.442792313730609
JR,q,0.25,0.188,4.091113217139011,4.286451951830107
JR,q,0.25,0.189,3.9463745948442934,4.143975094930619
JR,q,0.25,0.19,3.8177060066152997,4.015791397504503
JR,q,0.25,0.191,3.705514196171684,3.9021291569875034
JR,q,0.25,0.192,3.6099458324098777,3.803050421083948
JR,q,0.25,0.193,3.53095575982087,3.71843199640563
JR,q,0.25,0.194,3.468297828073819,3.6479651545732215
JR,q,0.25,0.195,3.421510889815927,3.591147840648552
JR,q,0.25,0.196,3.38991878880411,3.547304467197548
JR,q,0.25,0.197,3.3726040697801345,3.515578505883722
JR,q,0.25,0.198,3.3683759465228675,3.494941963929294
JR,q,0.25,0.199,3.3758463018238025,3.4841865128547895
JR,q,0.25,0.2,3.3934417166201776,3.48194771728565
JR,q,0.25,0.201,3.4194034699949682,3.4868745127111196
JR,q,0.25,0.202,3.451747027728633,3.4975321609261685
JR,q,0.25,0.203,3.4883723512210487,3.512470137229318
JR,q,0.25,0.20400000000000001,3.5273594808408113,3.530212027139232
JR,q,0.25,0.20500000000000002,3.566831471781267,3.5493183400168977
JR,q,0.25,0.20600000000000002,3.604947404413913,3.5683615405093034
JR,q,0.25,0.20700000000000002,3.639902384288387,3.586079240013247
JR,q,0.25,0.20800000000000002,3.6699272922958492,3.6013578450680104
JR,q,0.25,0.209,3.693213428837442,3.6131410658651713
JR,q,0.25,0.21,3.709172417038868,3.620642928298961
JR,q,0.25,0.211,3.717795796874949,3.6233197981013694
JR,q,0.25,0.212,3.7190199784832707,3.6207621429862615
JR,q,0.25,0.213,3.7127262421641767,3.612685243476937
JR,q,0.25,0.214,3.6987407383807636,3.5989350541622502
JR,q,0.25,0.215,3.676834487758885,3.5793880342085025
JR,q,0.25,0.216,3.6469748097424652,3.5540739309583467
JR,q,0.25,0.217,3.6103722010264594,3.5233070250196685
JR,q,0.25,0.218,3.5681643358559203,3.4875287465017184
JR,q,0.25,0.219,3.521272721210744,3.4472421996377
JR,q,0.25,0.22,3.4704361073931036,3.4029385808913615
JR,q,0.25,0.221,3.4162104880274846,3.355090050083608
JR,q,0.25,0.222,3.3589691000606514,3.304086572890806
JR,q,0.25,0.223,3.299202333769026,3.2503808505753655
JR,q,0.25,0.224,3.2377816571957307,3.194496312408427
JR,q,0.25,0.225,3.1753869225064495,3.1369639821413022
JR,q,0.25,0.226,3.112554376440647,3.0783083930243773
JR,q,0.25,0.227,3.049676728006272,3.018960498937369
JR,q,0.25,0.228,2.9870031484797455,2.95924798690098
JR,q,0.25,0.229,2.9246392714059777,2.899433686515988
JR,q,0.25,0.23,2.862547533957743,2.8397490260965883
JR,q,0.25,0.231,2.800977748246492,2.7803904702481295
JR,q,0.25,0.232,2.7401985347941107,2.7215429934240145
JR,q,0.25,0.233,2.6801731887977702,2.663356068707823
JR,q,0.25,0.234,2.620884602764743,2.605952521429084
JR,q,0.25,0.23500000000000001,2.5623352665124024,2.54942206174342
JR,q,0.25,0.23600000000000002,2.5045472671682276,2.493840048607033
JR,q,0.25,0.23700000000000002,2.4475622891697935,2.439277888457624
JR,q,0.25,0.23800000000000002,2.3914416142647834,2.3858465830398914
JR,q,0.25,0.23900000000000002,2.336278710983539,2.333598159737183
JR,q,0.25,0.24,2.2821925892016903,2.2825352780236763
JR,q,0.25,0.241,2.2290152154050737,2.2326260325850487
JR,q,0.25,0.242,2.176584071203285,2.1838160186580655
JR,q,0.25,0.243,2.1248049092125605,2.1360598703704055
JR,q,0.25,0.244,2.073651753055799,2.0893396262467765
JR,q,0.25,0.245,2.0231668973625503,2.043682319816646
JR,q,0.25,0.246,1.9734609077690077,1.9991666564365693
JR,q,0.25,0.247,1.9247126209180276,1.9559032270692267
JR,q,0.25,0.248,1.8771691444591116,1.9139549058078067
JR,q,0.25,0.249,1.8311082845551674,1.8733471000025446
JR,q,0.25,0.25,1.7864140861478823,1.834055751963498
JR,q,0.25,0.251,1.7429500954155799,1.7960215757715376
JR,q,0.25,0.252,1.7006653677810348,1.759204401740621
JR,q,0.25,0.253,1.6595501438323677,1.7235792372442262
JR,q,0.25,0.254,1.6196358493230356,1.689167926628399
JR,q,0.25,0.255,1.5809950951718363,1.6560361322113628
JR,q,0.25,0.256,1.5437416774629096,1.6242870759263293
JR,q,0.25,0.257,1.5080305774457345,1.594014900150977
JR,q,0.25,0.258,1.4740579615351272,1.5652428201770534
JR,q,0.25,0.259,1.441966710878277,1.5379879530576537
JR,q,0.25,0.26,1.4116124364071032,1.512206333085862
JR,q,0.25,0.261,1.3829194717163302,1.487848817864499
JR,q,0.25,0.262,1.3558431478778719,1.4648716678613802
JR,q,0.25,0.263,1.3303633230584326,1.443251404089858
JR,q,0.25,0.264,1.3064843825195123,1.4229919271326943
JR,q,0.25,0.265,1.2842352386174003,1.4041240201161624
JR,q,0.25,0.266,1.2636693308031806,1.3867000052731755
JR,q,0.25,0.267,1.2448646256227276,1.3707433536253097
JR,q,0.25,0.268,1.2279200129071821,1.356244734754502
JR,q,0.25,0.269,1.2127938573564112,1.3431822891056109
JR,q,0.25,0.27,1.1993582537578158,1.331496039922917
JR,q,0.25,0.271,1.1875263011829693,1.3211277188656438
JR,q,0.25,0.272,1.1772282944032657,1.3120210142452517
JR,q,0.25,0.273,1.1684117238899177,1.3041342388256865
JR,q,0.25,0.274,1.1610412758139583,1.297444485800276
JR,q,0.25,0.275,1.1550988320462476,1.2919463391363986
JR,q,0.25,0.276,1.1505834701574598,1.2876412009236902
JR,q,0.25,0.277,1.147511463418092,1.2845097802375038
JR,q,0.25,0.278,1.145909858879893,1.282526902303358
JR,q,0.25,0.279,1.1456906715688815,1.2816491538796384
JR,q,0.25,0.28,1.146737058683323,1.2818137587569922
JR,q,0.25,0.281,1.1489606179439784,1.2829598844659607
JR,q,0.25,0.28200000000000003,1.1522846969732576,1.2850285453857488
JR,q,0.25,0.28300000000000003,1.1566443932952177,1.287972332689055
JR,q,0.25,0.28400000000000003,1.1619865543355647,1.2917561745126522
JR,q,0.25,0.28500000000000003,1.168269777421651,1.2963568633625004
JR,q,0.25,0.28600000000000003,1.1754644097824771,1.3017530969239854
JR,q,0.25,0.28700000000000003,1.1835525485486897,1.3079095813604797
JR,q,0.25,0.28800000000000003,1.1925280407525856,1.314796732343391
JR,q,0.25,0.289,1.2023627881739243,1.322379254633412
JR,q,0.25,0.29,1.2129513557008682,1.3306134887980163
JR,q,0.25,0.291,1.2242211249013666,1.339448453423848
JR,q,0.25,0.292,1.2361081165594907,1.3488371053357338
JR,q,0.25,0.293,1.2485554207877758,1.3587361380613523
JR,q,0.25,0.294,1.2615131970272282,1.3691111036544976
JR,q,0.25,0.295,1.2749386740473163,1.379935492120838
JR,q,0.25,0.296,1.2887961499459788,1.391186886469148
JR,q,0.25,0.297,1.30305699214962,1.4028368362226233
JR,q,0.25,0.298,1.3176996374131145,1.4148541914541455
JR,q,0.25,0.299,1.3327095918197989,1.4272103723129919
JR,q,0.25,0.3,1.3480765684072802,1.4398755927892686
JR,q,0.25,0.301,1.363743325040173,1.4528236952557996
JR,q,0.25,0.302,1.37965676074751,1.4660284872778626
JR,q,0.25,0.303,1.3957783192955118,1.4794635865195715
JR,q,0.25,0.304,1.4120730105295332,1.4930995091351875
JR,q,0.25,0.305,1.428509410374069,1.5069133448120928
JR,q,0.25,0.306,1.4450596608327495,1.5208866157262972
JR,q,0.25,0.307,1.4616994699883432,1.5350022326999764
JR,q,0.25,0.308,1.4784081120027555,1.5492442519593128
JR,q,0.25,0.309,1.4951684271170285,1.5635923174955284
JR,q,0.25,0.31,1.511966821651344,1.5780268258317622
JR,q,0.25,0.311,1.5287932680050167,1.5925286821822844
JR,q,0.25,0.312,1.5456413046565016,1.6070815276195196
JR,q,0.25,0.313,1.5625048941440105,1.62167102176519
JR,q,0.25,0.314,1.5793506835058153,1.6362841518937947
JR,q,0.25,0.315,1.5961557664782693,1.6509090424663262
JR,q,0.25,0.316,1.6129040136578983,1.6655354278486152
JR,q,0.25,0.317,1.6295810754176157,1.6801515462520908
JR,q,0.25,0.318,1.646174381906718,1.6947456436628692
JR,q,0.25,0.319,1.6626731430508892,1.7093089042963447
JR,q,0.25,0.32,1.6790683485522,1.723834851202108
JR,q,0.25,0.321,1.6953527678891063,1.7383161096559285
JR,q,0.25,0.322,1.7115209503164492,1.7527422399857213
JR,q,0.25,0.323,1.7275692248654564,1.7671050619197812
JR,q,0.25,0.324,1.7434957003437428,1.7813980034086319
JR,q,0.25,0.325,1.7593002653353085,1.795615880547901
JR,q,0.25,0.326,1.774984588200537,1.8097538138241758
JR,q,0.25,0.327,1.7905451080835384,1.8238066552142052
JR,q,0.25,0.328,1.8059642740273434,1.8377688933777439
JR,q,0.25,0.329,1.8212362920269483,1.8516358620453426
JR,q,0.25,0.33,1.8363570936307854,1.8654030085077853
JR,q,0.25,0.331,1.8513237279696724,1.879067438204739
JR,q,0.25,0.332,1.8661343617568056,1.8926275902885386
JR,q,0.25,0.333,1.880788279287768,1.9060833284685796
JR,q,0.25,0.334,1.89528588244052,1.9194344346496803
JR,q,0.25,0.335,1.9096286906754094,1.9326784840173912
JR,q,0.25,0.336,1.9238193410351645,1.9458135546774422
JR,q,0.25,0.337,1.9378615881448944,1.9588385213860833
JR,q,0.25,0.338,1.951757009502432,1.9717512249453732
JR,q,0.25,0.339,1.9655016606841347,1.9845491122086094
JR,q,0.25,0.34,1.9790928081410777,1.99723055816086
JR,q,0.25,0.341,1.992528904979861,2.0097942934653337
JR,q,0.25,0.342,2.0058095908881173,2.022239708739077
JR,q,0.25,0.343,2.0189356921345056,2.034567139649921
JR,q,0.25,0.34400000000000003,2.031909221568716,2.0467784240014213
JR,q,0.25,0.34500000000000003,2.0447333786214656,2.058876568791025
JR,q,0.25,0.34600000000000003,2.0574125493045026,2.070864438654086
JR,q,0.25,0.34700000000000003,2.069952306210602,2.082744192805897
JR,q,0.25,0.34800000000000003,2.0823593617227645,2.094516338701269
JR,q,0.25,0.34900000000000003,2.094636888437797,2.106179462918658
JR,q,0.25,0.35000000000000003,2.1067808781448325,2.1177317182285047
JR,q,0.25,0.35100000000000003,2.1187879933255407,2.1291722462339244
JR,q,0.25,0.352,2.1306564605697726,2.1405007262712954
JR,q,0.25,0.353,2.142386070575558,2.1517174368714596
JR,q,0.25,0.354,2.1539781781491025,2.1628239903686266
JR,q,0.25,0.355,2.165435702204791,2.1738233801180473
JR,q,0.25,0.356,2.1767631257651865,2.184719928081769
JR,q,0.25,0.357,2.187966495961031,2.1955179525284345
JR,q,0.25,0.358,2.199053424031245,2.206220869663189
JR,q,0.25,0.359,2.2100330853229253,2.2168308914806767
JR,q,0.25,0.36,2.220912843300185,2.2273478388033694
JR,q,0.25,0.361,2.2316871624846533,2.2377702147257863
JR,q,0.25,0.362,2.242351225474621,2.2480970239477895
JR,q,0.25,0.363,2.2529021364916972,2.258328208338489
JR,q,0.25,0.364,2.2633387267834046,2.268463900121498
JR,q,0.25,0.365,2.2736615546231773,2.278505658607129
JR,q,0.25,0.366,2.2838729053103606,2.28845654250835
JR,q,0.25,0.367,2.293976791170213,2.2983212152124257
JR,q,0.25,0.368,2.3039789515539035,2.308105287008862
JR,q,0.25,0.369,2.3138868528385137,2.3178129252950312
JR,q,0.25,0.37,2.323709688427037,2.3274472755701505
JR,q,0.25,0.371,2.3334580673327094,2.3370090927472322
JR,q,0.25,0.372,2.343131637480138,2.346497248182123
JR,q,0.25,0.373,2.3527232233888253,2.355910185831095
JR,q,0.25,0.374,2.362228877402861,2.3652477255527655
JR,q,0.25,0.375,2.371646394047883,2.3745097275252784
JR,q,0.25,0.376,2.380975310031072,2.383697045804711
JR,q,0.25,0.377,2.3902169042411567,2.39281213908522
JR,q,0.25,0.378,2.3993741977484113,2.4018591149441137
JR,q,0.25,0.379,2.408451953804654,2.410843674043752
JR,q,0.25,0.38,2.4174566778432514,2.419771368722451
JR,q,0.25,0.381,2.4263966174791127,2.4286462369573645
JR,q,0.25,0.382,2.435281762508696,2.43747029868117
JR,q,0.25,0.383,2.4441199783965333,2.4462434729021485
JR,q,0.25,0.384,2.4529042541230637,2.454963941469075
JR,q,0.25,0.385,2.4616292062340186,2.463630675013671
JR,q,0.25,0.386,2.4702915112963724,2.4722436630446984
JR,q,0.25,0.387,2.4788895821391996,2.4808028464446776
JR,q,0.25,0.388,2.4874235678536727,2.4893097427012423
JR,q,0.25,0.389,2.49589535379306,2.497767453902685
JR,q,0.25,0.39,2.504308561572732,2.506180793363308
JR,q,0.25,0.391,2.512668549070155,2.5145557316490197
JR,q,0.25,0.392,2.520982410424896,2.5228974453535953
JR,q,0.25,0.393,2.5292589760386193,2.531209485699986
JR,q,0.25,0.394,2.5375087864176242,2.5394927529810203
JR,q,0.25,0.395,2.5457339575166555,2.547746859659341
JR,q,0.25,0.396,2.5539263518403765,2.5559699897747534
JR,q,0.25,0.397,2.562081505991844,2.564161691270738
JR,q,0.25,0.398,2.570196662870108,2.5723219014437224
JR,q,0.25,0.399,2.5782707716702085,2.5804511052074406
JR,q,0.25,0.4,2.586304487883179,2.5885513435384477
JR,q,0.25,0.401,2.594300173296044,2.596626306192337
JR,q,0.25,0.402,2.6022618959918202,2.6046813392988213
JR,q,0.25,0.403,2.610195430349518,2.612722282223982
JR,q,0.25,0.404,2.6181082570441356,2.620754171299703
JR,q,0.25,0.405,2.6260095630466678,2.6287796765223197
JR,q,0.25,0.406,2.6339095172615496,2.6367991883055195
JR,q,0.25,0.40700000000000003,2.641805370192213,2.644812141878063
JR,q,0.25,0.40800000000000003,2.6496900687316853,2.6528171448692563
JR,q,0.25,0.40900000000000003,2.657559687211334,2.6608142125758523
JR,q,0.25,0.41000000000000003,2.665411987948958,2.6688034123948654
JR,q,0.25,0.41100000000000003,2.6732464212487907,2.676785953063115
JR,q,0.25,0.41200000000000003,2.6810641254015013,2.684764491252503
JR,q,0.25,0.41300000000000003,2.6888679266841913,2.6927433830007717
JR,q,0.25,0.41400000000000003,2.6966623393603966,2.7007284004334067
JR,q,0.25,0.41500000000000004,2.7044535656800868,2.70872547155604
JR,q,0.25,0.41600000000000004,2.712249495879665,2.716739518744487
JR,q,0.25,0.417,2.7200597081819704,2.724772410246377
JR,q,0.25,0.418,2.7278933342599396,2.7328245455684397
JR,q,0.25,0.419,2.7357447683564637,2.740895456109875
JR,q,0.25,0.42,2.7436080732321866,2.74898441760077
JR,q,0.25,0.421,2.7514798102291134,2.757091911561951
JR,q,0.25,0.422,2.759358256812804,2.765218487558057
JR,q,0.25,0.423,2.7672434065723626,2.773366244752809
JR,q,0.25,0.424,2.775136969220448,2.781538773490127
JR,q,0.25,0.425,2.783042370593265,2.789741398367643
JR,q,0.25,0.426,2.7909647526505696,2.7979803480239713
JR,q,0.25,0.427,2.798910973475667,2.8062622139741547
JR,q,0.25,0.428,2.806889607275413,2.814591642412609
JR,q,0.25,0.429,2.814910944380212,2.8229701038253037
JR,q,0.25,0.43,2.8229827842083584,2.8313983046341855
JR,q,0.25,0.431,2.831098017886733,2.839876306305033
JR,q,0.25,0.432,2.8392515895687715,2.8484044037347886
JR,q,0.25,0.433,2.8474405539819703,2.8569837928646997
JR,q,0.25,0.434,2.8556637921390093,2.8656160636366264
JR,q,0.25,0.435,2.8639220113377526,2.874304663781682
JR,q,0.25,0.436,2.872217745161249,2.883054747224413
JR,q,0.25,0.437,2.8805553534777344,2.8918731139719243
JR,q,0.25,0.438,2.888941022440625,2.9007669677209185
JR,q,0.25,0.439,2.8973827644885257,2.909744026845702
JR,q,0.25,0.44,2.9058904183452237,2.9188083896327828
JR,q,0.25,0.441,2.914475649019694,2.9279619594382513
JR,q,0.25,0.442,2.923144494545016,2.9372061537531082
JR,q,0.25,0.443,2.9318893089882274,2.9465422353988657
JR,q,0.25,0.444,2.9407056698735268,2.9559722602099
JR,q,0.25,0.445,2.949591240995158,2.965498861566958
JR,q,0.25,0.446,2.95854575671585,2.975125671066192
JR,q,0.25,0.447,2.9675710219668123,2.9848585292701064
JR,q,0.25,0.448,2.9766709122477417,2.9947054144822296
JR,q,0.25,0.449,2.9858513736268155,3.0046752640598253
JR,q,0.25,0.45,2.995120422740696,3.0147776354093114
JR,q,0.25,0.451,3.0044881467945266,3.0250207700061833
JR,q,0.25,0.452,3.013966703561937,3.0354089228001566
JR,q,0.25,0.453,3.0235701555240544,3.045945582487481
JR,q,0.25,0.454,3.0333018085174466,3.056633906980789
JR,q,0.25,0.455,3.043154294801366,3.067477838244711
JR,q,0.25,0.456,3.0531238189102394,3.078482797181911
JR,q,0.25,0.457,3.0632091027807316,3.089654606202361
JR,q,0.25,0.458,3.073411385751745,3.101001063428869
JR,q,0.25,0.459,3.0837344245644163,3.1125328014322196
JR,q,0.25,0.46,3.0941844933621216,3.1242625077739166
JR,q,0.25,0.461,3.1047703836904708,3.136203115695309
JR,q,0.25,0.462,3.115503404497314,3.1483666292495918
JR,q,0.25,0.463,3.126397382132735,3.160761557002033
JR,q,0.25,0.464,3.1374686603490543,3.1733952265891254
JR,q,0.25,0.465,3.1487342902874675,3.1862749663624506
JR,q,0.25,0.466,3.16019322539668,3.199408607273261
JR,q,0.25,0.467,3.1718391810281337,3.2128063732272194
JR,q,0.25,0.468,3.1836698445970186,3.22648077036924
JR,q,0.25,0.46900000000000003,3.195686210097102,3.240445163747233
JR,q,0.25,0.47000000000000003,3.2078925781007315,3.254716561907293
JR,q,0.25,0.47100000000000003,3.220296555758825,3.269314796408704
JR,q,0.25,0.47200000000000003,3.232909056800884,3.2842601001395964
JR,q,0.25,0.47300000000000003,3.2457443015349825,3.2995693560398784
JR,q,0.25,0.47400000000000003,3.2588198168477747,3.315256200804246
JR,q,0.25,0.47500000000000003,3.272156436204491,3.331337151549514
JR,q,0.25,0.47600000000000003,3.2857782996489364,3.3478281827819325
JR,q,0.25,0.47700000000000004,3.2997020747824006,3.3647470017607537
JR,q,0.25,0.47800000000000004,3.3139215992301194,3.3821145141362763
JR,q,0.25,0.47900000000000004,3.3284337201679994,3.399956509813769
JR,q,0.25,0.48,3.343240023716273,3.4183018580578994
JR,q,0.25,0.481,3.358346829716565,3.437182892704799
JR,q,0.25,0.482,3.3737651917318883,3.4566343281010345
JR,q,0.25,0.483,3.389510897046648,3.476687481716669
JR,q,0.25,0.484,3.405604466666639,3.497366593193625
JR,q,0.25,0.485,3.422071155319046,3.518700140789372
JR,q,0.25,0.486,3.438940951452445,3.5407233715578372
JR,q,0.25,0.487,3.456248577236804,3.5634752053165806
JR,q,0.25,0.488,3.4740282643948244,3.586996548967515
JR,q,0.25,0.489,3.4922829525541816,3.6113351374613023
JR,q,0.25,0.49,3.5110096529881916,3.6365472141585387
JR,q,0.25,0.491,3.530213030839655,3.662696152895417
JR,q,0.25,0.492,3.5499051866564213,3.6898456808034994
JR,q,0.25,0.493,3.570105656391397,3.7180476323175777
JR,q,0.25,0.494,3.590841411402538,3.747351953842741
JR,q,0.25,0.495,3.6121468584528564,3.7778164367574347
JR,q,0.25,0.496,3.634063839710414,3.8095108452497732
JR,q,0.25,0.497,3.656641632748327,3.842513404845485
JR,q,0.25,0.498,3.6799369505447643,3.876910333360907
JR,q,0.25,0.499,3.7040070685657898,3.9127922162495214
JR,q,0.25,0.5,3.728865489150985,3.950259662347034
JR,q,0.25,0.501,3.7545150178296436,3.9894236973716186
JR,q,0.25,0.502,3.780971285173244,4.030365278208929
JR,q,0.25,0.503,3.808262732179172,4.07316953266082
JR,q,0.25,0.504,3.8364306102707157,4.117948037852091
JR,q,0.25,0.505,3.86552898129707,4.164812377975457
JR,q,0.25,0.506,3.8956247175333343,4.213871776703242
JR,q,0.25,0.507,3.9267975016805137,4.265227998396324
JR,q,0.25,0.508,3.959139826865517,4.318976612358043
JR,q,0.25,0.509,3.9927569328948227,4.375207698606026
JR,q,0.25,0.51,4.027734189979882,4.434000910071626
JR,q,0.25,0.511,4.064090226260228,4.495395178656412
JR,q,0.25,0.512,4.101853618897355,4.559436954428967
JR,q,0.25,0.513,4.141076592349665,4.626185591246216
JR,q,0.25,0.514,4.181835018372462,4.695696099933757
JR,q,0.25,0.515,4.224228416017951,4.767998729465113
JR,q,0.25,0.516,4.268379951635244,4.84307215172235
JR,q,0.25,0.517,4.314436438870357,4.920851409460853
JR,q,0.25,0.518,4.362568338666207,5.001226277888369
JR,q,0.25,0.519,4.412969759262617,5.08404102683553
JR,q,0.25,0.52,4.46582068765727,5.169103709280741
JR,q,0.25,0.521,4.521192491709049,5.256243353395031
JR,q,0.25,0.522,4.5791663402449245,5.345309224837923
JR,q,0.25,0.523,4.6398649425700995,5.4361174099632645
JR,q,0.25,0.524,4.703452541244838,5.528479204970739
JR,q,0.25,0.525,4.770134912084456,5.622177669841067
JR,q,0.25,0.526,4.8401593641593355,5.716970218520199
JR,q,0.25,0.527,4.913814739794913,5.812590848148529
JR,q,0.25,0.528,4.991431414571682,5.908743292255034
JR,q,0.25,0.529,5.0733737031158705,6.005130561614135
JR,q,0.25,0.53,5.159859444713723,6.101517198357181
JR,q,0.25,0.531,5.2510913685855485,6.1976941590145875
JR,q,0.25,0.532,5.3473337905217235,6.293427165058372
JR,q,0.25,0.533,5.448879710882992,6.388482787011217
JR,q,0.25,0.534,5.556050814600471,6.482619965338921
JR,q,0.25,0.535,5.669197471175635,6.575597411562711
JR,q,0.25,0.536,5.788698734680342,6.667171938066144
JR,q,0.25,0.537,5.914962343756806,6.757098703671492
JR,q,0.25,0.538,6.048424721617616,6.8451619688524294
JR,q,0.25,0.539,6.189144360176363,6.931192895278226
JR,q,0.25,0.54,6.337161799621389,7.015021406561456
JR,q,0.25,0.541,6.493102776083919,7.096466513807021
JR,q,0.25,0.542,6.657371879031193,7.175342621132689
JR,q,0.25,0.543,6.830144774328866,7.2514739218113915
JR,q,0.25,0.544,7.011368204241022,7.324679609080835
JR,q,0.25,0.545,7.20075998743016,7.394775632653858
JR,q,0.25,0.546,7.397809018957205,7.461570614575759
JR,q,0.25,0.547,7.601775270281503,7.5249132039548865
JR,q,0.25,0.548,7.811689789260821,7.584659640584314
JR,q,0.25,0.549,8.026420396573428,7.640641004626298
JR,q,0.25,0.55,8.24505551015708,7.692710210920886
JR,q,0.25,0.551,8.466573744601504,7.740745045652606
JR,q,0.25,0.552,8.68975183177621,7.784639663926604
JR,q,0.25,0.553,8.91317530860638,7.824283600057138
JR,q,0.25,0.554,9.135238517072882,7.859553859788232
JR,q,0.25,0.555,9.354144604212266,7.8903319329962756
JR,q,0.25,0.556,9.56790552211676,7.916520426386698
JR,q,0.25,0.557,9.774342027934274,7.937981474814487
JR,q,0.25,0.558,9.971116747078334,7.954601543379585
JR,q,0.25,0.559,10.15668104284357,7.966368890446453
JR,q,0.25,0.56,10.329971474046417,7.973318719823851
JR,q,0.25,0.561,10.489855687575645,7.975520857144403
JR,q,0.25,0.562,10.635239727797423,7.973093074643551
JR,q,0.25,0.5630000000000001,10.765068036555338,7.966149574019811
JR,q,0.25,0.5640000000000001,10.878323453170403,7.95479812247247
JR,q,0.25,0.5650000000000001,10.974027214441023,7.939124075366413
JR,q,0.25,0.5660000000000001,11.051238954643035,7.919198033771525
JR,q,0.25,0.5670000000000001,11.10922506696157,7.895134419291346
JR,q,0.25,0.5680000000000001,11.148001080301368,7.86713068288543
JR,q,0.25,0.5690000000000001,11.167646195251681,7.835435215857559
JR,q,0.25,0.5700000000000001,11.16826430898719,7.800311190228232
JR,q,0.25,0.5710000000000001,11.1499949437545,7.762028361828356
JR,q,0.25,0.5720000000000001,11.113013246872145,7.72086767329605
JR,q,0.25,0.5730000000000001,11.057529990730576,7.677101430463211
JR,q,0.25,0.5740000000000001,10.983791572792173,7.63094034045635
JR,q,0.25,0.5750000000000001,10.892114551546227,7.582625488174952
JR,q,0.25,0.5760000000000001,10.783174059863182,7.532434568584903
JR,q,0.25,0.577,10.657791990502474,7.480659590782533
JR,q,0.25,0.578,10.516781665277591,7.427577539294663
JR,q,0.25,0.579,10.360951682255076,7.373479198917564
JR,q,0.25,0.58,10.191105915754465,7.31862224669057
JR,q,0.25,0.581,10.0080435163483,7.263240782602333
JR,q,0.25,0.582,9.81255891086213,7.207516595172499
JR,q,0.25,0.583,9.605441802374513,7.1515930401221075
JR,q,0.25,0.584,9.387621238992674,7.095607350387876
JR,q,0.25,0.585,9.160231749606686,7.0396761940845884
JR,q,0.25,0.586,8.924283707802802,6.983885851133305
JR,q,0.25,0.587,8.680808889670397,6.928302544974401
JR,q,0.25,0.588,8.43086291551819,6.8729725822581305
JR,q,0.25,0.589,8.175525249874246,6.817907338892848
JR,q,0.25,0.59,7.915899201485958,6.763081891822476
JR,q,0.25,0.591,7.65311192332007,6.708418184431547
JR,q,0.25,0.592,7.38832377797258,6.653833844992984
JR,q,0.25,0.593,7.122824717442736,6.599273523433083
JR,q,0.25,0.594,6.857762304354367,6.544650467461196
JR,q,0.25,0.595,6.594275632430955,6.489825102952774
JR,q,0.25,0.596,6.3335601607847725,6.434658724692589
JR,q,0.25,0.597,6.076867713916904,6.37903510188908
JR,q,0.25,0.598,5.82550648171722,6.322868910825093
JR,q,0.25,0.599,5.580841019464401,6.266131546880051
JR,q,0.25,0.6,5.34429224782593,6.208843024727655
JR,q,0.25,0.601,5.1171748298162605,6.1510028243482795
JR,q,0.25,0.602,4.900464633214089,6.092587962040386
JR,q,0.25,0.603,4.695378375947996,6.033603245896656
JR,q,0.25,0.604,4.503019753735003,5.973997951094
JR,q,0.25,0.605,4.324356136810138,5.913727436970869
JR,q,0.25,0.606,4.160218569926393,5.852760995208939
JR,q,0.25,0.607,4.011301772354766,5.791126771630064
JR,q,0.25,0.608,3.878164137884248,5.728848152000398
JR,q,0.25,0.609,3.7612277348218157,5.6660034223190054
JR,q,0.25,0.61,3.6607782893936864,5.60263771296245
JR,q,0.25,0.611,3.576877037163932,5.538751175439927
JR,q,0.25,0.612,3.509311530759746,5.474311285266287
JR,q,0.25,0.613,3.457688510858027,5.409244579763703
JR,q,0.25,0.614,3.421400755439425,5.343495554089239
JR,q,0.25,0.615,3.3996270797883454,5.2770610447502495
JR,q,0.25,0.616,3.3913275175361406,5.209996680739032
JR,q,0.25,0.617,3.3951802894124867,5.14231235300662
JR,q,0.25,0.618,3.409653341440883,5.074009315234948
JR,q,0.25,0.619,3.4330689363202147,5.005063945040818
JR,q,0.25,0.62,3.4636022636402792,4.9354441575298305
JR,q,0.25,0.621,3.4992808836041256,4.865111127290872
JR,q,0.25,0.622,3.5378295167247202,4.7940344587397075
JR,q,0.25,0.623,3.577291839383154,4.722205796776857
JR,q,0.25,0.624,3.616037633598804,4.649658252313502
JR,q,0.25,0.625,3.6524881519364314,4.576426646342998
JR,q,0.25,0.626,3.6851161175061335,4.5025355098675774
JR,q,0.25,0.627,3.7124457239633877,4.428010453407551
JR,q,0.25,0.628,3.7330526355090186,4.352898603033399
JR,q,0.25,0.629,3.7456564868963724,4.2772430394044125
JR,q,0.25,0.63,3.7500765599237447,4.201145364816565
JR,q,0.25,0.631,3.7467489502748563,4.124764243789641
JR,q,0.25,0.632,3.7360335616721265,4.04826079823621
JR,q,0.25,0.633,3.7182041191266606,3.9717643202496746
JR,q,0.25,0.634,3.693448168938234,3.8953800828667062
JR,q,0.25,0.635,3.6618670786952805,3.8191828380831385
JR,q,0.25,0.636,3.623726992595497,3.743280422318941
JR,q,0.25,0.637,3.5802259127899383,3.6678488913821985
JR,q,0.25,0.638,3.5324595547113997,3.593060668847363
JR,q,0.25,0.639,3.481316941063417,3.5190881790559785
JR,q,0.25,0.64,3.427492342977903,3.4461116092013615
JR,q,0.25,0.641,3.371485280015131,3.374250890099965
JR,q,0.25,0.642,3.313600520163746,3.3036098403624345
JR,q,0.25,0.643,3.254216847075927,3.23429380718671
JR,q,0.25,0.644,3.194063827236061,3.166410255250351
JR,q,0.25,0.645,3.1336355059536665,3.1000861122860126
JR,q,0.25,0.646,3.0733175396888157,3.0354661815374304
JR,q,0.25,0.647,3.013389187203602,2.972682198904993
JR,q,0.25,0.648,2.9540233095621247,2.9118575762153642
JR,q,0.25,0.649,2.895286370130494,2.8531203892254173
JR,q,0.25,0.65,2.8371384345768274,2.796560487031252
JR,q,0.25,0.651,2.7795949381014076,2.7422395133187463
JR,q,0.25,0.652,2.7229508500404815,2.6902340665675215
JR,q,0.25,0.653,2.6671100319761045,2.640608087295843
JR,q,0.25,0.654,2.6119835997184584,2.593407347537893
JR,q,0.25,0.655,2.557519982496858,2.5486479299027973
JR,q,0.25,0.656,2.5037049229597574,2.5063313778649867
JR,q,0.25,0.657,2.45056147717475,2.466453677101819
JR,q,0.25,0.658,2.3981500146285644,2.4289800105275425
JR,q,0.25,0.659,2.3465682182270697,2.39384332600347
JR,q,0.25,0.66,2.2959514370083767,2.3609419383799586
JR,q,0.25,0.661,2.246239669014054,2.3301667988415375
JR,q,0.25,0.662,2.197254888658591,2.301396676438796
JR,q,0.25,0.663,2.1488812481716675,2.274489987945348
JR,q,0.25,0.664,2.1010666022723807,2.249291160897153
JR,q,0.25,0.665,2.053822508169267,2.2256281755547853
JR,q,0.25,0.666,2.007224225560286,2.203335755994102
JR,q,0.25,0.667,1.9614107166328267,2.1822991825456266
JR,q,0.25,0.668,1.9165846460637095,2.1624039120644842
JR,q,0.25,0.669,1.8730123810191817,2.143501323473865
JR,q,0.25,0.67,1.8308800161096777,2.1254534341801428
JR,q,0.25,0.671,1.78997942768164,2.1081122311815164
JR,q,0.25,0.672,1.7502358566277696,2.0913395472281473
JR,q,0.25,0.673,1.7116203278185687,2.0750336154608826
JR,q,0.25,0.674,1.6741398735816828,2.059142597872053
JR,q,0.25,0.675,1.6378375337019184,2.043622751543467
JR,q,0.25,0.676,1.6027923554212276,2.0284523486746098
JR,q,0.25,0.677,1.5691193934387169,2.0136187478247827
JR,q,0.25,0.678,1.5369697099106432,1.9991071321557943
JR,q,0.25,0.679,1.5065287947060728,1.984906162009044
JR,q,0.25,0.68,1.4778145097285078,1.9710085821913839
JR,q,0.25,0.681,1.45070160414084,1.9573930603063976
JR,q,0.25,0.682,1.4251312527302247,1.944048471529078
JR,q,0.25,0.683,1.4010669176173867,1.9309805162974572
JR,q,0.25,0.684,1.3784943482566403,1.91822497361158
JR,q,0.25,0.685,1.357421581435874,1.905829307441912
JR,q,0.25,0.686,1.3378789412765526,1.893827438078102
JR,q,0.25,0.687,1.319919039233726,1.8822492728790226
JR,q,0.25,0.6880000000000001,1.3036167740960192,1.8710930858249895
JR,q,0.25,0.6890000000000001,1.2890439238215388,1.860366982842086
JR,q,0.25,0.6900000000000001,1.2761005421461764,1.8500808053947981
JR,q,0.25,0.6910000000000001,1.2646840582244367,1.8402677820307045
JR,q,0.25,0.6920000000000001,1.2547174228459301,1.8309493888800756
JR,q,0.25,0.6930000000000001,1.2461394342475192,1.822140520509019
JR,q,0.25,0.6940000000000001,1.2389047381133187,1.8138538667359507
JR,q,0.25,0.6950000000000001,1.2329838275746994,1.8061040617392174
JR,q,0.25,0.6960000000000001,1.2283630432102877,1.7988894548445247
JR,q,0.25,0.6970000000000001,1.2250445730459605,1.792220229496024
JR,q,0.25,0.6980000000000001,1.2230464525548497,1.7861114381924639
JR,q,0.25,0.6990000000000001,1.2223813159694865,1.7805708009437413
JR,q,0.25,0.7000000000000001,1.2229395643850198,1.775585845064991
JR,q,0.25,0.7010000000000001,1.2246248839514005,1.7711371566671619
JR,q,0.25,0.7020000000000001,1.2273590137318484,1.7672004529627359
JR,q,0.25,0.7030000000000001,1.2310743816147873,1.7637650024390237
JR,q,0.25,0.704,1.2357141043138533,1.7608368217136288
JR,q,0.25,0.705,1.2412319873678888,1.7584197476322105
JR,q,0.25,0.706,1.2475925251409432,1.7565096695509987
JR,q,0.25,0.707,1.254770900822276,1.7550875970183213
JR,q,0.25,0.708,1.2627529864263538,1.7541208048884405
JR,q,0.25,0.709,1.2715353427928493,1.7535784011610611
JR,q,0.25,0.71,1.2810791478360608,1.7534336197738227
JR,q,0.25,0.711,1.2912899594301113,1.7536649060140075
JR,q,0.25,0.712,1.3021049124422044,1.7542585933349202
JR,q,0.25,0.713,1.3134675547004004,1.7552106054910743
JR,q,0.25,0.714,1.3253277397528436,1.7565272608749611
JR,q,0.25,0.715,1.33764162686776,1.7582105506610708
JR,q,0.25,0.716,1.3503716810334545,1.7602510326105894
JR,q,0.25,0.717,1.3634866729583193,1.7626257737191386
JR,q,0.25,0.718,1.3769616790708241,1.765311604220257
JR,q,0.25,0.719,1.3907780815195219,1.7682910789772885
JR,q,0.25,0.72,1.40492356817305,1.7715482198499513
JR,q,0.25,0.721,1.4193888289270822,1.7750683859413285
JR,q,0.25,0.722,1.4341204944255734,1.7788377931609707
JR,q,0.25,0.723,1.449072152427318,1.7828506004851477
JR,q,0.25,0.724,1.4642097919732642,1.7871083123939906
JR,q,0.25,0.725,1.4795025273412614,1.791609628551624
JR,q,0.25,0.726,1.4949225980460579,1.7963514831361547
JR,q,0.25,0.727,1.5104453688393011,1.8013241630373766
JR,q,0.25,0.728,1.526049329709536,1.8065159571594378
JR,q,0.25,0.729,1.5417160958822076,1.8119193760003207
JR,q,0.25,0.73,1.5574304078196577,1.8175270155348837
JR,q,0.25,0.731,1.5731801312211302,1.8233265332622364
JR,q,0.25,0.732,1.5889562570227662,1.829309482543782
JR,q,0.25,0.733,1.6047529013976032,1.8354727479705892
JR,q,0.25,0.734,1.620565429855609,1.8418155326554106
JR,q,0.25,0.735,1.6363655765934992,1.8483333201256138
JR,q,0.25,0.736,1.6521316632561351,1.8550204741342282
JR,q,0.25,0.737,1.6678490743823353,1.8618688126075353
JR,q,0.25,0.738,1.6835048084454054,1.868869391383439
JR,q,0.25,0.739,1.6990874778531393,1.876017555921299
JR,q,0.25,0.74,1.7145873089478196,1.8833085970019936
JR,q,0.25,0.741,1.7299961420062204,1.8907356743837238
JR,q,0.25,0.742,1.7453074312395995,1.8982915551480832
JR,q,0.25,0.743,1.760516244793708,1.9059739167326903
JR,q,0.25,0.744,1.775619264748784,1.9137801544269266
JR,q,0.25,0.745,1.7906147871195528,1.921704260542481
JR,q,0.25,0.746,1.80550272185523,1.9297391418174596
JR,q,0.25,0.747,1.8202845928395215,1.9378767110373758
JR,q,0.25,0.748,1.8349592926371239,1.9461103684386274
JR,q,0.25,0.749,1.8495105076249452,1.9544357595885722
JR,q,0.25,0.75,1.863931706430011,1.9628493419294093
JR,q,0.25,0.751,1.8782187474800272,1.9713460844245008
JR,q,0.25,0.752,1.8923685797039784,1.9799214507469807
JR,q,0.25,0.753,1.9063792425321227,1.9885722163535176
JR,q,0.25,0.754,1.9202498658959937,1.9972960460572875
JR,q,0.25,0.755,1.9339806702284008,2.0060883480118163
JR,q,0.25,0.756,1.9475729664634294,2.014943804006246
JR,q,0.25,0.757,1.9610291560364406,2.0238548376359455
JR,q,0.25,0.758,1.974352730884069,2.032815134847384
JR,q,0.25,0.759,1.9875468306825343,2.0418201465661214
JR,q,0.25,0.76,2.000608049940085,2.050866297091291
JR,q,0.25,0.761,2.0135329398129906,2.059950156811389
JR,q,0.25,0.762,2.026319345749261,2.0690682979216826
JR,q,0.25,0.763,2.0389662942684743,2.078218487389709
JR,q,0.25,0.764,2.051473992961785,2.0873988571404043
JR,q,0.25,0.765,2.063843830491917,2.0966074571566526
JR,q,0.25,0.766,2.07607837659317,2.1058412544899907
JR,q,0.25,0.767,2.088181382071412,2.115096189573394
JR,q,0.25,0.768,2.1001577788040873,2.1243671133276987
JR,q,0.25,0.769,2.1120136797402105,2.1336499183396636
JR,q,0.25,0.77,2.1237548841683855,2.142941290383645
JR,q,0.25,0.771,2.1353791048178885,2.1522382971094904
JR,q,0.25,0.772,2.1468821082513103,2.161537993525835
JR,q,0.25,0.773,2.1582611990502145,2.1708384992539194
JR,q,0.25,0.774,2.1695152147040706,2.1801382572423638
JR,q,0.25,0.775,2.1806445256102522,2.1894365946521437
JR,q,0.25,0.776,2.191651035074038,2.19873231788672
JR,q,0.25,0.777,2.202538179308611,2.208024267110466
JR,q,0.25,0.778,2.2133109274350593,2.2173110734958907
JR,q,0.25,0.779,2.2239757814823737,2.226589807427071
JR,q,0.25,0.78,2.234540776387451,2.2358577181057866
JR,q,0.25,0.781,2.2450152895681965,2.245113147669765
JR,q,0.25,0.782,2.255400034342508,2.254354247923688
JR,q,0.25,0.783,2.265688507100352,2.2635793840129197
JR,q,0.25,0.784,2.2758767825524036,2.2727878566768838
JR,q,0.25,0.785,2.2859626154802997,2.2819788641859087
JR,q,0.25,0.786,2.2959454407366353,2.2911521090475437
JR,q,0.25,0.787,2.3058263732449698,2.300307447496422
JR,q,0.25,0.788,2.3156082079998193,2.309444307224853
JR,q,0.25,0.789,2.3252954200666647,2.318563055867749
JR,q,0.25,0.79,2.3348941645819434,2.3276640683623224
JR,q,0.25,0.791,2.344412276753057,2.336745707903312
JR,q,0.25,0.792,2.353859271858367,2.345806730715233
JR,q,0.25,0.793,2.3632436170964195,2.354846776991275
JR,q,0.25,0.794,2.3725592386325065,2.3638655371408306
JR,q,0.25,0.795,2.3818005661575534,2.3728632895473076
JR,q,0.25,0.796,2.3909642636910413,2.381840475446794
JR,q,0.25,0.797,2.400048691454088,2.3907973723945823
JR,q,0.25,0.798,2.4090539058694524,2.3997345798818834
JR,q,0.25,0.799,2.4179816595615327,2.408652519871178
JR,q,0.25,0.8,2.4268354013563678,2.4175516958356154
JR,q,0.25,0.801,2.4356202762816332,2.426432899501539
JR,q,0.25,0.802,2.4443431255666472,2.43529671451063
JR,q,0.25,0.803,2.4530124866423657,2.4441433620650934
JR,q,0.25,0.804,2.4616385867485353,2.4529735714628726
JR,q,0.25,0.805,2.470224303637525,2.4617880489804955
JR,q,0.25,0.806,2.4787617360779266,2.470587509201776
JR,q,0.25,0.807,2.4872464138542782,2.4793733744067965
JR,q,0.25,0.808,2.495675555478857,2.488146779733271
JR,q,0.25,0.809,2.50404806819168,2.4969089664363184
JR,q,0.25,0.81,2.512364547960508,2.5056611293025983
JR,q,0.25,0.811,2.520627279480842,2.514404246445083
JR,q,0.25,0.812,2.528840236175926,2.5231397649528526
JR,q,0.25,0.8130000000000001,2.5370090801967433,2.531869274703738
JR,q,0.25,0.8140000000000001,2.5451411624220204,2.540593664756886
JR,q,0.25,0.8150000000000001,2.5532455224582242,2.5493140902555718
JR,q,0.25,0.8160000000000001,2.561332165409453,2.558032454649607
JR,q,0.25,0.8170000000000001,2.5693983840201975,2.5667508731086355
JR,q,0.25,0.8180000000000001,2.577437181537432,2.5754712482086575
JR,q,0.25,0.8190000000000001,2.585444602044783,2.5841957112150133
JR,q,0.25,0.8200000000000001,2.5934183580167423,2.592925879794626
JR,q,0.25,0.8210000000000001,2.6013578303186686,2.6016636765370356
JR,q,0.25,0.8220000000000001,2.609264068206788,2.610410802509575
JR,q,0.25,0.8230000000000001,2.6171397893281907,2.6191689779642844
JR,q,0.25,0.8240000000000001,2.6249893797208355,2.6279404857908686
JR,q,0.25,0.8250000000000001,2.632818893813545,2.6367276684764396
JR,q,0.25,0.8260000000000001,2.640636054426009,2.6455322746109773
JR,q,0.25,0.8270000000000001,2.648450252768785,2.6543567149100973
JR,q,0.25,0.8280000000000001,2.6562702756172247,2.66320424824231
JR,q,0.25,0.8290000000000001,2.664090206419469,2.672078009768994
JR,q,0.25,0.8300000000000001,2.6719041470981018,2.6809812366361374
JR,q,0.25,0.8310000000000001,2.67970860870589,2.6899164417801043
JR,q,0.25,0.8320000000000001,2.687501768284725,2.6988860582551526
JR,q,0.25,0.833,2.695283468865623,2.7078926315968794
JR,q,0.25,0.834,2.7030552194687316,2.7169384719387555
JR,q,0.25,0.835,2.7108201951033206,2.726026282548824
JR,q,0.25,0.836,2.7185832367677873,2.7351595853656034
JR,q,0.25,0.837,2.726350851449657,2.7443417678328172
JR,q,0.25,0.838,2.7341312121255794,2.753576147914503
JR,q,0.25,0.839,2.741934157761332,2.762867031646582
JR,q,0.25,0.84,2.749766857534412,2.7722197197136977
JR,q,0.25,0.841,2.7576219097795973,2.7816390920944642
JR,q,0.25,0.842,2.765494291763883,2.791129776063224
JR,q,0.25,0.843,2.7733809660784825,2.800694952517409
JR,q,0.25,0.844,2.781280609081685,2.8103382959419365
JR,q,0.25,0.845,2.789193610898853,2.8200633490807667
JR,q,0.25,0.846,2.797122075422425,2.8298736931171176
JR,q,0.25,0.847,2.805069820311913,2.8397739010869403
JR,q,0.25,0.848,2.813042376993905,2.8497694786962895
JR,q,0.25,0.849,2.821046990662061,2.859866078077307
JR,q,0.25,0.85,2.8290926202771205,2.8700701073506587
JR,q,0.25,0.851,2.8371899385668926,2.8803893406188394
JR,q,0.25,0.852,2.8453442096430104,2.8908325306455476
JR,q,0.25,0.853,2.85354766548489,2.9014074854505414
JR,q,0.25,0.854,2.8617958793044815,2.9121200406272316
JR,q,0.25,0.855,2.8700863000881385,2.92297576034317
JR,q,0.25,0.856,2.878418230795866,2.9339803174103736
JR,q,0.25,0.857,2.8867928283613127,2.945139754727528
JR,q,0.25,0.858,2.89521310369178,2.9564610487708523
JR,q,0.25,0.859,2.903683921668215,2.96795259392333
JR,q,0.25,0.86,2.912212001145213,2.9796245904809044
JR,q,0.25,0.861,2.920805914951019,2.991488450023045
JR,q,0.25,0.862,2.929476089887525,3.003557348098706
JR,q,0.25,0.863,2.9382347264832704,3.0158461238998195
JR,q,0.25,0.864,2.9470847614128655,3.0283689530413045
JR,q,0.25,0.865,2.9560187737649892,3.041136532105351
JR,q,0.25,0.866,2.9650327537411942,3.0541590190067898
JR,q,0.25,0.867,2.974124828876564,3.0674460590649026
JR,q,0.25,0.868,2.9832952640397123,3.0810092189275458
JR,q,0.25,0.869,2.9925464614327844,3.0948619632768475
JR,q,0.25,0.87,3.001882960591458,3.1090198545233663
JR,q,0.25,0.871,3.0113114383849386,3.1235024124277686
JR,q,0.25,0.872,3.0208407090159666,3.1383325970769205
JR,q,0.25,0.873,3.0304817240208095,3.153536205649802
JR,q,0.25,0.874,3.040247572269268,3.169140957141382
JR,q,0.25,0.875,3.0501526557363197,3.1851704856096963
JR,q,0.25,0.876,3.0601969770025716,3.2016449516607057
JR,q,0.25,0.877,3.0703737285204524,3.218584601829749
JR,q,0.25,0.878,3.080679671019223,3.2360100397733267
JR,q,0.25,0.879,3.0911142091946977,3.253945069177523
JR,q,0.25,0.88,3.1016793917092556,3.272420014261254
JR,q,0.25,0.881,3.112379911191829,3.2914709237506603
JR,q,0.25,0.882,3.123223104237911,3.3111392879153154
JR,q,0.25,0.883,3.1342189514095526,3.331473037198813
JR,q,0.25,0.884,3.1453800772353624,3.3525232599385872
JR,q,0.25,0.885,3.15672175021051,3.374332599139491
JR,q,0.25,0.886,3.1682618827967213,3.3969407762058195
JR,q,0.25,0.887,3.180016752196096,3.4203891456149864
JR,q,0.25,0.888,3.191982023255409,3.444717851105281
JR,q,0.25,0.889,3.2041525028254356,3.4699747295753003
JR,q,0.25,0.89,3.216526861899472,3.496214823383632
JR,q,0.25,0.891,3.2291073103734362,3.5234996271557373
JR,q,0.25,0.892,3.241899597045867,3.5518962066023856
JR,q,0.25,0.893,3.2549130096179253,3.5814745795164105
JR,q,0.25,0.894,3.2681603746933923,3.6122923157023403
JR,q,0.25,0.895,3.281658057778673,3.644407829671065
JR,q,0.25,0.896,3.295425963282793,3.6778820183436935
JR,q,0.25,0.897,3.3094875345173973,3.712766215565939
JR,q,0.25,0.898,3.323869437576065,3.7491065566996222
JR,q,0.25,0.899,3.3385829882778335,3.78694506241011
JR,q,0.25,0.9,3.3536216918864423,3.826319566232225
JR,q,0.25,0.901,3.3689840401115405,3.8672637533168857
JR,q,0.25,0.902,3.3846736943939493,3.9098048842379347
JR,q,0.25,0.903,3.400699485905669,3.9539548302782914
JR,q,0.25,0.904,3.4170754155498697,3.9997120860297004
JR,q,0.25,0.905,3.4338206539609004,4.047092912820008
JR,q,0.25,0.906,3.4509595415042846,4.09608407434138
JR,q,0.25,0.907,3.4685215882767193,4.146665525993333
JR,q,0.25,0.908,3.4865414741060774,4.198802906242296
JR,q,0.25,0.909,3.505059048551406,4.252439170839582
JR,q,0.25,0.91,3.5241050263003393,4.307486719566753
JR,q,0.25,0.911,3.5436769261475245,4.363824436488449
JR,q,0.25,0.912,3.5637752323983602,4.4213181544105735
JR,q,0.25,0.913,3.5844087199337067,4.479840114951519
JR,q,0.25,0.914,3.6055944535419386,4.539256278217195
JR,q,0.25,0.915,3.627357787918952,4.599408157744804
JR,q,0.25,0.916,3.649732367668158,4.660140398008626
JR,q,0.25,0.917,3.672760127300487,4.721293539225681
JR,q,0.25,0.918,3.6964912912343872,4.782685972455421
JR,q,0.25,0.919,3.7209843737958255,4.844112055077684
JR,q,0.25,0.92,3.7463061397670208,4.905341416697462
JR,q,0.25,0.921,3.7725080309336017,4.96615611287516
JR,q,0.25,0.922,3.7995944806354673,5.0263637158969665
JR,q,0.25,0.923,3.8275760134239256,5.0857902285911525
JR,q,0.25,0.924,3.8564777023870027,5.144249155093937
JR,q,0.25,0.925,3.886339169149444,5.201568103870825
JR,q,0.25,0.926,3.9172145838727115,5.2576125281185275
JR,q,0.25,0.927,3.9491726652549857,5.31226355765338
JR,q,0.25,0.928,3.9822966805311646,5.3653927593581185
JR,q,0.25,0.929,4.0166844454728645,5.416881589094935
JR,q,0.25,0.93,4.052448324388418,5.466632111102363
JR,q,0.25,0.931,4.0897095434432735,5.514566199133167
JR,q,0.25,0.932,4.128526040219419,5.560609994535301
JR,q,0.25,0.933,4.168921408409645,5.60470067114252
JR,q,0.25,0.934,4.21094490310469,5.646804308175731
JR,q,0.25,0.935,4.2546727919982175,5.686921249909761
JR,q,0.25,0.936,4.300208355386814,5.7250558365553195
JR,q,0.25,0.937,4.347681886169995,5.761202209229545
JR,q,0.25,0.9380000000000001,4.39725068985019,5.795362571097699
JR,q,0.25,0.9390000000000001,4.449099084532765,5.827539767019305
JR,q,0.25,0.9400000000000001,4.503438400926003,5.857739537366473
JR,q,0.25,0.9410000000000001,4.5604973983695345,5.88596100686879
JR,q,0.25,0.9420000000000001,4.620406482005593,5.91221727028918
JR,q,0.25,0.9430000000000001,4.683251497373909,5.936528947571444
JR,q,0.25,0.9440000000000001,4.749162137742685,5.958937615310938
JR,q,0.25,0.9450000000000001,4.8183129264228395,5.979478398818883
JR,q,0.25,0.9460000000000001,4.890923216768007,5.998183846741475
JR,q,0.25,0.9470000000000001,4.967257192174534,6.015091756399935
JR,q,0.25,0.9480000000000001,5.047623866081482,6.030242455947468
JR,q,0.25,0.9490000000000001,5.132377081970628,6.043675790130135
JR,q,0.25,0.9500000000000001,5.221915513366466,6.055450331022711
JR,q,0.25,0.9510000000000001,5.316536833977997,6.06562943660975
JR,q,0.25,0.9520000000000001,5.416431310915185,6.074295694714542
JR,q,0.25,0.9530000000000001,5.521920604809751,6.081543931157819
JR,q,0.25,0.9540000000000001,5.633331897548061,6.087481900336395
JR,q,0.25,0.9550000000000001,5.750997394644992,6.092229488373254
JR,q,0.25,0.9560000000000001,5.875254325243945,6.095914887301143
JR,q,0.25,0.9570000000000001,6.006444942116833,6.098666399507603
JR,q,0.25,0.9580000000000001,6.144916521664089,6.100619199273208
JR,q,0.25,0.9590000000000001,6.2910213639146635,6.101932787810463
JR,q,0.25,0.96,6.445004857476899,6.10276119029422
JR,q,0.25,0.961,6.606729731534431,6.103252212634742
JR,q,0.25,0.962,6.776543056471989,6.103562546616912
JR,q,0.25,0.963,6.954637143654521,6.103831145186798
JR,q,0.25,0.964,7.1409544013467405,6.104195126898066
JR,q,0.25,0.965,7.33518733471312,6.104760555304888
JR,q,0.25,0.966,7.536778545817896,6.105624810083266
JR,q,0.25,0.967,7.744920733625062,6.106880660619113
JR,q,0.25,0.968,7.958556693998375,6.108602576684936
JR,q,0.25,0.969,8.176425700506758,6.110812987171442
JR,q,0.25,0.97,8.397393524233241,6.11351411407687
JR,q,0.25,0.971,8.620276121715065,6.116704032992831
JR,q,0.25,0.972,8.843720013702367,6.120343630965809
JR,q,0.25,0.973,9.066205783068897,6.1243604903301
JR,q,0.25,0.974,9.286048074812033,6.12865452011804
JR,q,0.25,0.975,9.501395596052777,6.133104545227285
JR,q,0.25,0.976,9.710231116035747,6.137573529426472
JR,q,0.25,0.977,9.910371466129188,6.1418913989416355
JR,q,0.25,0.978,10.099697270259586,6.145903305769661
JR,q,0.25,0.979,10.277004230826599,6.1494432229546465
JR,q,0.25,0.98,10.441187120446607,6.152329850535617
JR,q,0.25,0.981,10.591166018454881,6.154394089154197
JR,q,0.25,0.982,10.725900606258335,6.155469080218962
JR,q,0.25,0.983,10.844390167335503,6.155389892021531
JR,q,0.25,0.984,10.945673587236556,6.153995474591834
JR,q,0.25,0.985,11.02882935358329,6.151089536303738
JR,q,0.25,0.986,11.092983864934311,6.146490205091154
JR,q,0.25,0.987,11.137799634465878,6.140073416557798
JR,q,0.25,0.988,11.163407056862583,6.131724367286649
JR,q,0.25,0.989,11.169920077010845,6.121343078920746
JR,q,0.25,0.99,11.15748690391813,6.108886917898912
JR,q,0.25,0.991,11.126290010712937,6.094339092313067
JR,q,0.25,0.992,11.076546134644822,6.077701203178387
JR,q,0.25,0.993,11.00850627708436,6.059000563355658
JR,q,0.25,0.994,10.92245572747124,6.03828376180975
JR,q,0.25,0.995,10.818860350215642,6.0156168212666685
JR,q,0.25,0.996,10.698528956700411,5.991057039275848
JR,q,0.25,0.997,10.562290122561075,5.964684214193904
JR,q,0.25,0.998,10.41096718080165,5.936613984215469
JR,q,0.25,0.999,10.245378221794649,5.907006734665944
JR,q,0.25,1.0,10.066336093281066,5.87601447745954
JR,q,0.25,1.0010000000000001,9.874648400370381,5.843777027935732
JR,q,0.25,1.002,9.671117505540634,5.810372923614027
JR,q,0.25,1.0030000000000001,9.45655621114159,5.775885396570846
JR,q,0.25,1.004,9.232056506828998,5.7404240565664715
JR,q,0.25,1.0050000000000001,8.998682264138283,5.704095550165822
JR,q,0.25,1.006,8.757453724395612,5.6669880615972135
JR,q,0.25,1.0070000000000001,8.509416922630512,5.629180503917752
JR,q,0.25,1.008,8.255643687576299,5.590749069284567
JR,q,0.25,1.0090000000000001,7.997231641669654,5.551732700745231
JR,q,0.25,1.01,7.735304201051051,5.512162268353349
JR,q,0.25,1.0110000000000001,7.471010575564309,5.472071776922137
JR,q,0.25,1.012,7.2055661025278095,5.4315254035071066
JR,q,0.25,1.0130000000000001,6.9402449493050895,5.390542420325328
JR,q,0.25,1.014,6.676171549949029,5.349133629762391
JR,q,0.25,1.0150000000000001,6.41451081640159,5.307331623374504
JR,q,0.25,1.016,6.15648162241793,5.2651641977085
JR,q,0.25,1.0170000000000001,5.903356803565938,5.222671489084865
JR,q,0.25,1.018,5.656463157226684,5.179926805217775
JR,q,0.25,1.0190000000000001,5.417181442593975,5.137016475192721
JR,q,0.25,1.02,5.1869462705283365,5.094041545062703
JR,q,0.25,1.0210000000000001,4.966896852400723,5.051122082450679
JR,q,0.25,1.022,4.758062273438043,5.00835844551287
JR,q,0.25,1.0230000000000001,4.5616111617011335,4.965853271536664
JR,q,0.25,1.024,4.3785695247796,4.9237260092532065
JR,q,0.25,1.025,4.209820749791454,4.8821160788084805
JR,q,0.25,1.026,4.056105603383315,4.841149874052507
JR,q,0.25,1.027,3.918022231730454,4.800958963180387
JR,q,0.25,1.028,3.796026160536581,4.761687613537293
JR,q,0.25,1.029,3.6904302950340977,4.723473057479535
JR,q,0.25,1.03,3.601391283712644,4.686413816955628
JR,q,0.25,1.031,3.5287797836440262,4.650587985391965
JR,q,0.25,1.032,3.4722548240331754,4.616077872205274
JR,q,0.25,1.033,3.4312724990864254,4.582936887766194
JR,q,0.25,1.034,3.4050758101869256,4.5511744337840785
JR,q,0.25,1.035,3.3926946658947017,4.520782475966007
JR,q,0.25,1.036,3.392920637890306,4.491773032034736
JR,q,0.25,1.037,3.4042627019582525,4.464133872458058
JR,q,0.25,1.038,3.4250780640461365,4.437851916652417
JR,q,0.25,1.039,3.4535892811958355,4.412858540996681
JR,q,0.25,1.04,3.487883754848248,4.389039150967093
JR,q,0.25,1.041,3.525878839047447,4.3662644668628845
JR,q,0.25,1.042,3.5652390936378424,4.344421244957704
JR,q,0.25,1.043,3.6042658727383454,4.323377189180857
JR,q,0.25,1.044,3.641443783888281,4.303009529304268
JR,q,0.25,1.045,3.6753055544548303,4.283235674372204
JR,q,0.25,1.046,3.7044320316331003,4.263961638647092
JR,q,0.25,1.047,3.7274521824460614,4.245072456940308
JR,q,0.25,1.048,3.743043093744607,4.226462989100904
JR,q,0.25,1.049,3.750204261362409,4.208050099626458
JR,q,0.25,1.05,3.7491918954267938,4.189755297654391
JR,q,0.25,1.051,3.7405336520925303,4.171512638350574
JR,q,0.25,1.052,3.724661028745267,4.153283840434046
JR,q,0.25,1.053,3.701909429998688,4.135040630152624
JR,q,0.25,1.054,3.6725181676944665,4.1167281497340005
JR,q,0.25,1.055,3.6366305991890275,4.09830236248453
JR,q,0.25,1.056,3.594776412268521,4.0797475574429205
JR,q,0.25,1.057,3.548194178192338,4.061039417809906
JR,q,0.25,1.058,3.497905992416907,4.042166353007717
JR,q,0.25,1.059,3.4447378541529687,4.023105559763848
JR,q,0.25,1.06,3.3893196663655125,4.003817102461319
JR,q,0.25,1.061,3.3320852357738495,3.9842652274402854
JR,q,0.25,1.062,3.2732750479804036,3.964396318193348
JR,q,0.25,1.063,3.2133647072557174,3.944166713530694
JR,q,0.25,1.064,3.152994358035908,3.9235284249848696
JR,q,0.25,1.065,3.092581521373983,3.902402983320834
JR,q,0.25,1.066,3.032449104512043,3.880720273794801
JR,q,0.25,1.067,2.972825400881387,3.858407606267304
JR,q,0.25,1.068,2.9138440901023994,3.835397189003093
JR,q,0.25,1.069,2.8555442379846667,3.811648039664699
JR,q,0.25,1.07,2.797870296526863,3.7871164352082753
JR,q,0.25,1.071,2.7408954845282185,3.761750349015051
JR,q,0.25,1.072,2.684836777286783,3.735472626998829
JR,q,0.25,1.073,2.629564724466899,3.708207520322441
JR,q,0.25,1.074,2.574984225611024,3.6799037091916107
JR,q,0.25,1.075,2.521042250174389,3.6505107932973324
JR,q,0.25,1.076,2.467727837524917,3.619977991558214
JR,q,0.25,1.077,2.4150720969432964,3.5883090243574043
JR,q,0.25,1.078,2.363148207622915,3.5555275062028575
JR,q,0.25,1.079,2.312071418669923,3.5216337128543564
JR,q,0.25,1.08,2.2619767764480034,3.4866221720506574
JR,q,0.25,1.081,2.212774381847849,3.450521190892069
JR,q,0.25,1.082,2.164298650641408,3.413375461076989
JR,q,0.25,1.083,2.116445828425908,3.375234218947692
JR,q,0.25,1.084,2.0691742788294505,3.336181662635121
JR,q,0.25,1.085,2.022504483511103,3.296321608500736
JR,q,0.25,1.086,1.976519042160806,3.2557623047724866
JR,q,0.25,1.087,1.931362672499466,3.21462623424591
JR,q,0.25,1.088,1.8872422102788615,3.1730385400215044
JR,q,0.25,1.089,1.8444266092817347,3.131116879902444
JR,q,0.25,1.09,1.8030714924894955,3.0889746131549094
JR,q,0.25,1.091,1.7629684821289633,3.0467411391135624
JR,q,0.25,1.092,1.724052809737712,3.0045477823544307
JR,q,0.25,1.093,1.6862992587385914,2.962527977560795
JR,q,0.25,1.094,1.6497173549415933,2.920838507564822
JR,q,0.25,1.095,1.614351366543909,2.879613735181854
JR,q,0.25,1.096,1.5802803041298734,2.8389749027245084
JR,q,0.25,1.097,1.5476179206710219,2.799037561620375
JR,q,0.25,1.098,1.5165127115260306,2.759911551748745
JR,q,0.25,1.099,1.487142847123736,2.7217005331679163
JR,q,0.25,1.1,1.4594956746103493,2.684502652332424
JR,q,0.25,1.101,1.4334542308160705,2.648422186391254
JR,q,0.25,1.102,1.4089598724592873,2.6135633717898825
JR,q,0.25,1.103,1.385975736727528,2.580010974654175
JR,q,0.25,1.104,1.3644867412774193,2.5478279760188736
JR,q,0.25,1.105,1.3444995842347156,2.517081359693263
JR,q,0.25,1.106,1.3260427441942788,2.487817327131762
JR,q,0.25,1.107,1.3091664802200969,2.460079312134322
JR,q,0.25,1.108,1.2939428318452606,2.433911997296591
JR,q,0.25,1.109,1.2804319245199371,2.4093390743043632
JR,q,0.25,1.11,1.2685230405942347,2.3863490850252385
JR,q,0.25,1.111,1.25811701563571,2.3649227174107597
JR,q,0.25,1.112,1.2491371234303106,2.345030176826331
JR,q,0.25,1.113,1.241522141680039,2.3266306569968767
JR,q,0.25,1.114,1.2352263520029378,2.3096769588835584
JR,q,0.25,1.115,1.2302195399331017,2.294104107331607
JR,q,0.25,1.116,1.226486994920668,2.279850040742681
JR,q,0.25,1.117,1.2240295103318202,2.2668395322103456
JR,q,0.25,1.118,1.2228633834487912,2.2549850738075667
JR,q,0.25,1.119,1.222995740310716,2.2441911607638807
JR,q,0.25,1.12,1.2243141379282312,2.2343617801791695
JR,q,0.25,1.121,1.226725178054875,2.225395279326665
JR,q,0.25,1.122,1.2301518380183465,2.2172070079915986
JR,q,0.25,1.123,1.23452748449116,2.2097561634053395
JR,q,0.25,1.124,1.2397958734906567,2.2029847919699725
JR,q,0.25,1.125,1.2459111503789932,2.196822102462661
JR,q,0.25,1.1260000000000001,1.252837849863151,2.1911966662007902
JR,q,0.25,1.127,1.2605508959949274,2.1860289622884266
JR,q,0.25,1.1280000000000001,1.2690356021709492,2.1812400684579423
JR,q,0.25,1.129,1.2782876711326523,2.176789604502879
JR,q,0.25,1.1300000000000001,1.2882688095847223,2.1726551343359883
JR,q,0.25,1.131,1.298886628517356,2.1688229056208166
JR,q,0.25,1.1320000000000001,1.3100799394020894,2.165286062166732
JR,q,0.25,1.133,1.3217937450071613,2.162031881632647
JR,q,0.25,1.1340000000000001,1.333979115332304,2.15903593716431
JR,q,0.25,1.135,1.3465931876087263,2.1562845137483913
JR,q,0.25,1.1360000000000001,1.3595991662991294,2.1537869630717466
JR,q,0.25,1.137,1.372966323097689,2.151552129246121
JR,q,0.25,1.1380000000000001,1.3866699969300713,2.1495919107177546
JR,q,0.25,1.139,1.4006915939534208,2.1479160975610485
JR,q,0.25,1.1400000000000001,1.415018587556374,2.146530476247622
JR,q,0.25,1.141,1.4296426586758866,2.1454370114734176
JR,q,0.25,1.1420000000000001,1.4445154092393269,2.1446457911702406
JR,q,0.25,1.143,1.4595900186413475,2.144162090845308
JR,q,0.25,1.1440000000000001,1.474833752243896,2.143989492946022
JR,q,0.25,1.145,1.4902168540489873,2.1441151564738705
JR,q,0.25,1.1460000000000001,1.505712546698735,2.1445095616568386
JR,q,0.25,1.147,1.5212970314753216,2.145135668642445
JR,q,0.25,1.1480000000000001,1.536949488301028,2.145963906938299
JR,q,0.25,1.149,1.5526520757382056,2.146966057584103
JR,q,0.25,1.1500000000000001,1.568389930989302,2.1481187628727607
JR,q,0.25,1.151,1.5841511698968356,2.1493924250401206
JR,q,0.25,1.1520000000000001,1.5999268869434227,2.150766150592676
JR,q,0.25,1.153,1.615711155251749,2.1522230998896763
JR,q,0.25,1.154,1.6315005823748527,2.1537236298342153
JR,q,0.25,1.155,1.6472723616919067,2.155231689447338
JR,q,0.25,1.156,1.6630029271549418,2.156735311920532
JR,q,0.25,1.157,1.67867813577329,2.158227938803993
JR,q,0.25,1.158,1.694285430280094,2.1597047705404746
JR,q,0.25,1.159,1.7098138391323374,2.1611688520731063
JR,q,0.25,1.16,1.725253976510818,2.162634660264882
JR,q,0.25,1.161,1.7405980423201695,2.164116987014409
JR,q,0.25,1.162,1.7558398221888423,2.1656329987562364
JR,q,0.25,1.163,1.7709746874691241,2.1672036746045933
JR,q,0.25,1.164,1.7859995952371168,2.1688352251207133
JR,q,0.25,1.165,1.800913088292762,2.170529135289045
JR,q,0.25,1.166,1.8157152951598121,2.1722872434879115
JR,q,0.25,1.167,1.830407930085863,2.174114149702062
JR,q,0.25,1.168,1.844992246043395,2.176012489524024
JR,q,0.25,1.169,1.8594534276558297,2.177996786747256
JR,q,0.25,1.17,1.873783514182982,2.1800877009848225
JR,q,0.25,1.171,1.8879783612737189,2.1823073049251067
JR,q,0.25,1.172,1.9020349372262197,2.184672504531963
JR,q,0.25,1.173,1.9159513229879992,2.187185623980801
JR,q,0.25,1.174,1.9297267121558845,2.1898414628369856
JR,q,0.25,1.175,1.9433614109760362,2.192631891411523
JR,q,0.25,1.176,1.95685683834393,2.1955466338956033
JR,q,0.25,1.177,1.970215525804373,2.198587648202967
JR,q,0.25,1.178,1.9834411175514886,2.201753153715228
JR,q,0.25,1.179,1.9965377483088997,2.205044388551711
JR,q,0.25,1.18,2.009503309459177,2.2084640516108065
JR,q,0.25,1.181,2.0223339161641376,2.2120214461493553
JR,q,0.25,1.182,2.0350271551768717,2.2157217432706036
JR,q,0.25,1.183,2.047581822292359,2.219556492430806
JR,q,0.25,1.184,2.059997922347439,2.2235181868729637
JR,q,0.25,1.185,2.0722766692208396,2.2276038253517627
JR,q,0.25,1.186,2.0844204858331508,2.231806759289274
JR,q,0.25,1.187,2.0964330041468457,2.236121277178693
JR,q,0.25,1.188,2.1083190651662664,2.2405440068751123
JR,q,0.25,1.189,2.120084718937634,2.2450753882859606
JR,q,0.25,1.19,2.1317366728571083,2.249719362048482
JR,q,0.25,1.191,2.1432747091364366,2.2544832563581663
JR,q,0.25,1.192,2.154694245994244,2.259369044960557
JR,q,0.25,1.193,2.1659921674855194,2.2643725452742918
JR,q,0.25,1.194,2.1771669048183737,2.2694917648317308
JR,q,0.25,1.195,2.1882184363540627,2.2747245053028435
JR,q,0.25,1.196,2.1991482876069646,2.2800671774980454
JR,q,0.25,1.197,2.2099595312446008,2.2855147845801413
JR,q,0.25,1.198,2.220656787087617,2.2910658931728474
JR,q,0.25,1.199,2.2312462221097995,2.2967217907535185
JR,q,0.25,1.2,2.241735550438062,2.3024856097994792
JR,q,0.25,1.201,2.252134033352459,2.3083614425895744
JR,q,0.25,1.202,2.2624463696698935,2.3143489390598555
JR,q,0.25,1.203,2.272665761100712,2.320445695578191
JR,q,0.25,1.204,2.282787807655383,2.3266510967282854
JR,q,0.25,1.205,2.2928098059192354,2.332962815042256
JR,q,0.25,1.206,2.3027307375005677,2.339377358091736
JR,q,0.25,1.207,2.3125512690306587,2.3458922368292754
JR,q,0.25,1.208,2.3222737521637504,2.35250627479353
JR,q,0.25,1.209,2.3319022235770714,2.3592195399361295
JR,q,0.25,1.21,2.341442404970812,2.366033442099285
JR,q,0.25,1.211,2.350901703068144,2.3729498542377523
JR,q,0.25,1.212,2.360289209615209,2.379968257105212
JR,q,0.25,1.213,2.369614907987916,2.387087261820573
JR,q,0.25,1.214,2.378876169038802,2.394305821446192
JR,q,0.25,1.215,2.388066277585456,2.401622739678977
JR,q,0.25,1.216,2.397181422705026,2.409035274279601
JR,q,0.25,1.217,2.406219491865923,2.4165418853408327
JR,q,0.25,1.218,2.4151800709278106,2.424141133323023
JR,q,0.25,1.219,2.424064444141615,2.431833028702888
JR,q,0.25,1.22,2.4328755941495146,2.439617961287009
JR,q,0.25,1.221,2.4416182019849524,2.4474963656345237
JR,q,0.25,1.222,2.45029864707262,2.45546793074236
JR,q,0.25,1.223,2.4589250072284767,2.4635331023082148
JR,q,0.25,1.224,2.4675070586597294,2.4716917669070146
JR,q,0.25,1.225,2.4760519179779608,2.4799427854453553
JR,q,0.25,1.226,2.484552167803179,2.4882847322325494
JR,q,0.25,1.227,2.493002613460934,2.496717514330453
JR,q,0.25,1.228,2.501400001025567,2.505241885285696
JR,q,0.25,1.229,2.509742763412285,2.5138582354396157
JR,q,0.25,1.23,2.5180310203771517,2.5225672714322642
JR,q,0.25,1.231,2.5262665785170904,2.5313699779782253
JR,q,0.25,1.232,2.5344529312698816,2.5402673390789836
JR,q,0.25,1.233,2.542595258914172,2.549260365133867
JR,q,0.25,1.234,2.550700428569459,2.558350984233004
JR,q,0.25,1.235,2.5587769941961054,2.567540098795505
JR,q,0.25,1.236,2.566835181711598,2.5768281863661513
JR,q,0.25,1.237,2.5748772699662736,2.586216629809118
JR,q,0.25,1.238,2.58289520057648,2.5957072550340614
JR,q,0.25,1.239,2.590884551225477,2.605303017840259
JR,q,0.25,1.24,2.5988425661654966,2.6150071996962088
JR,q,0.25,1.241,2.6067681562177554,2.6248225880251694
JR,q,0.25,1.242,2.61466189877244,2.6347520329182594
JR,q,0.25,1.243,2.622526037788721,2.64479923334829
JR,q,0.25,1.244,2.6303644837947404,2.654967695480221
JR,q,0.25,1.245,2.6381828138876227,2.6652614566887083
JR,q,0.25,1.246,2.645988271733465,2.6756846098704647
JR,q,0.25,1.247,2.6537897675673463,2.686240562095049
JR,q,0.25,1.248,2.6615974067221977,2.696933403775454
JR,q,0.25,1.249,2.6694094467110916,2.707768733581328
JR,q,0.25,1.25,2.6772187107509673,2.7187535997440246
JR,q,0.25,1.2510000000000001,2.6850212389898664,2.7298946738915246
JR,q,0.25,1.252,2.692814739047761,2.7411989862664026
JR,q,0.25,1.2530000000000001,2.700598586016571,2.7526742677424143
JR,q,0.25,1.254,2.708373822460144,2.7643286165457535
JR,q,0.25,1.2550000000000001,2.7161431584142766,2.7761708808420527
JR,q,0.25,1.256,2.7239109713866956,2.7882108874806453
JR,q,0.25,1.2570000000000001,2.731683306357073,2.8004576120327234
JR,q,0.25,1.258,2.739467875777013,2.8129192907432286
JR,q,0.25,1.2590000000000001,2.7472740595700635,2.825605537841836
JR,q,0.25,1.26,2.755111474894089,2.838528297075381
JR,q,0.25,1.2610000000000001,2.7629757852812444,2.8517010712631263
JR,q,0.25,1.262,2.77086074968346,2.865138817660552
JR,q,0.25,1.2630000000000001,2.7787628449573556,2.8788574392750017
JR,q,0.25,1.264,2.7866802687908034,2.8928743044083545
JR,q,0.25,1.2650000000000001,2.794612939702939,2.907206793336501
JR,q,0.25,1.266,2.8025624970441454,2.921874732275183
JR,q,0.25,1.2670000000000001,2.81053230099607,2.936898171030107
JR,q,0.25,1.268,2.8185274325716114,2.9522955058644653
JR,q,0.25,1.2690000000000001,2.826554693614929,2.968085172549932
JR,q,0.25,1.27,2.8346226068014335,2.984288693984918
JR,q,0.25,1.2710000000000001,2.8427414156378004,3.0009315276708692
JR,q,0.25,1.272,2.8509201047103754,3.018043664705015
JR,q,0.25,1.2730000000000001,2.8591526559097247,3.0356575383024937
JR,q,0.25,1.274,2.8674336415291695,3.0538054390249227
JR,q,0.25,1.2750000000000001,2.8757599859567806,3.072519550009247
JR,q,0.25,1.276,2.884130484620459,3.0918330237491665
JR,q,0.25,1.2770000000000001,2.892545803987945,3.11178073457811
JR,q,0.25,1.278,2.9010084815668096,3.1323962338086226
JR,q,0.25,1.2790000000000001,2.9095229259044646,3.153715307528276
JR,q,0.25,1.28,2.9180954165881494,3.1757734269125955
JR,q,0.25,1.281,2.926734104244944,3.198614152968666
JR,q,0.25,1.282,2.9354490105417654,3.2222822157613593
JR,q,0.25,1.283,2.9442520281853564,3.2468195557670407
JR,q,0.25,1.284,2.9531513175557524,3.272256094891446
JR,q,0.25,1.285,2.9621397119071737,3.2986242539840793
JR,q,0.25,1.286,2.971212464734559,3.325956205053332
JR,q,0.25,1.287,2.980367116936561,3.354278736443992
JR,q,0.25,1.288,2.98960337849563,3.3836124514929504
JR,q,0.25,1.289,2.99892312847799,3.4139798904187444
JR,q,0.25,1.29,3.008330415033658,3.4454022970760145
JR,q,0.25,1.291,3.0178314553964314,3.4778971516603816
JR,q,0.25,1.292,3.027434635883897,3.511475587042633
JR,q,0.25,1.293,3.037150511897423,3.546128208606102
JR,q,0.25,1.294,3.0469918079221685,3.581844847631416
JR,q,0.25,1.295,3.056973388715945,3.618625441023265
JR,q,0.25,1.296,3.0671012491193945,3.6564575691424124
JR,q,0.25,1.297,3.077367907605599,3.695317223735957
JR,q,0.25,1.298,3.0877694006927365,3.735195972536928
JR,q,0.25,1.299,3.0983044646440527,3.7760845387653994
JR,q,0.25,1.3,3.108974535467876,3.817952374963608
JR,q,0.25,1.301,3.1197837489176012,3.860746290834234
JR,q,0.25,1.302,3.13073894049171,3.9043926874813533
JR,q,0.25,1.303,3.141849645433744,3.948811368583141
JR,q,0.25,1.304,3.1531280987323362,3.9939327640360234
JR,q,0.25,1.305,3.1645892351211793,4.039678028554946
JR,q,0.25,1.306,3.1762506890790565,4.085959995618013
JR,q,0.25,1.307,3.1881314358223216,4.132680481225687
JR,q,0.25,1.308,3.200232548793597,4.1797254686513305
JR,q,0.25,1.309,3.21254753322014,4.226953715455618
JR,q,0.25,1.31,3.2250742045149465,4.274207553877115
JR,q,0.25,1.311,3.2378140166262894,4.321331210474025
JR,q,0.25,1.312,3.25077206203774,4.368172077339617
JR,q,0.25,1.313,3.2639570717681448,4.41457184080343
JR,q,0.25,1.314,3.2773814153716536,4.460371683143479
JR,q,0.25,1.315,3.291061100937691,4.505423818155665
JR,q,0.25,1.316,3.3050157750909803,4.549573924605417
JR,q,0.25,1.317,3.3192687229915236,4.592672492447346
JR,q,0.25,1.318,3.3338468683346205,4.634567614093343
JR,q,0.25,1.319,3.3487695424618473,4.675104984916761
JR,q,0.25,1.32,3.3640312014825984,4.714153329842524
JR,q,0.25,1.321,3.3796291831077863,4.751589209679364
JR,q,0.25,1.322,3.3955661865410627,4.787303339480318
JR,q,0.25,1.323,3.4118502664059234,4.821222121940634
JR,q,0.25,1.324,3.428494832745735,4.853278718789618
JR,q,0.25,1.325,3.4455186510237086,4.883412490909648
JR,q,0.25,1.326,3.4629458421229273,4.911573828462093
JR,q,0.25,1.327,3.480805882346317,4.937715985843067
JR,q,0.25,1.328,3.4991336034166762,4.9618206185241345
JR,q,0.25,1.329,3.517969192476646,4.983888952253546
JR,q,0.25,1.33,3.5373508860925207,5.003937507102936
JR,q,0.25,1.331,3.557281669109946,5.022000839762669
JR,q,0.25,1.332,3.577760343604277,5.0381236574384
JR,q,0.25,1.333,3.598794507233678,5.0523569300815945
JR,q,0.25,1.334,3.6204004120375513,5.064757067147289
JR,q,0.25,1.335,3.642602964436497,5.075380181844846
JR,q,0.25,1.336,3.6654357252323524,5.084302191458577
JR,q,0.25,1.337,3.6889409096081542,5.091633983810677
JR,q,0.25,1.338,3.713169387128177,5.097490130985094
JR,q,0.25,1.339,3.738180681737892,5.101991448356411
JR,q,0.25,1.34,3.7640429717640096,5.105268799728731
JR,q,0.25,1.341,3.79081916769861,5.107451697102433
JR,q,0.25,1.342,3.8185201401334132,5.108656744833349
JR,q,0.25,1.343,3.847154613187249,5.108994543593813
JR,q,0.25,1.344,3.8767466259688512,5.1085852924136494
JR,q,0.25,1.345,3.9073355072156373,5.107559722336754
JR,q,0.25,1.346,3.9389758752937594,5.106041179108089
JR,q,0.25,1.347,3.971737638198052,5.104137990100135
JR,q,0.25,1.348,4.0057059935520885,5.101960049736482
JR,q,0.25,1.349,4.040981428608121,5.099610140142508
JR,q,0.25,1.35,4.077679720247143,5.097181705063579
JR,q,0.25,1.351,4.115929578600616,5.0947634145795035
JR,q,0.25,1.352,4.15580807230057,5.092429366486379
JR,q,0.25,1.353,4.197339802059839,5.090255364246329
JR,q,0.25,1.354,4.24057362291035,5.088310352027919
JR,q,0.25,1.355,4.28558679676272,5.086654022498222
JR,q,0.25,1.356,4.332484992406344,5.085341322563259
JR,q,0.25,1.357,4.381402285509301,5.084421701235331
JR,q,0.25,1.358,4.432501158618453,5.083924451856646
JR,q,0.25,1.359,4.485972501159347,5.083872247176969
JR,q,0.25,1.36,4.54203560943631,5.084282069888618
JR,q,0.25,1.361,4.60093267118506,5.0851890079097135
JR,q,0.25,1.362,4.662817821026161,5.086625414231343
JR,q,0.25,1.363,4.727782577143567,5.088621423938104
JR,q,0.25,1.364,4.795961877493517,5.091212360647449
JR,q,0.25,1.365,4.867536383210325,5.094409797311892
JR,q,0.25,1.366,4.942732478606498,5.098207768798918
JR,q,0.25,1.367,5.021822271172607,5.102618759540735
JR,q,0.25,1.368,5.105123591577424,5.10765181723291
JR,q,0.25,1.369,5.192999993667786,5.113311145663481
JR,q,0.25,1.37,5.285860754468729,5.11959656212077
JR,q,0.25,1.371,5.384028487652727,5.126501969234096
JR,q,0.25,1.372,5.487682581948011,5.134003351321443
JR,q,0.25,1.373,5.597171349028231,5.142068067451987
JR,q,0.25,1.374,5.712838884053624,5.150664100391141
JR,q,0.25,1.375,5.835021342338621,5.15973673148557
JR,q,0.25,1.3760000000000001,5.964046939352044,5.1692390969647715
JR,q,0.25,1.377,6.100235950716888,5.179102581167365
JR,q,0.25,1.3780000000000001,6.243900712210557,5.189234892196286
JR,q,0.25,1.379,6.395345619764619,5.199526116521882
JR,q,0.25,1.3800000000000001,6.554798139382716,5.2098407327018865
JR,q,0.25,1.381,6.7220651038050345,5.220063947254768
JR,q,0.25,1.3820000000000001,6.897394918972182,5.230109353943822
JR,q,0.25,1.383,7.08091155989762,5.239871207332292
JR,q,0.25,1.3840000000000001,7.272472136253628,5.249236189653092
JR,q,0.25,1.385,7.471666892370986,5.2580824616766355
JR,q,0.25,1.3860000000000001,7.677819207239305,5.26627632435449
JR,q,0.25,1.387,7.889985594506685,5.273673125584448
JR,q,0.25,1.3880000000000001,8.10695570248007,5.280182983568414
JR,q,0.25,1.389,8.327310149243925,5.285757903214719
JR,q,0.25,1.3900000000000001,8.549809563730948,5.290331635521733
JR,q,0.25,1.391,8.7731650641085,5.293815408295257
JR,q,0.25,1.3920000000000001,8.995938907367186,5.296127166331989
JR,q,0.25,1.393,9.216552745476285,5.297194959163959
JR,q,0.25,1.3940000000000001,9.433287625384153,5.296976442835004
JR,q,0.25,1.395,9.644283989017824,5.29546974794397
JR,q,0.25,1.3960000000000001,9.847541673283398,5.292665355440063
JR,q,0.25,1.397,10.040919910065668,5.28854615708732
JR,q,0.25,1.3980000000000001,10.222410789092446,5.283117724800228
JR,q,0.25,1.399,10.390914494635286,5.276369493320357
JR,q,0.25,1.4000000000000001,10.545406143237418,5.2682881002644955
JR,q,0.25,1.401,10.684896589181669,5.258911831807564
JR,q,0.25,1.4020000000000001,10.808440374133596,5.248291678435329
JR,q,0.25,1.403,10.915135727141243,5.2364492854938725
JR,q,0.25,1.4040000000000001,11.004124564635351,5.22341306410825
JR,q,0.25,1.405,11.074592490429168,5.209202679528902
JR,q,0.25,1.4060000000000001,11.125789282908475,5.193859130533773
JR,q,0.25,1.407,11.157546538633149,5.177414474796102
JR,q,0.25,1.408,11.170061080580268,5.1599162535298255
JR,q,0.25,1.409,11.163519952953726,5.141440438103131
JR,q,0.25,1.41,11.13814111856426,5.1220676805636876
JR,q,0.25,1.411,11.094173458829426,5.101866113660821
JR,q,0.25,1.412,11.031896773773646,5.08088301696459
JR,q,0.25,1.413,10.951621782028127,5.059138055054775
JR,q,0.25,1.414,10.853690952848233,5.0366751585774026
JR,q,0.25,1.415,10.738653555981147,5.013557586533336
JR,q,0.25,1.416,10.607360749140923,4.989834937772138
JR,q,0.25,1.417,10.46066940230238,4.965540796723937
JR,q,0.25,1.418,10.29943016260986,4.940700113945878
JR,q,0.25,1.419,10.124487454376977,4.91532529225727
JR,q,0.25,1.42,9.936679479086887,4.889429442808758
JR,q,0.25,1.421,9.736838215392005,4.863025385928309
JR,q,0.25,1.422,9.525789419114304,4.836124925481375
JR,q,0.25,1.423,9.30437411415742,4.808761071259289
JR,q,0.25,1.424,9.073721683651192,4.7809702575653175
JR,q,0.25,1.425,8.834894193826875,4.752788791885753
JR,q,0.25,1.426,8.588917114758278,4.724268767857129
JR,q,0.25,1.427,8.336846880748784,4.695458479462785
JR,q,0.25,1.428,8.079770890331812,4.666406425678246
JR,q,0.25,1.429,7.818807506270355,4.637138029541357
JR,q,0.25,1.43,7.555106055557461,4.607696805781742
JR,q,0.25,1.431,7.289846829415735,4.578172466179684
JR,q,0.25,1.432,7.024261254532954,4.54864966560473
JR,q,0.25,1.433,6.759635521362947,4.519210618869506
JR,q,0.25,1.434,6.497122798675436,4.489960533299619
JR,q,0.25,1.435,6.23790168163616,4.460992070122176
JR,q,0.25,1.436,5.98319582200892,4.432357286836788
JR,q,0.25,1.437,5.734273928155115,4.404112877151138
JR,q,0.25,1.438,5.492449765034202,4.376342218320769
JR,q,0.25,1.439,5.259082154203249,4.349124708001442
JR,q,0.25,1.44,5.035574973817347,4.3225380510244324
JR,q,0.25,1.441,4.823099424272765,4.296653504171415
JR,q,0.25,1.442,4.622589655997871,4.271521443432845
JR,q,0.25,1.443,4.435153976057087,4.247180842419592
JR,q,0.25,1.444,4.2617489609601975,4.223652224584615
JR,q,0.25,1.445,4.103177258676315,4.200949444182376
JR,q,0.25,1.446,3.960087588634206,4.179065761568265
JR,q,0.25,1.447,3.832974741722005,4.158006570014118
JR,q,0.25,1.448,3.7221795802874666,4.1377688698661705
JR,q,0.25,1.449,3.6278890381377487,4.11830593627048
JR,q,0.25,1.45,3.550110063600002,4.099566802208353
JR,q,0.25,1.451,3.4885560767281767,4.081512617046929
JR,q,0.25,1.452,3.4427368457363663,4.064106013488887
JR,q,0.25,1.453,3.411954961655603,4.047281875151448
JR,q,0.25,1.454,3.3953024900741333,4.030954726686268
JR,q,0.25,1.455,3.391660971137348,4.0150353537914985
JR,q,0.25,1.456,3.399661736070481,3.9994319106067477
JR,q,0.25,1.457,3.417668004108812,3.984043462126236
JR,q,0.25,1.458,3.443929852869008,3.968774065518683
JR,q,0.25,1.459,3.4765878146633433,3.953554232486716
JR,q,0.25,1.46,3.513672719855176,3.93830599759747
JR,q,0.25,1.461,3.553085235854251,3.9229563542920265
JR,q,0.25,1.462,3.5925892991197017,3.907450013104457
JR,q,0.25,1.463,3.6305430565489445,3.891712388608166
JR,q,0.25,1.464,3.6654979858960495,3.875679700756623
JR,q,0.25,1.465,3.6960766780742347,3.859291641995106
JR,q,0.25,1.466,3.7209728371558057,3.8425016779695302
JR,q,0.25,1.467,3.738951280372195,3.8252961856451946
JR,q,0.25,1.468,3.7488803314569665,3.807703720859342
JR,q,0.25,1.469,3.7504869460624377,3.7897400948544635
JR,q,0.25,1.47,3.7442698246433928,3.7714054679473965
JR,q,0.25,1.471,3.730677659371173,3.752723685701434
JR,q,0.25,1.472,3.710074081870463,3.7337463128543074
JR,q,0.25,1.473,3.6827376632192728,3.714531022127053
JR,q,0.25,1.474,3.6488619139489717,3.695137382925552
JR,q,0.25,1.475,3.6087761685840576,3.6756494271818485
JR,q,0.25,1.476,3.563622851049912,3.6561507463080374
JR,q,0.25,1.477,3.514484582443165,3.6367296216536555
JR,q,0.25,1.478,3.462240196719865,3.6175022049712
JR,q,0.25,1.479,3.4075712047922337,3.598593584907931
JR,q,0.25,1.48,3.3509617945287467,3.5801339196647812
JR,q,0.25,1.481,3.2926988307540643,3.5622326384553435
JR,q,0.25,1.482,3.233109490634874,3.544969145612436
JR,q,0.25,1.483,3.172904780112276,3.52843814316831
JR,q,0.25,1.484,3.1125385929560867,3.5127539143429476
JR,q,0.25,1.485,3.0523629156998116,3.498038350455662
JR,q,0.25,1.486,2.9926342137755952,3.484399975864305
JR,q,0.25,1.487,2.933513431514136,3.471923451402813
JR,q,0.25,1.488,2.875065992144769,3.4606719121107665
JR,q,0.25,1.489,2.8172617977953855,3.4506825956810783
JR,q,0.25,1.49,2.7600788109296417,3.4419876634064877
JR,q,0.25,1.491,2.7038026520855496,3.434610550978316
JR,q,0.25,1.492,2.6483426499438103,3.428561983248248
JR,q,0.25,1.493,2.5935938264135583,3.4238462979028292
JR,q,0.25,1.494,2.5394927767089346,3.4204554176020356
JR,q,0.25,1.495,2.486017669348982,3.418360560946746
JR,q,0.25,1.496,2.433188246157746,3.41750944778056
JR,q,0.25,1.497,2.3810658222641763,3.4178348321937277
JR,q,0.25,1.498,2.3297532861022177,3.4192442759992945
JR,q,0.25,1.499,2.279392595805687,3.4216224840297516
JR,q,0.25,1.5,2.2299668263066224,3.424858287476777
JR,q,0.25,1.5010000000000001,2.181300883386154,3.4288698202611987
JR,q,0.25,1.502,2.1332743752056906,3.4335570170591136
JR,q,0.25,1.5030000000000001,2.085829132350428,3.438790739409864
JR,q,0.25,1.504,2.0389692078294406,3.444447179354301
JR,q,0.25,1.5050000000000001,1.9927608770755967,3.4504043738508132
JR,q,0.25,1.506,1.9473326379456353,3.4565091867169158
JR,q,0.25,1.5070000000000001,1.9028752107200955,3.462614924036448
JR,q,0.25,1.508,1.859641538103391,3.468593244559832
JR,q,0.25,1.5090000000000001,1.8178701131732637,3.4743095862506266
JR,q,0.25,1.51,1.777388796209852,3.479636431539427
JR,q,0.25,1.5110000000000001,1.7381010417919658,3.4844675136462486
JR,q,0.25,1.512,1.6999726018545438,3.4886933460275316
JR,q,0.25,1.5130000000000001,1.6630040865768132,3.4922048362483316
JR,q,0.25,1.514,1.627230964382357,3.4949010583816404
JR,q,0.25,1.5150000000000001,1.5927235619390512,3.496685545622548
JR,q,0.25,1.516,1.5595870641591185,3.497460168521459
JR,q,0.25,1.5170000000000001,1.52796151419908,3.497153074954919
JR,q,0.25,1.518,1.4980218134598013,3.4957261556320525
JR,q,0.25,1.5190000000000001,1.4698386600766833,3.493145841689399
JR,q,0.25,1.52,1.4432771078812525,3.48939847126851
JR,q,0.25,1.5210000000000001,1.4182729086929449,3.4844742867156975
JR,q,0.25,1.522,1.3947838719574923,3.4783519454611387
JR,q,0.25,1.5230000000000001,1.3727896377030726,3.471006289352825
JR,q,0.25,1.524,1.3522916765403448,3.4624263805785813
JR,q,0.25,1.5250000000000001,1.3333132896624162,3.4526328788631746
JR,q,0.25,1.526,1.3158996088448722,3.4416698022327403
JR,q,0.25,1.5270000000000001,1.300117596445749,3.4295861660383524
JR,q,0.25,1.528,1.2860457399396275,3.416439268272241
JR,q,0.25,1.5290000000000001,1.273611910813882,3.402273999294489
JR,q,0.25,1.53,1.2627040728632952,3.387140197080576
JR,q,0.25,1.5310000000000001,1.2532416851759463,3.371085768886386
JR,q,0.25,1.532,1.2451597459478752,3.3541543553932947
JR,q,0.25,1.5330000000000001,1.2384087924830665,3.336409298786593
JR,q,0.25,1.534,1.232954901193465,3.3179257686402472
JR,q,0.25,1.5350000000000001,1.2287796875989612,3.298784992422623
JR,q,0.25,1.536,1.2258803063274053,3.2790528497341915
JR,q,0.25,1.537,1.2242694511145933,3.258779262091317
JR,q,0.25,1.538,1.2239676404089117,3.238016931780113
JR,q,0.25,1.539,1.2248871450899843,3.2168179883248484
JR,q,0.25,1.54,1.2269237418285641,3.1952364460024025
JR,q,0.25,1.541,1.229997741703138,3.17333491099326
JR,q,0.25,1.542,1.2340398766232612,3.1511687527718726
JR,q,0.25,1.543,1.2389912993295384,3.128801034030775
JR,q,0.25,1.544,1.244803583393642,3.106302944366358
JR,q,0.25,1.545,1.2514387232183006,3.0837290951419796
JR,q,0.25,1.546,1.2588691340373028,3.0611353517012128
JR,q,0.25,1.547,1.2670776519154945,3.03857290946775
JR,q,0.25,1.548,1.276057533748788,3.016083743372844
JR,q,0.25,1.549,1.2857899850588188,2.9937262519233316
JR,q,0.25,1.55,1.296182011686886,2.971571383990136
JR,q,0.25,1.551,1.3071677685838345,2.9496778318649053
JR,q,0.25,1.552,1.3186906066728223,2.9281108649928433
JR,q,0.25,1.553,1.3306999703069655,2.9069355695637555
JR,q,0.25,1.554,1.3431513972693487,2.886212800273799
JR,q,0.25,1.555,1.3560065187730137,2.8659942518492936
JR,q,0.25,1.556,1.3692330594609805,2.846327655273109
JR,q,0.25,1.557,1.3828048374062192,2.827257965993695
JR,q,0.25,1.558,1.3967017641116746,2.808834518036639
JR,q,0.25,1.559,1.4109098445102468,2.791091770678636
JR,q,0.25,1.56,1.4254211611423848,2.774040543956427
JR,q,0.25,1.561,1.4402002368143973,2.7576828143274987
JR,q,0.25,1.562,1.455192399522372,2.7420285039489976
JR,q,0.25,1.563,1.470364026123307,2.727090475354439
JR,q,0.25,1.564,1.485684488596375,2.7128667900105743
JR,q,0.25,1.565,1.5011261540429066,2.699342510167099
JR,q,0.25,1.566,1.5166643846864107,2.6865077408743603
JR,q,0.25,1.567,1.5322775378725475,2.674342153679561
JR,q,0.25,1.568,1.5479469660691616,2.66281319706618
JR,q,0.25,1.569,1.5636570168662471,2.651885958428997
JR,q,0.25,1.57,1.5793950329759805,2.6415305316990954
JR,q,0.25,1.571,1.5951513522326897,2.631736618608227
JR,q,0.25,1.572,1.6109193075928845,2.622488884101435
JR,q,0.25,1.573,1.626695227135226,2.6137587088316434
JR,q,0.25,1.574,1.6424631771267482,2.6055146464470416
JR,q,0.25,1.575,1.6581950016653173,2.5977222624473884
JR,q,0.25,1.576,1.6738760719272943,2.5903558883008855
JR,q,0.25,1.577,1.689493381252599,2.583412460590293
JR,q,0.25,1.578,1.7050355106326642,2.576883943715138
JR,q,0.25,1.579,1.7204926287104079,2.570748139028187
JR,q,0.25,1.58,1.7358564917802592,2.564962955356998
JR,q,0.25,1.581,1.7511204437881323,2.5594785968800524
JR,q,0.25,1.582,1.7662794163314537,2.554253190280646
JR,q,0.25,1.583,1.781329928659134,2.5492679826709663
JR,q,0.25,1.584,1.7962700876715973,2.5445032205825613
JR,q,0.25,1.585,1.8110995879207512,2.5399353754945913
JR,q,0.25,1.586,1.825819711610015,2.535543514052035
JR,q,0.25,1.587,1.840432860241605,2.531310028722181
JR,q,0.25,1.588,1.8549271642191392,2.5272220791246607
JR,q,0.25,1.589,1.869292014981946,2.5232642147813054
JR,q,0.25,1.59,1.8835229892138834,2.519424768135603
JR,q,0.25,1.591,1.897616772269274,2.5156978521252737
JR,q,0.25,1.592,1.9115711581729289,2.512081921573279
JR,q,0.25,1.593,1.925385049620124,2.5085780316197543
JR,q,0.25,1.594,1.9390584579766257,2.505198870502403
JR,q,0.25,1.595,1.9525925032786633,2.50196804982728
JR,q,0.25,1.596,1.9659894142329586,2.4989132191876164
JR,q,0.25,1.597,1.9792525282166964,2.4960560903333007
JR,q,0.25,1.598,1.9923861404030396,2.493424057188074
JR,q,0.25,1.599,2.005389820595646,2.491043956025059
JR,q,0.25,1.6,2.0182593741244768,2.4889356908843077
JR,q,0.25,1.601,2.0309921168705496,2.4871328917037694
JR,q,0.25,1.602,2.0435865691748902,2.485676303819649
JR,q,0.25,1.603,2.056042455838506,2.484600673809843
JR,q,0.25,1.604,2.068360706122411,2.4839311642541024
JR,q,0.25,1.605,2.0805434537476017,2.483685334707768
JR,q,0.25,1.606,2.092594036895083,2.4838731856609604
JR,q,0.25,1.607,2.104516998205842,2.484499547046872
JR,q,0.25,1.608,2.116318084780872,2.48556618141929
JR,q,0.25,1.609,2.128004114584562,2.4870741709397657
JR,q,0.25,1.61,2.1395770143801287,2.489001387932072
JR,q,0.25,1.611,2.151032236428992,2.4913145544126767
JR,q,0.25,1.612,2.162366328496154,2.4939735575800217
JR,q,0.25,1.613,2.1735773827412537,2.496934899884578
JR,q,0.25,1.614,2.184665035718601,2.5001540294284705
JR,q,0.25,1.615,2.1956304683771424,2.503588705298627
JR,q,0.25,1.616,2.206476406060493,2.507207327136076
JR,q,0.25,1.617,2.2172071185069093,2.5109860316073753
JR,q,0.25,1.618,2.22782841984931,2.5148861150774278
JR,q,0.25,1.619,2.2383476686152615,2.518857583489842
JR,q,0.25,1.62,2.248773767726988,2.5228516648653367
JR,q,0.25,1.621,2.2591139254172816,2.526832887480312
JR,q,0.25,1.622,2.2693624060477933,2.5307766637069644
JR,q,0.25,1.623,2.2795142220024376,2.534675970273047
JR,q,0.25,1.624,2.2895663017882666,2.538535362931697
JR,q,0.25,1.625,2.2995172574161433,2.5423586782647196
JR,q,0.25,1.6260000000000001,2.309367384400765,2.546153829286423
JR,q,0.25,1.627,2.3191186617606436,2.549939771733152
JR,q,0.25,1.6280000000000001,2.328774752018122,2.5537331187098933
JR,q,0.25,1.629,2.3383410011993604,2.557548421752355
JR,q,0.25,1.6300000000000001,2.347824438834347,2.561408319744328
JR,q,0.25,1.631,2.3572337779568904,2.5653359177018773
JR,q,0.25,1.6320000000000001,2.366579311152912,2.5693511927953328
JR,q,0.25,1.633,2.3758621031649394,2.573472274045837
JR,q,0.25,1.6340000000000001,2.385074640339263,2.57771741117292
JR,q,0.25,1.635,2.394212741841441,2.582104948753027
JR,q,0.25,1.6360000000000001,2.4032739241670917,2.586658911009354
JR,q,0.25,1.637,2.412257401141872,2.5914021032443157
JR,q,0.25,1.6380000000000001,2.4211640839215005,2.596350987558688
JR,q,0.25,1.639,2.429996580991735,2.6015178714394334
JR,q,0.25,1.6400000000000001,2.438759198168391,2.6069186049312383
JR,q,0.25,1.641,2.447457938597327,2.6125661840412686
JR,q,0.25,1.6420000000000001,2.456100502754459,2.6184642727590854
JR,q,0.25,1.643,2.464696288445745,2.6246160804848713
JR,q,0.25,1.6440000000000001,2.4732544011680995,2.631032216896131
JR,q,0.25,1.645,2.4817695422460013,2.6377235385573217
JR,q,0.25,1.6460000000000001,2.4902356403680592,2.644700146408056
JR,q,0.25,1.647,2.498649072939698,2.6519691512508983
JR,q,0.25,1.6480000000000001,2.5070079037773154,2.6595398074988186
JR,q,0.25,1.649,2.5153118831082613,2.6674193750231274
JR,q,0.25,1.6500000000000001,2.5235624475708605,2.675615709573462
JR,q,0.25,1.651,2.531762720214393,2.684139910436152
JR,q,0.25,1.6520000000000001,2.539917510499108,2.6930001282713296
JR,q,0.25,1.653,2.548033314296214,2.7022034726442263
JR,q,0.25,1.6540000000000001,2.5561183138878882,2.7117583073626275
JR,q,0.25,1.655,2.564182377967264,2.7216779003724043
JR,q,0.25,1.6560000000000001,2.57223148167214,2.731979328698286
JR,q,0.25,1.657,2.5802575634649414,2.742680312625224
JR,q,0.25,1.6580000000000001,2.58825570428904,2.7537961344906408
JR,q,0.25,1.659,2.596222783347925,2.765343045581754
JR,q,0.25,1.6600000000000001,2.604157346127545,2.777338991570965
JR,q,0.25,1.661,2.6120596043963067,2.789805181731789
JR,q,0.25,1.6620000000000001,2.6199314362050776,2.8027634069827356
JR,q,0.25,1.663,2.627776385887179,2.816234691305853
JR,q,0.25,1.6640000000000001,2.6355996640583967,2.83023946024929
JR,q,0.25,1.665,2.643408147616971,2.84480036272746
JR,q,0.25,1.666,2.6512103797436026,2.859945323156877
JR,q,0.25,1.667,2.659016552154331,2.875705009399198
JR,q,0.25,1.668,2.6668288189899876,2.8921078513601954
JR,q,0.25,1.669,2.674639195196099,2.9091759677062288
JR,q,0.25,1.67,2.6824433557548235,2.9269370034001967
JR,q,0.25,1.671,2.6902386425630604,2.945421497976745
JR,q,0.25,1.672,2.698024064432432,2.9646541450289794
JR,q,0.25,1.673,2.7058002970893016,2.98465232195656
JR,q,0.25,1.674,2.7135696831747564,3.005430332682893
JR,q,0.25,1.675,2.7213362322446235,3.0270003263779675
JR,q,0.25,1.676,2.729105620769455,3.0493710134789445
JR,q,0.25,1.677,2.736885192134541,3.072547313272294
JR,q,0.25,1.678,2.7446839566399013,3.0965388366937336
JR,q,0.25,1.679,2.7525122382557616,3.1213516029369077
JR,q,0.25,1.68,2.760369118720813,3.1469863170701813
JR,q,0.25,1.681,2.768247417530294,3.173438570337089
JR,q,0.25,1.682,2.7761432342724737,3.2006949365043416
JR,q,0.25,1.683,2.7840543882394235,3.228736745178819
JR,q,0.25,1.684,2.7919804184270025,3.257549629003123
JR,q,0.25,1.685,2.7999225835348707,3.287117750052909
JR,q,0.25,1.686,2.807883861966476,3.3174155463949884
JR,q,0.25,1.687,2.8158689518290667,3.3484421735358993
JR,q,0.25,1.688,2.82388427093368,3.3801926658195436
JR,q,0.25,1.689,2.8319379567951537,3.4126528790518535
JR,q,0.25,1.69,2.8400398666321136,3.445812444067091
JR,q,0.25,1.691,2.8482004164373844,3.479646078503754
JR,q,0.25,1.692,2.8564163889620544,3.514124669051563
JR,q,0.25,1.693,2.8646814233914184,3.5492262358549187
JR,q,0.25,1.694,2.872992033358916,3.5849156422779287
JR,q,0.25,1.695,2.8813466013098408,3.621158319380798
JR,q,0.25,1.696,2.8897453785013276,3.6579122512888462
JR,q,0.25,1.697,2.8981904850023663,3.695118850153671
JR,q,0.25,1.698,2.9066859096937883,3.732704202135121
JR,q,0.25,1.699,2.915237510268281,3.7705838043944824
JR,q,0.25,1.7,2.923853013230369,3.8086790873008898
JR,q,0.25,1.701,2.932542013896436,3.8469075927205836
JR,q,0.25,1.702,2.9413159763947063,3.885176050218665
JR,q,0.25,1.703,2.9501855024291204,3.9233794814515766
JR,q,0.25,1.704,2.959145434775848,3.9614202880780143
JR,q,0.25,1.705,2.9681901539219817,3.9991974827619305
JR,q,0.25,1.706,2.977316722145148,4.036588806376046
JR,q,0.25,1.707,2.9865243668885673,4.073457484423231
JR,q,0.25,1.708,2.9958144807610325,4.109659848754213
JR,q,0.25,1.709,3.005190621536933,4.14506172634529
JR,q,0.25,1.71,3.0146585121562284,4.1795314447486795
JR,q,0.25,1.711,3.024226040724476,4.212942389906493
JR,q,0.25,1.712,3.0339032605128025,4.245191321501047
JR,q,0.25,1.713,3.0437023899579305,4.276184132968429
JR,q,0.25,1.714,3.0536378126621586,4.305819453114179
JR,q,0.25,1.715,3.0637197322952234,4.333990803377839
JR,q,0.25,1.716,3.0739411953270137,4.36059202428373
JR,q,0.25,1.717,3.084297547995978,4.385527777895452
JR,q,0.25,1.718,3.094786923976989,4.4087244507581484
JR,q,0.25,1.719,3.1054101499440954,4.430137354205848
JR,q,0.25,1.72,3.116170745570502,4.449735360259515
JR,q,0.25,1.721,3.1270749235285895,4.4675040114282245
JR,q,0.25,1.722,3.1381315894898933,4.483436140355002
JR,q,0.25,1.723,3.149352342125125,4.49752987970462
JR,q,0.25,1.724,3.1607514731041535,4.509792587402621
JR,q,0.25,1.725,3.17234596709602,4.520236443228328
JR,q,0.25,1.726,3.184155238630198,4.528901071995795
JR,q,0.25,1.727,3.1961856106057076,4.535844105278986
JR,q,0.25,1.728,3.208429922514911,4.541143944954731
JR,q,0.25,1.729,3.2208851732689667,4.5448852877312795
JR,q,0.25,1.73,3.233551988360459,4.547143163905554
JR,q,0.25,1.731,3.2464346198634146,4.54799266721515
JR,q,0.25,1.732,3.259540946433282,4.547508562034399
JR,q,0.25,1.733,3.2728824733069524,4.545772369225651
JR,q,0.25,1.734,3.286474332302742,4.542884624904353
JR,q,0.25,1.735,3.3003352818204075,4.538955010255911
JR,q,0.25,1.736,3.3144877068411294,4.534105887797839
JR,q,0.25,1.737,3.328957618927532,4.528469024935484
JR,q,0.25,1.738,3.3437689103126496,4.522172144940505
JR,q,0.25,1.739,3.358919236777343,4.515336584691791
JR,q,0.25,1.74,3.374404503646724,4.508071918632782
JR,q,0.25,1.741,3.3902261744805107,4.50048788854921
JR,q,0.25,1.742,3.4063910460337725,4.492702537772974
JR,q,0.25,1.743,3.4229112482569706,4.484843198989157
JR,q,0.25,1.744,3.4398042442959214,4.477042484189222
JR,q,0.25,1.745,3.4570928304918285,4.469427367183862
JR,q,0.25,1.746,3.4748051363812524,4.462119262870162
JR,q,0.25,1.747,3.4929746246961413,4.455219755129778
JR,q,0.25,1.748,3.511640091363799,4.4488197605539135
JR,q,0.25,1.749,3.5308427234146698,4.442993417480176
JR,q,0.25,1.75,3.5505931659806844,4.43781217749059
JR,q,0.25,1.7510000000000001,3.570888336541829,4.433356661407364
JR,q,0.25,1.752,3.591733793384419,4.429689532792863
JR,q,0.25,1.7530000000000001,3.6131437055540556,4.426878735469029
JR,q,0.25,1.754,3.6351408528555833,4.424970454177373
JR,q,0.25,1.7550000000000001,3.6577566258531307,4.423994396105053
JR,q,0.25,1.756,3.6810310258700683,4.423978260870087
JR,q,0.25,1.7570000000000001,3.705012664989051,4.424933672867682
JR,q,0.25,1.758,3.7297587660519778,4.426876989959591
JR,q,0.25,1.7590000000000001,3.7553351626600318,4.429815567569954
JR,q,0.25,1.76,3.78181020588539,4.433752191054092
JR,q,0.25,1.7610000000000001,3.8092051514475296,4.43867894523839
JR,q,0.25,1.762,3.8375252945879064,4.444558081685692
JR,q,0.25,1.7630000000000001,3.866790949385273,4.451348729687507
JR,q,0.25,1.764,3.8970376308954515,4.458989042522443
JR,q,0.25,1.7650000000000001,3.9283160551513916,4.467390049785464
JR,q,0.25,1.766,3.9606921391631116,4.4764353173779945
JR,q,0.25,1.7670000000000001,3.9942470009177584,4.4860240696162315
JR,q,0.25,1.768,4.029076959379548,4.496066038811842
JR,q,0.25,1.7690000000000001,4.065293534489824,4.506458660861433
JR,q,0.25,1.77,4.1030231907000605,4.517081238911151
JR,q,0.25,1.7710000000000001,4.142363562158599,4.527792149878882
JR,q,0.25,1.772,4.183340376937879,4.5384361594625044
JR,q,0.25,1.7730000000000001,4.225995382936884,4.548855994704207
JR,q,0.25,1.774,4.270398569588956,4.558918201957167
JR,q,0.25,1.7750000000000001,4.3166481678618585,4.5685010014404615
JR,q,0.25,1.776,4.364870650257707,4.577500083766721
JR,q,0.25,1.7770000000000001,4.4152207308130444,4.585814123378854
JR,q,0.25,1.778,4.4678813650987586,4.593347117719596
JR,q,0.25,1.7790000000000001,4.523063750220174,4.600007373156939
JR,q,0.25,1.78,4.581006626662773,4.605737403607351
JR,q,0.25,1.7810000000000001,4.641896939253136,4.610498957712942
JR,q,0.25,1.782,4.705822982750771,4.614249348889222
JR,q,0.25,1.7830000000000001,4.772907481160088,4.6169781886926575
JR,q,0.25,1.784,4.843318792075154,4.618697413792851
JR,q,0.25,1.7850000000000001,4.9172709066798115,4.619419245651921
JR,q,0.25,1.786,4.995023449747549,4.619155612063298
JR,q,0.25,1.7870000000000001,5.076881679641637,4.617941417884781
JR,q,0.25,1.788,5.163196488314988,4.615827650952267
JR,q,0.25,1.7890000000000001,5.2543644013102995,4.612884953600352
JR,q,0.25,1.79,5.35076324145057,4.6092254328230835
JR,q,0.25,1.7910000000000001,5.45255509425442,4.604979565634976
JR,q,0.25,1.792,5.560065948299504,4.60026580770988
JR,q,0.25,1.793,5.673639431944263,4.595186138191078
JR,q,0.25,1.794,5.7936128701026695,4.589823001528737
JR,q,0.25,1.795,5.920317284244137,4.58423633598504
JR,q,0.25,1.796,6.054077392393715,4.578503029251714
JR,q,0.25,1.797,6.195211609131853,4.572740014576578
JR,q,0.25,1.798,6.344032045594652,4.567064520658659
JR,q,0.25,1.799,6.500830694644404,4.561560484913028
JR,q,0.25,1.8,6.665458385162122,4.556301514174389
JR,q,0.25,1.801,6.838079379039768,4.551339445357635
JR,q,0.25,1.802,7.018893279557591,4.546699922382147
JR,q,0.25,1.803,7.20783466603627,4.542398198518268
JR,q,0.25,1.804,7.404573093837243,4.53846885434881
JR,q,0.25,1.805,7.608513094362363,4.5349453228977055
JR,q,0.25,1.806,7.8187941750542524,4.531834929121987
JR,q,0.25,1.807,8.034290819395938,4.529141638090108
JR,q,0.25,1.808,8.253629098896276,4.526856202905371
JR,q,0.25,1.809,8.475526903348783,4.524957971235018
JR,q,0.25,1.81,8.698747354090429,4.523420019467101
JR,q,0.25,1.811,8.92189778061425,4.522236040260432
JR,q,0.25,1.812,9.143441885382302,4.521388252975663
JR,q,0.25,1.813,9.361699743825254,4.520833855382429
JR,q,0.25,1.814,9.574847804342781,4.520517123257211
JR,q,0.25,1.815,9.78091888830319,4.520348683960503
JR,q,0.25,1.816,9.977802190043784,4.52024640477252
JR,q,0.25,1.817,10.163352785547694,4.520140456631007
JR,q,0.25,1.818,10.336275874056764,4.5199658231376585
JR,q,0.25,1.819,10.495548270842466,4.519644739353661
JR,q,0.25,1.82,10.640158740762082,4.519083128696521
JR,q,0.25,1.821,10.769139276456743,4.518187836227699
JR,q,0.25,1.822,10.881565098351665,4.516842473330447
JR,q,0.25,1.823,10.976554654655928,4.51494815833149
JR,q,0.25,1.824,11.053269621362695,4.512395490074828
JR,q,0.25,1.825,11.110915190076373,4.509069444937783
JR,q,0.25,1.826,11.149096808771496,4.504851410402312
JR,q,0.25,1.827,11.167997196708644,4.499622857551754
JR,q,0.25,1.828,11.167786810553821,4.493301468865053
JR,q,0.25,1.829,11.148667441561834,4.485833310020724
JR,q,0.25,1.83,11.110872215576308,4.477180865832031
JR,q,0.25,1.831,11.054665593029716,4.467301348829806
JR,q,0.25,1.832,10.980343368943306,4.456141618576868
JR,q,0.25,1.833,10.8882326729272,4.443648315260591
JR,q,0.25,1.834,10.77878268599987,4.429803542911037
JR,q,0.25,1.835,10.652802295417468,4.414608105419523
JR,q,0.25,1.836,10.511147568977613,4.3980762910406295
JR,q,0.25,1.837,10.354667454113045,4.3802462150051
JR,q,0.25,1.838,10.184204775556557,4.361184522229401
JR,q,0.25,1.839,10.000596235341268,4.340971816950247
JR,q,0.25,1.84,9.804672412800327,4.31969247055051
JR,q,0.25,1.841,9.597257764567239,4.297444678447774
JR,q,0.25,1.842,9.379172018287909,4.2743328485350744
JR,q,0.25,1.843,9.1514636159344,4.250452627646535
JR,q,0.25,1.844,8.915243023264086,4.225894915620862
JR,q,0.25,1.845,8.671527599555231,4.200781300701632
JR,q,0.25,1.846,8.4213650034923,4.175238589638602
JR,q,0.25,1.847,8.165833193166403,4.14938762244986
JR,q,0.25,1.848,7.906040426074837,4.123373599488672
JR,q,0.25,1.849,7.64312525912155,4.097343383632139
JR,q,0.25,1.85,7.378256548616674,4.071433253127829
JR,q,0.25,1.851,7.112640796737635,4.045773802106027
JR,q,0.25,1.852,6.847575344864456,4.020489300742757
JR,q,0.25,1.853,6.584229162748009,3.9956914767232052
JR,q,0.25,1.854,6.323768521985732,3.9714899767547207
JR,q,0.25,1.855,6.067405898824992,3.9480192419556146
JR,q,0.25,1.856,5.816399974162621,3.9254110673561717
JR,q,0.25,1.857,5.572055633545364,3.90375850130412
JR,q,0.25,1.858,5.335723967169439,3.883148063992939
JR,q,0.25,1.859,5.108802269880972,3.863668410134309
JR,q,0.25,1.86,4.892573059583384,3.845393382138428
JR,q,0.25,1.861,4.6879437831548145,3.828386309050787
JR,q,0.25,1.862,4.496043809572665,3.812701820242916
JR,q,0.25,1.863,4.3178755882544095,3.7983728922484765
JR,q,0.25,1.864,4.154289363195296,3.7853991000319627
JR,q,0.25,1.865,4.005983172968648,3.773775161021683
JR,q,0.25,1.866,3.8735028507255933,3.7634664114048233
JR,q,0.25,1.867,3.7572420241953175,3.7544401570136476
JR,q,0.25,1.868,3.657442115684816,3.7466852419362073
JR,q,0.25,1.869,3.574182995033766,3.7401535913182853
JR,q,0.25,1.87,3.5072671328025713,3.7347730777209676
JR,q,0.25,1.871,3.456270987155282,3.7304345096891067
JR,q,0.25,1.872,3.420568975412106,3.727017349103677
JR,q,0.25,1.873,3.3993245598200765,3.724395661076486
JR,q,0.25,1.874,3.391490247552923,3.722466884366913
JR,q,0.25,1.875,3.3957880704963372,3.721106036187959
JR,q,0.25,1.8760000000000001,3.4106488791208633,3.720191138220294
JR,q,0.25,1.877,3.4343625247375265,3.7195795317796563
JR,q,0.25,1.8780000000000001,3.4651066733414986,3.719125937907523
JR,q,0.25,1.879,3.500944922970632,3.718692904302681
JR,q,0.25,1.8800000000000001,3.5398236749474528,3.7181429172062077
JR,q,0.25,1.881,3.5794751085059,3.7173342026269056
JR,q,0.25,1.8820000000000001,3.6181146065436067,3.7161191446089736
JR,q,0.25,1.883,3.6542526758904827,3.714363562297328
JR,q,0.25,1.8840000000000001,3.6864699578340847,3.711946769347059
JR,q,0.25,1.885,3.713417228119539,3.708788034602216
JR,q,0.25,1.8860000000000001,3.7338153969496126,3.7048221199407125
JR,q,0.25,1.887,3.7464588520124806,3.6999831293441137
JR,q,0.25,1.8880000000000001,3.750745489211038,3.694201345828465
JR,q,0.25,1.889,3.7470931133692282,3.6874127740773956
JR,q,0.25,1.8900000000000001,3.735952182095147,3.679568035383289
JR,q,0.25,1.891,3.7176897990048037,3.6706342983939755
JR,q,0.25,1.8920000000000001,3.6925897137220964,3.6606287605450234
JR,q,0.25,1.893,3.6608523218788296,3.6495912654980565
JR,q,0.25,1.8940000000000001,3.6226850010643474,3.6375635108968516
JR,q,0.25,1.895,3.579074318920325,3.6245979185814257
JR,q,0.25,1.8960000000000001,3.5311675631778616,3.610744623571563
JR,q,0.25,1.897,3.47989482540598,3.5960338139125825
JR,q,0.25,1.8980000000000001,3.4259891620163554,3.5805128319246107
JR,q,0.25,1.899,3.3699865942633593,3.5642574155458453
JR,q,0.25,1.9000000000000001,3.3122261082439906,3.5473786460745367
JR,q,0.25,1.901,3.2529626932960927,3.529976448240492
JR,q,0.25,1.9020000000000001,3.1928931857816103,3.512144045703627
JR,q,0.25,1.903,3.132532233566655,3.49396750146585
JR,q,0.25,1.9040000000000001,3.072263775200428,3.47552861021524
JR,q,0.25,1.905,3.0123738038279697,3.4569268230284256
JR,q,0.25,1.9060000000000001,2.953050367190043,3.438278822839332
JR,q,0.25,1.907,2.8943835676232386,3.419699843521791
JR,q,0.25,1.9080000000000001,2.836365562059866,3.401296029681216
JR,q,0.25,1.909,2.7789296199922173,3.3831457170776504
JR,q,0.25,1.9100000000000001,2.722359125561823,3.3653013416014605
JR,q,0.25,1.911,2.6666330473598165,3.3478224058561055
JR,q,0.25,1.9120000000000001,2.6116398583008564,3.3307853727202326
JR,q,0.25,1.913,2.557308668130167,3.3142634711218024
JR,q,0.25,1.9140000000000001,2.503609223423437,3.298318424115639
JR,q,0.25,1.915,2.450551907586915,3.2829966715475756
JR,q,0.25,1.9160000000000001,2.3981877408573204,3.2683387591795783
JR,q,0.25,1.917,2.3466083803019266,3.2543858487812063
JR,q,0.25,1.9180000000000001,2.2959489151202117,3.2411766029491345
JR,q,0.25,1.919,2.2462530677683468,3.228714335030913
JR,q,0.25,1.92,2.1973484472655613,3.217008822958464
JR,q,0.25,1.921,2.149100040174412,3.2060836199972846
JR,q,0.25,1.922,2.1014353934698793,3.195957230301508
JR,q,0.25,1.923,2.054344614539291,3.1866501011120376
JR,q,0.25,1.924,2.007880371182411,3.1781847773435032
JR,q,0.25,1.925,1.962157891611355,3.170579559494655
JR,q,0.25,1.926,1.9173549644506664,3.163850230079532
JR,q,0.25,1.927,1.8737119387372463,3.158005067414038
JR,q,0.25,1.928,1.8315027310867595,3.1530525506445133
JR,q,0.25,1.929,1.7906234162633599,3.149005445811499
JR,q,0.25,1.93,1.7509425574499087,3.145879323790135
JR,q,0.25,1.931,1.7124183280235457,3.143683814817989
JR,q,0.25,1.932,1.675044012788752,3.1424320049058827
JR,q,0.25,1.933,1.6388480079772556,3.1421265369562734
JR,q,0.25,1.934,1.6038938212481124,3.1427623729517045
JR,q,0.25,1.935,1.5702800716876366,3.144313789418731
JR,q,0.25,1.936,1.5381404898094626,3.1467588277151965
JR,q,0.25,1.937,1.5076439175544847,3.1500685923637413
JR,q,0.25,1.938,1.4789161565807243,3.154230391850374
JR,q,0.25,1.939,1.451829894462981,3.1592282950583446
JR,q,0.25,1.94,1.4263108554690653,3.1650199601462132
JR,q,0.25,1.941,1.4023126577347762,3.171563979635461
JR,q,0.25,1.942,1.3798108511539233,3.178802403211861
JR,q,0.25,1.943,1.358802917378302,3.186682118410122
JR,q,0.25,1.944,1.3393082698177183,3.195141787420233
JR,q,0.25,1.945,1.3213682536399594,3.204103202683415
JR,q,0.25,1.946,1.3050461457708264,3.2134850590432067
JR,q,0.25,1.947,1.290425440999499,3.223222611092237
JR,q,0.25,1.948,1.2774751242467604,3.2332632445570475
JR,q,0.25,1.949,1.2660731434864214,3.2435361643355196
JR,q,0.25,1.95,1.2561358571748045,3.253987916113555
JR,q,0.25,1.951,1.247595232315442,3.2645503293973093
JR,q,0.25,1.952,1.240398844459107,3.275151821391029
JR,q,0.25,1.953,1.2345098777037897,3.2857050199877786
JR,q,0.25,1.954,1.2299071246947104,3.296130068931658
JR,q,0.25,1.955,1.2265849866243146,3.306363024673764
JR,q,0.25,1.956,1.2245534732322776,3.3163821218135685
JR,q,0.25,1.957,1.2238368181609127,3.3261721041656394
JR,q,0.25,1.958,1.2243745259956054,3.335709551980445
JR,q,0.25,1.959,1.2260530317225342,3.3449660755665183
JR,q,0.25,1.96,1.228790353553685,3.353920725216012
JR,q,0.25,1.961,1.2325149911167168,3.362559467051602
JR,q,0.25,1.962,1.2371659254549519,3.37085576038056
JR,q,0.25,1.963,1.2426926190273848,3.3787870321104334
JR,q,0.25,1.964,1.2490550157086782,3.386351204407161
JR,q,0.25,1.965,1.2562235407891649,3.393541994405279
JR,q,0.25,1.966,1.2641791009748413,3.400338097320965
JR,q,0.25,1.967,1.2729130843873797,3.4067248756615647
JR,q,0.25,1.968,1.2824162292605559,3.412693360987287
JR,q,0.25,1.969,1.2926025373353394,3.418239836969872
JR,q,0.25,1.97,1.303400139883645,3.423351852364161
JR,q,0.25,1.971,1.3147508943068154,3.427995826524923
JR,q,0.25,1.972,1.32660279954559,3.4321382890578205
JR,q,0.25,1.973,1.3389099960801252,3.435742704412089
JR,q,0.25,1.974,1.3516327659299687,3.4387707424464624
JR,q,0.25,1.975,1.3647375326540878,3.4411682848405696
JR,q,0.25,1.976,1.378196861350843,3.442909957322607
JR,q,0.25,1.977,1.3919894586580117,3.4439872686840864
JR,q,0.25,1.978,1.4061001727527627,3.444373281370119
JR,q,0.25,1.979,1.4205199933516859,3.4440192734734727
JR,q,0.25,1.98,1.4352236869504944,3.4428726056854053
JR,q,0.25,1.981,1.4501516334241655,3.4408816169444933
JR,q,0.25,1.982,1.4652687976892942,3.437998481398288
JR,q,0.25,1.983,1.480543732050151,3.4341798391985083
JR,q,0.25,1.984,1.495948013303411,3.429400376881292
JR,q,0.25,1.985,1.5114562427381828,3.423648210546827
JR,q,0.25,1.986,1.5270460461359812,3.4169094559480317
JR,q,0.25,1.987,1.5426980737707563,3.4091772486387937
JR,q,0.25,1.988,1.5583960004088642,3.400450413222692
JR,q,0.25,1.989,1.5741265253090941,3.3907383042111245
JR,q,0.25,1.99,1.5898793722226423,3.3800751977846346
JR,q,0.25,1.991,1.6056472893931386,3.368501838901764
JR,q,0.25,1.992,1.6214260495566206,3.3560644080545363
JR,q,0.25,1.993,1.6372016241025227,3.342836309575526
JR,q,0.25,1.994,1.6529406678215555,3.328911214603092
JR,q,0.25,1.995,1.6686310502514532,3.3143910692801968
JR,q,0.25,1.996,1.6842623698668748,3.2993864916665836
JR,q,0.25,1.997,1.6998251642250661,3.2840172740453126
JR,q,0.25,1.998,1.7153109099658272,3.2683960613421785
JR,q,0.25,1.999,1.730712022811547,3.25262695923729
JR,q,0.25,2.0,1.7460218575671678,3.2368240051569006
JR,q,0.5,0.0,0.0,0.0
JR,q,0.5,0.001,0.017990921313896083,0.017993807298423755
JR,q,0.5,0.002,0.06699730565049196,0.06700638690114755
JR,q,0.5,0.003,0.14045973885441188,0.14047548422480635
JR,q,0.5,0.004,0.2327758925253963,0.23279678790795638
JR,q,0.5,0.005,0.3391467665575065,0.3391701231415128
JR,q,0.5,0.006,0.4556763216494468,0.4556988284369853
JR,q,0.5,0.007,0.5790872052282761,0.5791050577150632
JR,q,0.5,0.008,0.7065458469540349,0.7065551376117881
JR,q,0.5,0.009000000000000001,0.8356705126035322,0.8356681651117256
JR,q,0.5,0.01,0.9646679688934109,0.964651189688379
JR,q,0.5,0.011,1.0921240480795442,1.092089962414714
JR,q,0.5,0.012,1.2168226999259575,1.2167687712061406
JR,q,0.5,0.013000000000000001,1.337744059358272,1.3376681834315622
JR,q,0.5,0.014,1.4540858664838612,1.4539883676247791
JR,q,0.5,0.015,1.5654015560618453,1.565282109013623
JR,q,0.5,0.016,1.6714127902277987,1.671270816588774
JR,q,0.5,0.017,1.7718992783103384,1.7717344231717465
JR,q,0.5,0.018000000000000002,1.8666984640568238,1.8665105901671473
JR,q,0.5,0.019,1.9557055147810125,1.9554946202636352
JR,q,0.5,0.02,2.038903600270405,2.0386740951578735
JR,q,0.5,0.021,2.116486925105935,2.1162402060040777
JR,q,0.5,0.022,2.1887020134002735,2.188439112095063
JR,q,0.5,0.023,2.2557870681479426,2.2555088868995066
JR,q,0.5,0.024,2.3179719712253117,2.317679246278764
JR,q,0.5,0.025,2.375478283390603,2.375171548486875
JR,q,0.5,0.026000000000000002,2.428519244283886,2.4281987941705623
JR,q,0.5,0.027,2.4773105035022436,2.4769812798213597
JR,q,0.5,0.028,2.522175632474855,2.5218418125607367
JR,q,0.5,0.029,2.5634658626924933,2.563130130451093
JR,q,0.5,0.03,2.6015071801121255,2.6011705838550103
JR,q,0.5,0.031,2.6366039893199096,2.636266245915262
JR,q,0.5,0.032,2.669039113531198,2.6686989125548024
JR,q,0.5,0.033,2.699073794590533,2.6987291024767757
JR,q,0.5,0.034,2.7269476929716507,2.7265960571645076
JR,q,0.5,0.035,2.752878887777479,2.7525177408815136
JR,q,0.5,0.036000000000000004,2.777068575182264,2.776705200300175
JR,q,0.5,0.037,2.7997753921795407,2.799412213488469
JR,q,0.5,0.038,2.8212118814870024,2.8208489046769345
JR,q,0.5,0.039,2.841556696710787,2.8411948868361323
JR,q,0.5,0.04,2.860978759055259,2.8606197811834564
JR,q,0.5,0.041,2.8796372573230067,2.879283314409079
JR,q,0.5,0.042,2.8976816479148413,2.8973353186759505
JR,q,0.5,0.043000000000000003,2.9152516548298033,2.9149157316198004
JR,q,0.5,0.044,2.932477269665156,2.932156615477893
JR,q,0.5,0.045,2.949495050491377,2.9491903206432677
JR,q,0.5,0.046,2.966383601962658,2.9660901372066935
JR,q,0.5,0.047,2.9831733587490397,2.9828909533611245
JR,q,0.5,0.048,2.999901539832936,2.9996323304095256
JR,q,0.5,0.049,3.01661224731011,3.016360533756124
JR,q,0.5,0.05,3.0333564663896695,3.0331285329064115
JR,q,0.5,0.051000000000000004,3.0501920653940715,3.0499960014671306
JR,q,0.5,0.052000000000000005,3.067183795759119,3.067029317146295
JR,q,0.5,0.053,3.084403292033961,3.084300597858969
JR,q,0.5,0.054,3.101909333797149,3.1018555750726944
JR,q,0.5,0.055,3.1196704737891845,3.1196651918930045
JR,q,0.5,0.056,3.1376401110632104,3.137686282658214
JR,q,0.5,0.057,3.155789186260005,3.1558924200813583
JR,q,0.5,0.058,3.1741061909314414,3.1742747567835323
JR,q,0.5,0.059000000000000004,3.192597167540486,3.192842025293909
JR,q,0.5,0.06,3.2112857094612024,3.211620538049723
JR,q,0.5,0.061,3.2302129609787493,3.230654187396291
JR,q,0.5,0.062,3.249437617289379,3.2500040535289507
JR,q,0.5,0.063,3.26901760284518,3.2697124623602525
JR,q,0.5,0.064,3.2889083458247463,3.289738555873738
JR,q,0.5,0.065,3.3090597770117345,3.3100354273161336
JR,q,0.5,0.066,3.329442234328202,3.3305757671783636
JR,q,0.5,0.067,3.350043665310112,3.351350150885308
JR,q,0.5,0.068,3.3708696271073384,3.3723670387958165
JR,q,0.5,0.069,3.3919432864836643,3.393652776202698
JR,q,0.5,0.07,3.4133054198167794,3.4152515933327265
JR,q,0.5,0.07100000000000001,3.435014413098285,3.4372256053466326
JR,q,0.5,0.07200000000000001,3.457145702714429,3.459648207262912
JR,q,0.5,0.073,3.479721111677929,3.4825323103940473
JR,q,0.5,0.074,3.5027042263275625,3.5058486808368605
JR,q,0.5,0.075,3.5260832506011264,3.52958815762578
JR,q,0.5,0.076,3.549861675856617,3.553757673602991
JR,q,0.5,0.077,3.5740582808722294,3.5783800798041794
JR,q,0.5,0.078,3.598707131846359,3.6034941454585123
JR,q,0.5,0.079,3.6238575823975987,3.629154557988648
JR,q,0.5,0.08,3.649574273564741,3.655431923010747
JR,q,0.5,0.081,3.675937133806779,3.682412688821667
JR,q,0.5,0.082,3.703035676791513,3.7101840948073415
JR,q,0.5,0.083,3.730890349095046,3.738765519059434
JR,q,0.5,0.084,3.7594952810496056,3.7681577306473946
JR,q,0.5,0.085,3.7888647361352454,3.7983813953735823
JR,q,0.5,0.08600000000000001,3.8190301981093624,3.8294756958618628
JR,q,0.5,0.08700000000000001,3.8500403710066973,3.8614983315576152
JR,q,0.5,0.088,3.8819611791393323,3.894525518727721
JR,q,0.5,0.089,3.9148757670966927,3.9286519904605783
JR,q,0.5,0.09,3.9488844997455477,3.9639909966660896
JR,q,0.5,0.091,3.9841049622300098,4.000672213650249
JR,q,0.5,0.092,4.020659473123377,4.038814803696793
JR,q,0.5,0.093,4.058588442283151,4.0784646521269075
JR,q,0.5,0.094,4.097911987003822,4.119657315608034
JR,q,0.5,0.095,4.1386770997389135,4.1624569203168615
JR,q,0.5,0.096,4.180957591944576,4.206955903476331
JR,q,0.5,0.097,4.224854094079588,4.253275013355651
JR,q,0.5,0.098,4.270494055605353,4.301563309270281
JR,q,0.5,0.099,4.3180317449859,4.3519981615819185
JR,q,0.5,0.1,4.367648249687887,4.40478378988675
JR,q,0.5,0.101,4.419551471517699,4.460124601873947
JR,q,0.5,0.10200000000000001,4.47392759151913,4.518196457437868
JR,q,0.5,0.10300000000000001,4.530846535479807,4.579107952538745
JR,q,0.5,0.10400000000000001,4.59039396213643,4.642981406154443
JR,q,0.5,0.105,4.652699909705685,4.709973128273345
JR,q,0.5,0.106,4.717938795884219,4.780273490266777
JR,q,0.5,0.107,4.786329417848664,4.854106924889004
JR,q,0.5,0.108,4.858134952255613,4.931731926277248
JR,q,0.5,0.109,4.933662955241637,5.013440554024098
JR,q,0.5,0.11,5.013265362423281,5.099494297954748
JR,q,0.5,0.111,5.097302166715593,5.190126521192721
JR,q,0.5,0.112,5.185956773211043,5.285561223238021
JR,q,0.5,0.113,5.279459586982174,5.386043680983265
JR,q,0.5,0.114,5.378085017896456,5.491767462965657
JR,q,0.5,0.115,5.482139609850418,5.6028858123499905
JR,q,0.5,0.116,5.591962040769661,5.7195119783556265
JR,q,0.5,0.117,5.7079231226088485,5.841719216256507
JR,q,0.5,0.11800000000000001,5.830425801351711,5.969540827557438
JR,q,0.5,0.11900000000000001,5.959905157011039,6.1029800436615025
JR,q,0.5,0.12,6.096774303892586,6.24200925727936
JR,q,0.5,0.121,6.2408559165544855,6.386405083004336
JR,q,0.5,0.122,6.39261622801942,6.53607966636758
JR,q,0.5,0.123,6.552583838140659,6.6908892616606295
JR,q,0.5,0.124,6.721063780531519,6.850550950774053
JR,q,0.5,0.125,6.898137522565359,7.014648880918359
JR,q,0.5,0.126,7.083662965375584,7.182634471530147
JR,q,0.5,0.127,7.277274443855646,7.353826514174442
JR,q,0.5,0.128,7.478382726659038,7.527435566700469
JR,q,0.5,0.129,7.686175016199305,7.702633683138386
JR,q,0.5,0.13,7.89961800298984,7.878701143110801
JR,q,0.5,0.131,8.117687377727059,8.054925695929626
JR,q,0.5,0.132,8.33946005448653,8.230636313489043
JR,q,0.5,0.133,8.56382101250193,8.405118161519646
JR,q,0.5,0.134,8.789452985538588,8.57755760158836
JR,q,0.5,0.135,9.014836461893495,8.747036152299719
JR,q,0.5,0.136,9.23824968439531,8.912531481560514
JR,q,0.5,0.137,9.457768650404342,9.072942688595571
JR,q,0.5,0.138,9.671267111812565,9.227179050749545
JR,q,0.5,0.139,9.876416575043613,9.374378870758479
JR,q,0.5,0.14,10.071043667483881,9.513885769813683
JR,q,0.5,0.14100000000000001,10.25404757579961,9.645063548768718
JR,q,0.5,0.14200000000000002,10.42426530580958,9.767286807865018
JR,q,0.5,0.14300000000000002,10.580555046135622,9.879951889680278
JR,q,0.5,0.14400000000000002,10.721812234944302,9.982410071261956
JR,q,0.5,0.145,10.846969559946935,10.073967702957564
JR,q,0.5,0.146,10.954996958399573,10.153910374429762
JR,q,0.5,0.147,11.044901617103005,10.221606943290494
JR,q,0.5,0.148,11.115740053829738,10.276616620426346
JR,q,0.5,0.149,11.16715126239865,10.318676632863411
JR,q,0.5,0.15,11.199230470424249,10.347607890584502
JR,q,0.5,0.151,11.212055054456176,10.363265313156756
JR,q,0.5,0.152,11.205738329802621,10.36550207640787
JR,q,0.5,0.153,11.180429550530286,10.354172691275862
JR,q,0.5,0.154,11.136313909464421,10.329134970101013
JR,q,0.5,0.155,11.0736125381888,10.29029098492564
JR,q,0.5,0.156,10.992582740014521,10.23765095022752
JR,q,0.5,0.157,10.893684206609077,10.171362692699766
JR,q,0.5,0.158,10.77772107592135,10.091660371188903
JR,q,0.5,0.159,10.645513119897782,9.998910046224314
JR,q,0.5,0.16,10.49787473478582,9.893532044230618
JR,q,0.5,0.161,10.335614941133915,9.775971551351772
JR,q,0.5,0.162,10.159537383791523,9.646688998707395
JR,q,0.5,0.163,9.970440331909106,9.506166669607913
JR,q,0.5,0.164,9.769116678938136,9.354969489069129
JR,q,0.5,0.165,9.556377495837552,9.193757732255602
JR,q,0.5,0.166,9.33332402411977,9.023218537275074
JR,q,0.5,0.167,9.101013259439124,8.84414086033182
JR,q,0.5,0.168,8.860469466398605,8.657392646516998
JR,q,0.5,0.169,8.612739427392803,8.463899585181153
JR,q,0.5,0.17,8.358892442607893,8.264619607339636
JR,q,0.5,0.171,8.100020330021646,8.060535923995422
JR,q,0.5,0.17200000000000001,7.837237425403423,7.852627273987869
JR,q,0.5,0.17300000000000001,7.5716805823141655,7.641896701283011
JR,q,0.5,0.17400000000000002,7.304572249502259,7.429387356949109
JR,q,0.5,0.17500000000000002,7.0371694587426585,7.216118245939502
JR,q,0.5,0.176,6.770585994966396,7.0031135555360935
JR,q,0.5,0.177,6.505988502826906,6.791412834530266
JR,q,0.5,0.178,6.244602522793304,6.582039687473269
JR,q,0.5,0.179,5.987712491150379,6.375998687695965
JR,q,0.5,0.18,5.736661739998576,6.174274760674812
JR,q,0.5,0.181,5.492852497254017,5.977817493952298
JR,q,0.5,0.182,5.257735333705565,5.787489155820489
JR,q,0.5,0.183,5.03240768825842,5.604077910034128
JR,q,0.5,0.184,4.81799770708006,5.428283727826922
JR,q,0.5,0.185,4.615678706048172,5.260704308659407
JR,q,0.5,0.186,4.426498166009161,5.101859964243919
JR,q,0.5,0.187,4.251377732778156,4.952161065906755
JR,q,0.5,0.188,4.091113217139011,4.811909943502337
JR,q,0.5,0.189,3.9463745948442934,4.681295754725597
JR,q,0.5,0.19,3.8177060066152997,4.560397467105439
JR,q,0.5,0.191,3.705514196171684,4.449149549193183
JR,q,0.5,0.192,3.6099458324098777,4.3473607295106
JR,q,0.5,0.193,3.53095575982087,4.254733561479007
JR,q,0.5,0.194,3.468297828073819,4.170851781561559
JR,q,0.5,0.195,3.421510889815927,4.095234008047074
JR,q,0.5,0.196,3.38991878880411,4.027340762490194
JR,q,0.5,0.197,3.3726040697801345,3.9665499138804643
JR,q,0.5,0.198,3.3683759465228675,3.912164631373056
JR,q,0.5,0.199,3.3758463018238025,3.8634279624419143
JR,q,0.5,0.2,3.3934417166201776,3.81958060316983
JR,q,0.5,0.201,3.4194034699949682,3.7799455626510685
JR,q,0.5,0.202,3.451747027728633,3.743960484861244
JR,q,0.5,0.203,3.4883723512210487,3.711062655627046
JR,q,0.5,0.20400000000000001,3.5273594808408113,3.6806300343075664
JR,q,0.5,0.20500000000000002,3.566831471781267,3.652018516976263
JR,q,0.5,0.20600000000000002,3.604947404413913,3.6245899644713524
JR,q,0.5,0.20700000000000002,3.639902384288387,3.597806385922368
JR,q,0.5,0.20800000000000002,3.6699272922958492,3.5712580811065284
JR,q,0.5,0.209,3.693213428837442,3.5446392046843367
JR,q,0.5,0.21,3.709172417038868,3.5176806358888006
JR,q,0.5,0.211,3.717795796874949,3.4901582939298934
JR,q,0.5,0.212,3.7190199784832707,3.4618550565630533
JR,q,0.5,0.213,3.7127262421641767,3.4325891917239995
JR,q,0.5,0.214,3.6987407383807636,3.4022194635800442
JR,q,0.5,0.215,3.676834487758885,3.3705989913879524
JR,q,0.5,0.216,3.6469748097424652,3.3376442033335976
JR,q,0.5,0.217,3.6103722010264594,3.3033362102090873
JR,q,0.5,0.218,3.5681643358559203,3.2676762037752627
JR,q,0.5,0.219,3.521272721210744,3.2306936117329883
JR,q,0.5,0.22,3.4704361073931036,3.1924211658052024
JR,q,0.5,0.221,3.4162104880274846,3.1528916420014985
JR,q,0.5,0.222,3.3589691000606514,3.112108965399349
JR,q,0.5,0.223,3.299202333769026,3.0701147276433334
JR,q,0.5,0.224,3.2377816571957307,3.026982848680342
JR,q,0.5,0.225,3.1753869225064495,2.982772823269402
JR,q,0.5,0.226,3.112554376440647,2.937575746591075
JR,q,0.5,0.227,3.049676728006272,2.8915019046814097
JR,q,0.5,0.228,2.9870031484797455,2.84468327390234
JR,q,0.5,0.229,2.9246392714059777,2.7972825618319557
JR,q,0.5,0.23,2.862547533957743,2.749465890482881
JR,q,0.5,0.231,2.800977748246492,2.701419910529873
JR,q,0.5,0.232,2.7401985347941107,2.653314646650349
JR,q,0.5,0.233,2.6801731887977702,2.6052926612761356
JR,q,0.5,0.234,2.620884602764743,2.5574858114527412
JR,q,0.5,0.23500000000000001,2.5623352665124024,2.5100315205282033
JR,q,0.5,0.23600000000000002,2.5045472671682276,2.4630806635811195
JR,q,0.5,0.23700000000000002,2.4475622891697935,2.4168042273538997
JR,q,0.5,0.23800000000000002,2.3914416142647834,2.371385355522837
JR,q,0.5,0.23900000000000002,2.336278710983539,2.3269603765622167
JR,q,0.5,0.24,2.2821925892016903,2.283647283085893
JR,q,0.5,0.241,2.2290152154050737,2.2415506855268803
JR,q,0.5,0.242,2.176584071203285,2.200746541822851
JR,q,0.5,0.243,2.1248049092125605,2.1612694623308015
JR,q,0.5,0.244,2.073651753055799,2.1231516245974102
JR,q,0.5,0.245,2.0231668973625503,2.0864373297412793
JR,q,0.5,0.246,1.9734609077690077,2.0511776465743945
JR,q,0.5,0.247,1.9247126209180276,2.017432803383975
JR,q,0.5,0.248,1.8771691444591116,1.985242351596775
JR,q,0.5,0.249,1.8311082845551674,1.9546224817884335
JR,q,0.5,0.25,1.7864140861478823,1.925570573839102
JR,q,0.5,0.251,1.7429500954155799,1.8980638860921257
JR,q,0.5,0.252,1.7006653677810348,1.8720783210034464
JR,q,0.5,0.253,1.6595501438323677,1.8475511796070143
JR,q,0.5,0.254,1.6196358493230356,1.8244390423374828
JR,q,0.5,0.255,1.5809950951718363,1.802730888732091
JR,q,0.5,0.256,1.5437416774629096,1.7824458925473832
JR,q,0.5,0.257,1.5080305774457345,1.7636117983753656
JR,q,0.5,0.258,1.4740579615351272,1.7462172698858494
JR,q,0.5,0.259,1.441966710878277,1.730231986569855
JR,q,0.5,0.26,1.4116124364071032,1.715595769108482
JR,q,0.5,0.261,1.3829194717163302,1.7022524076593313
JR,q,0.5,0.262,1.3558431478778719,1.6901466572757835
JR,q,0.5,0.263,1.3303633230584326,1.6792169847924145
JR,q,0.5,0.264,1.3064843825195123,1.6694264315271763
JR,q,0.5,0.265,1.2842352386174003,1.660766395176286
JR,q,0.5,0.266,1.2636693308031806,1.6532510071628608
JR,q,0.5,0.267,1.2448646256227276,1.6468869542279063
JR,q,0.5,0.268,1.2279200129071821,1.6416644958957078
JR,q,0.5,0.269,1.2127938573564112,1.6375586617736257
JR,q,0.5,0.27,1.1993582537578158,1.6345061318093748
JR,q,0.5,0.271,1.1875263011829693,1.6324573760617112
JR,q,0.5,0.272,1.1772282944032657,1.6313664543238702
JR,q,0.5,0.273,1.1684117238899177,1.6311928534440754
JR,q,0.5,0.274,1.1610412758139583,1.6319022843888447
JR,q,0.5,0.275,1.1550988320462476,1.633475419039192
JR,q,0.5,0.276,1.1505834701574598,1.6359040811318888
JR,q,0.5,0.277,1.147511463418092,1.639171342006171
JR,q,0.5,0.278,1.145909858879893,1.6432541628163853
JR,q,0.5,0.279,1.1456906715688815,1.6481164749827528
JR,q,0.5,0.28,1.146737058683323,1.6537164523513814
JR,q,0.5,0.281,1.1489606179439784,1.6600155793273685
JR,q,0.5,0.28200000000000003,1.1522846969732576,1.6669763527241173
JR,q,0.5,0.28300000000000003,1.1566443932952177,1.6745675784362484
JR,q,0.5,0.28400000000000003,1.1619865543355647,1.6827680225257342
JR,q,0.5,0.28500000000000003,1.168269777421651,1.6915621954902824
JR,q,0.5,0.28600000000000003,1.1754644097824771,1.7009344949708765
JR,q,0.5,0.28700000000000003,1.1835525485486897,1.7108618163132965
JR,q,0.5,0.28800000000000003,1.1925280407525856,1.7213253608802959
JR,q,0.5,0.289,1.2023627881739243,1.732299974302312
JR,q,0.5,0.29,1.2129513557008682,1.7437574485293497
JR,q,0.5,0.291,1.2242211249013666,1.7556677463928272
JR,q,0.5,0.292,1.2361081165594907,1.768007008690221
JR,q,0.5,0.293,1.2485554207877758,1.7807535242909083
JR,q,0.5,0.294,1.2615131970272282,1.7938915798052508
JR,q,0.5,0.295,1.2749386740473163,1.807413088105259
JR,q,0.5,0.296,1.2887961499459788,1.8213142377439824
JR,q,0.5,0.297,1.30305699214962,1.8355841782268518
JR,q,0.5,0.298,1.3176996374131145,1.8502093532072876
JR,q,0.5,0.299,1.3327095918197989,1.8651750385983
JR,q,0.5,0.3,1.3480765684072802,1.880467543198144
JR,q,0.5,0.301,1.363743325040173,1.8960775247868609
JR,q,0.5,0.302,1.37965676074751,1.9119975367539679
JR,q,0.5,0.303,1.3957783192955118,1.9282206126095935
JR,q,0.5,0.304,1.4120730105295332,1.9447426023596086
JR,q,0.5,0.305,1.428509410374069,1.9615638860463007
JR,q,0.5,0.306,1.4450596608327495,1.9786884974868257
JR,q,0.5,0.307,1.4616994699883432,1.9961195533535707
JR,q,0.5,0.308,1.4784081120027555,2.013852175769727
JR,q,0.5,0.309,1.4951684271170285,2.0318887187322865
JR,q,0.5,0.31,1.511966821651344,2.0502314550036917
JR,q,0.5,0.311,1.5287932680050167,2.0688799406397806
JR,q,0.5,0.312,1.5456413046565016,2.0878303610355475
JR,q,0.5,0.313,1.5625048941440105,2.1070779702612126
JR,q,0.5,0.314,1.5793506835058153,2.126616640641701
JR,q,0.5,0.315,1.5961557664782693,2.1464395358159014
JR,q,0.5,0.316,1.6129040136578983,2.1665381124260437
JR,q,0.5,0.317,1.6295810754176157,2.1869017540742397
JR,q,0.5,0.318,1.646174381906718,2.2075218333652087
JR,q,0.5,0.319,1.6626731430508892,2.2283878410628564
JR,q,0.5,0.32,1.6790683485522,2.2494836754648335
JR,q,0.5,0.321,1.6953527678891063,2.270785017630254
JR,q,0.5,0.322,1.7115209503164492,2.292259600674853
JR,q,0.5,0.323,1.7275692248654564,2.313869250620864
JR,q,0.5,0.324,1.7434957003437428,2.3355721815295065
JR,q,0.5,0.325,1.7593002653353085,2.3573272345144742
JR,q,0.5,0.326,1.774984588200537,2.3791009628649427
JR,q,0.5,0.327,1.7905451080835384,2.40086614636438
JR,q,0.5,0.328,1.8059642740273434,2.4225968846579726
JR,q,0.5,0.329,1.8212362920269483,2.444266305524192
JR,q,0.5,0.33,1.8363570936307854,2.465846188869818
JR,q,0.5,0.331,1.8513237279696724,2.487297574981727
JR,q,0.5,0.332,1.8661343617568056,2.5085876119291535
JR,q,0.5,0.333,1.880788279287768,2.529693501433846
JR,q,0.5,0.334,1.89528588244052,2.5506020685605115
JR,q,0.5,0.335,1.9096286906754094,2.5713040232854927
JR,q,0.5,0.336,1.9238193410351645,2.5917917033253257
JR,q,0.5,0.337,1.9378615881448944,2.612054801782575
JR,q,0.5,0.338,1.951757009502432,2.632079041820187
JR,q,0.5,0.339,1.9655016606841347,2.6518484706850938
JR,q,0.5,0.34,1.9790928081410777,2.6713448757647056
JR,q,0.5,0.341,1.992528904979861,2.6905507818496517
JR,q,0.5,0.342,2.0058095908881173,2.709459137168798
JR,q,0.5,0.343,2.0189356921345056,2.7280649612805647
JR,q,0.5,0.34400000000000003,2.031909221568716,2.7463603550280333
JR,q,0.5,0.34500000000000003,2.0447333786214656,2.7643319194448104
JR,q,0.5,0.34600000000000003,2.0574125493045026,2.7819611365243713
JR,q,0.5,0.34700000000000003,2.069952306210602,2.799220838537419
JR,q,0.5,0.34800000000000003,2.0823593617227645,2.8160798655786543
JR,q,0.5,0.34900000000000003,2.094636888437797,2.832513206705701
JR,q,0.5,0.35000000000000003,2.1067808781448325,2.848506270822459
JR,q,0.5,0.35100000000000003,2.1187879933255407,2.864056413028607
JR,q,0.5,0.352,2.1306564605697726,2.879160035437851
JR,q,0.5,0.353,2.142386070575558,2.893805551985009
JR,q,0.5,0.354,2.1539781781491025,2.907984118312362
JR,q,0.5,0.355,2.165435702204791,2.9216871399682605
JR,q,0.5,0.356,2.1767631257651865,2.934902866064095
JR,q,0.5,0.357,2.187966495961031,2.9476249975672233
JR,q,0.5,0.358,2.199053424031245,2.9598548266788094
JR,q,0.5,0.359,2.2100330853229253,2.9716068439541203
JR,q,0.5,0.36,2.220912843300185,2.9828942789443915
JR,q,0.5,0.361,2.2316871624846533,2.9937269039408205
JR,q,0.5,0.362,2.242351225474621,3.004110478378517
JR,q,0.5,0.363,2.2529021364916972,3.0140508935622465
JR,q,0.5,0.364,2.2633387267834046,3.0235532193955805
JR,q,0.5,0.365,2.2736615546231773,3.0326256224207424
JR,q,0.5,0.366,2.2838729053103606,3.0412903081629956
JR,q,0.5,0.367,2.293976791170213,3.0495736509309044
JR,q,0.5,0.368,2.3039789515539035,3.057501971826988
JR,q,0.5,0.369,2.3138868528385137,3.065096291968564
JR,q,0.5,0.37,2.323709688427037,3.0723692088421943
JR,q,0.5,0.371,2.3334580673327094,3.0793313705506655
JR,q,0.5,0.372,2.343131637480138,3.0860052656165124
JR,q,0.5,0.373,2.3527232233888253,3.0924141263111933
JR,q,0.5,0.374,2.362228877402861,3.0985824215795
JR,q,0.5,0.375,2.371646394047883,3.104544277027813
JR,q,0.5,0.376,2.380975310031072,3.1103313502727503
JR,q,0.5,0.377,2.3902169042411567,3.1159670986775168
JR,q,0.5,0.378,2.3993741977484113,3.1214676665947394
JR,q,0.5,0.379,2.408451953804654,3.126844271818008
JR,q,0.5,0.38,2.4174566778432514,3.1321121707148207
JR,q,0.5,0.381,2.4263966174791127,3.1372850942443584
JR,q,0.5,0.382,2.435281762508696,3.14237215643904
JR,q,0.5,0.383,2.4441199783965333,3.1473816490804905
JR,q,0.5,0.384,2.4529042541230637,3.152318919000231
JR,q,0.5,0.385,2.4616292062340186,3.1571770661472733
JR,q,0.5,0.386,2.4702915112963724,3.161935553175313
JR,q,0.5,0.387,2.4788895821391996,3.1665700651597546
JR,q,0.5,0.388,2.4874235678536727,3.171055828991987
JR,q,0.5,0.389,2.49589535379306,3.1753669613802176
JR,q,0.5,0.39,2.504308561572732,3.1794736334320843
JR,q,0.5,0.391,2.512668549070155,3.1833463363863443
JR,q,0.5,0.392,2.520982410424896,3.1869668361439745
JR,q,0.5,0.393,2.5292589760386193,3.1903136063363315
JR,q,0.5,0.394,2.5375087864176242,3.193358698234241
JR,q,0.5,0.395,2.5457339575166555,3.1960770507527783
JR,q,0.5,0.396,2.5539263518403765,3.1984532258840765
JR,q,0.5,0.397,2.562081505991844,3.200480241850359
JR,q,0.5,0.398,2.570196662870108,3.2021556215541183
JR,q,0.5,0.399,2.5782707716702085,3.203479445148282
JR,q,0.5,0.4,2.586304487883179,3.2044619977466486
JR,q,0.5,0.401,2.594300173296044,3.2051191646891626
JR,q,0.5,0.402,2.6022618959918202,3.205472435529481
JR,q,0.5,0.403,2.610195430349518,3.2055546934154466
JR,q,0.5,0.404,2.6181082570441356,3.2054103950684443
JR,q,0.5,0.405,2.6260095630466678,3.2050858098942534
JR,q,0.5,0.406,2.6339095172615496,3.204620769579914
JR,q,0.5,0.40700000000000003,2.641805370192213,3.2040437856092114
JR,q,0.5,0.40800000000000003,2.6496900687316853,3.2033838075341565
JR,q,0.5,0.40900000000000003,2.657559687211334,3.202669807074465
JR,q,0.5,0.41000000000000003,2.665411987948958,3.20193277759941
JR,q,0.5,0.41100000000000003,2.6732464212487907,3.2012039348230363
JR,q,0.5,0.41200000000000003,2.6810641254015013,3.2005116971996377
JR,q,0.5,0.41300000000000003,2.6888679266841913,3.1998774612765546
JR,q,0.5,0.41400000000000003,2.6966623393603966,3.199319352897573
JR,q,0.5,0.41500000000000004,2.7044535656800868,3.1988514292966794
JR,q,0.5,0.41600000000000004,2.712249495879665,3.1984867549117717
JR,q,0.5,0.417,2.7200597081819704,3.1982426709008602
JR,q,0.5,0.418,2.7278933342599396,3.1981326844624243
JR,q,0.5,0.419,2.7357447683564637,3.1981702711162807
JR,q,0.5,0.42,2.7436080732321866,3.198375385890614
JR,q,0.5,0.421,2.7514798102291134,3.1987747732971816
JR,q,0.5,0.422,2.759358256812804,3.199392623691099
JR,q,0.5,0.423,2.7672434065723626,3.200251416798294
JR,q,0.5,0.424,2.775136969220448,3.2013699116876406
JR,q,0.5,0.425,2.783042370593265,3.2027765159986434
JR,q,0.5,0.426,2.7909647526505696,3.204508824310606
JR,q,0.5,0.427,2.798910973475667,3.206612006950557
JR,q,0.5,0.428,2.806889607275413,3.209125924533108
JR,q,0.5,0.429,2.814910944380212,3.2120826620434597
JR,q,0.5,0.43,2.8229827842083584,3.2155050074379625
JR,q,0.5,0.431,2.831098017886733,3.2194167999593373
JR,q,0.5,0.432,2.8392515895687715,3.223842627461133
JR,q,0.5,0.433,2.8474405539819703,3.2288123595264686
JR,q,0.5,0.434,2.8556637921390093,3.234352122008496
JR,q,0.5,0.435,2.8639220113377526,3.2404800540219765
JR,q,0.5,0.436,2.872217745161249,3.2472128653260186
JR,q,0.5,0.437,2.8805553534777344,3.2545722703179996
JR,q,0.5,0.438,2.888941022440625,3.2625847731135447
JR,q,0.5,0.439,2.8973827644885257,3.271271780608585
JR,q,0.5,0.44,2.9058904183452237,3.2806548324003013
JR,q,0.5,0.441,2.914475649019694,3.2907492842372563
JR,q,0.5,0.442,2.923144494545016,3.3015718235468587
JR,q,0.5,0.443,2.9318893089882274,3.3131367169895585
JR,q,0.5,0.444,2.9407056698735268,3.3254653100696796
JR,q,0.5,0.445,2.949591240995158,3.338571121868219
JR,q,0.5,0.446,2.95854575671585,3.3524640535520587
JR,q,0.5,0.447,2.9675710219668123,3.3671482098679655
JR,q,0.5,0.448,2.9766709122477417,3.382635842247458
JR,q,0.5,0.449,2.9858513736268155,3.398932004929586
JR,q,0.5,0.45,2.995120422740696,3.4160461458489255
JR,q,0.5,0.451,3.0044881467945266,3.433981092603075
JR,q,0.5,0.452,3.013966703561937,3.4527286348041115
JR,q,0.5,0.453,3.0235701555240544,3.4722696114281955
JR,q,0.5,0.454,3.0333018085174466,3.4925784958203376
JR,q,0.5,0.455,3.043154294801366,3.5136213134149084
JR,q,0.5,0.456,3.0531238189102394,3.5353629889167473
JR,q,0.5,0.457,3.0632091027807316,3.5577712808535886
JR,q,0.5,0.458,3.073411385751745,3.580821461637386
JR,q,0.5,0.459,3.0837344245644163,3.6044838922928166
JR,q,0.5,0.46,3.0941844933621216,3.6287253977446845
JR,q,0.5,0.461,3.1047703836904708,3.6535169060912005
JR,q,0.5,0.462,3.115503404497314,3.6788342418912987
JR,q,0.5,0.463,3.126397382132735,3.704667330823759
JR,q,0.5,0.464,3.1374686603490543,3.731011808650998
JR,q,0.5,0.465,3.1487342902874675,3.757859057005005
JR,q,0.5,0.466,3.16019322539668,3.785204755796028
JR,q,0.5,0.467,3.1718391810281337,3.8130581414622178
JR,q,0.5,0.468,3.1836698445970186,3.84143328945884
JR,q,0.5,0.46900000000000003,3.195686210097102,3.8703639949286255
JR,q,0.5,0.47000000000000003,3.2078925781007315,3.899906904089845
JR,q,0.5,0.47100000000000003,3.220296555758825,3.930131669412061
JR,q,0.5,0.47200000000000003,3.232909056800884,3.9611103229265376
JR,q,0.5,0.47300000000000003,3.2457443015349825,3.992917893192789
JR,q,0.5,0.47400000000000003,3.2588198168477747,4.025628142188459
JR,q,0.5,0.47500000000000003,3.272156436204491,4.059313807471932
JR,q,0.5,0.47600000000000003,3.2857782996489364,4.094053574489857
JR,q,0.5,0.47700000000000004,3.2997020747824006,4.1299367010484875
JR,q,0.5,0.47800000000000004,3.3139215992301194,4.167060491130299
JR,q,0.5,0.47900000000000004,3.3284337201679994,4.205544439003342
JR,q,0.5,0.48,3.343240023716273,4.245503692662438
JR,q,0.5,0.481,3.358346829716565,4.287051473243431
JR,q,0.5,0.482,3.3737651917318883,4.330294711903191
JR,q,0.5,0.483,3.389510897046648,4.375334255561402
JR,q,0.5,0.484,3.405604466666639,4.4222570268268955
JR,q,0.5,0.485,3.422071155319046,4.471134159895427
JR,q,0.5,0.486,3.438940951452445,4.522021221607688
JR,q,0.5,0.487,3.456248577236804,4.5749613971442935
JR,q,0.5,0.488,3.4740282643948244,4.629983458564615
JR,q,0.5,0.489,3.4922829525541816,4.687094839696939
JR,q,0.5,0.49,3.5110096529881916,4.746289492645478
JR,q,0.5,0.491,3.530213030839655,4.807550353276441
JR,q,0.5,0.492,3.5499051866564213,4.870831209778094
JR,q,0.5,0.493,3.570105656391397,4.936057365578163
JR,q,0.5,0.494,3.590841411402538,5.003111749857702
JR,q,0.5,0.495,3.6121468584528564,5.071857962123625
JR,q,0.5,0.496,3.634063839710414,5.142148873852473
JR,q,0.5,0.497,3.656641632748327,5.213802278654302
JR,q,0.5,0.498,3.6799369505447643,5.286593647676049
JR,q,0.5,0.499,3.7040070685657898,5.360273476222486
JR,q,0.5,0.5,3.728865489150985,5.434573638143794
JR,q,0.5,0.501,3.7545150178296436,5.5092327785019926
JR,q,0.5,0.502,3.780971285173244,5.58397582766688
JR,q,0.5,0.503,3.808262732179172,5.65853634738707
JR,q,0.5,0.504,3.8364306102707157,5.7326546507455864
JR,q,0.5,0.505,3.86552898129707,5.806078272917174
JR,q,0.5,0.506,3.8956247175333343,5.878550559740427
JR,q,0.5,0.507,3.9267975016805137,5.949802180333876
JR,q,0.5,0.508,3.959139826865517,6.019577322444766
JR,q,0.5,0.509,3.9927569328948227,6.0876307366355285
JR,q,0.5,0.51,4.027734189979882,6.153754340840732
JR,q,0.5,0.511,4.064090226260228,6.217744937806773
JR,q,0.5,0.512,4.101853618897355,6.279444522112857
JR,q,0.5,0.513,4.141076592349665,6.338743557765102
JR,q,0.5,0.514,4.181835018372462,6.395550910097423
JR,q,0.5,0.515,4.224228416017951,6.449772139674653
JR,q,0.5,0.516,4.268379951635244,6.501303631704185
JR,q,0.5,0.517,4.314436438870357,6.550044052932115
JR,q,0.5,0.518,4.362568338666207,6.595899400813403
JR,q,0.5,0.519,4.412969759262617,6.638773285180708
JR,q,0.5,0.52,4.46582068765727,6.678590781531916
JR,q,0.5,0.521,4.521192491709049,6.715312061440578
JR,q,0.5,0.522,4.5791663402449245,6.748927086206806
JR,q,0.5,0.523,4.6398649425700995,6.7794137807600565
JR,q,0.5,0.524,4.703452541244838,6.806746638624109
JR,q,0.5,0.525,4.770134912084456,6.83089665348847
JR,q,0.5,0.526,4.8401593641593355,6.851838471496499
JR,q,0.5,0.527,4.913814739794913,6.869556139508324
JR,q,0.5,0.528,4.991431414571682,6.884012327470953
JR,q,0.5,0.529,5.0733737031158705,6.895207568911312
JR,q,0.5,0.53,5.159859444713723,6.903203229694713
JR,q,0.5,0.531,5.2510913685855485,6.908080977903691
JR,q,0.5,0.532,5.3473337905217235,6.909932131303489
JR,q,0.5,0.533,5.448879710882992,6.908863528970569
JR,q,0.5,0.534,5.556050814600471,6.904988410679251
JR,q,0.5,0.535,5.669197471175635,6.898429713197391
JR,q,0.5,0.536,5.788698734680342,6.889329145571858
JR,q,0.5,0.537,5.914962343756806,6.87782763894089
JR,q,0.5,0.538,6.048424721617616,6.864105762674162
JR,q,0.5,0.539,6.189144360176363,6.848391425836605
JR,q,0.5,0.54,6.337161799621389,6.830921854037374
JR,q,0.5,0.541,6.493102776083919,6.811954247202102
JR,q,0.5,0.542,6.657371879031193,6.791764433455056
JR,q,0.5,0.543,6.830144774328866,6.770643950484322
JR,q,0.5,0.544,7.011368204241022,6.748852324829474
JR,q,0.5,0.545,7.20075998743016,6.726638306314477
JR,q,0.5,0.546,7.397809018957205,6.704210329083991
JR,q,0.5,0.547,7.601775270281503,6.6817650749591655
JR,q,0.5,0.548,7.811689789260821,6.6595211984354945
JR,q,0.5,0.549,8.026420396573428,6.637664126082895
JR,q,0.5,0.55,8.24505551015708,6.616375092993543
JR,q,0.5,0.551,8.466573744601504,6.595832283448004
JR,q,0.5,0.552,8.68975183177621,6.5761883304371205
JR,q,0.5,0.553,8.91317530860638,6.557554581123679
JR,q,0.5,0.554,9.135238517072882,6.539992538453086
JR,q,0.5,0.555,9.354144604212266,6.5235229525040985
JR,q,0.5,0.556,9.56790552211676,6.508120404367694
JR,q,0.5,0.557,9.774342027934274,6.493717801979532
JR,q,0.5,0.558,9.971116747078334,6.480236747069918
JR,q,0.5,0.559,10.15668104284357,6.467596416189073
JR,q,0.5,0.56,10.329971474046417,6.455705336462679
JR,q,0.5,0.561,10.489855687575645,6.444437850552165
JR,q,0.5,0.562,10.635239727797423,6.433651422755536
JR,q,0.5,0.5630000000000001,10.765068036555338,6.423159669957943
JR,q,0.5,0.5640000000000001,10.878323453170403,6.412750193530752
JR,q,0.5,0.5650000000000001,10.974027214441023,6.402170934241367
JR,q,0.5,0.5660000000000001,11.051238954643035,6.391175241705374
JR,q,0.5,0.5670000000000001,11.10922506696157,6.379554239123388
JR,q,0.5,0.5680000000000001,11.148001080301368,6.3670975890025145
JR,q,0.5,0.5690000000000001,11.167646195251681,6.353598266709765
JR,q,0.5,0.5700000000000001,11.16826430898719,6.338855998608266
JR,q,0.5,0.5710000000000001,11.1499949437545,6.322647473760864
JR,q,0.5,0.5720000000000001,11.113013246872145,6.30478500703033
JR,q,0.5,0.5730000000000001,11.057529990730576,6.285161993202895
JR,q,0.5,0.5740000000000001,10.983791572792173,6.263721920328026
JR,q,0.5,0.5750000000000001,10.892114551546227,6.240431041229909
JR,q,0.5,0.5760000000000001,10.783174059863182,6.215282624602063
JR,q,0.5,0.577,10.657791990502474,6.188257230001263
JR,q,0.5,0.578,10.516781665277591,6.159338383929043
JR,q,0.5,0.579,10.360951682255076,6.128575464795212
JR,q,0.5,0.58,10.191105915754465,6.0960530833634765
JR,q,0.5,0.581,10.0080435163483,6.061909868934182
JR,q,0.5,0.582,9.81255891086213,6.0262907261256125
JR,q,0.5,0.583,9.605441802374513,5.98932223077898
JR,q,0.5,0.584,9.387621238992674,5.95112554704517
JR,q,0.5,0.585,9.160231749606686,5.9118191551030925
JR,q,0.5,0.586,8.924283707802802,5.871483742511637
JR,q,0.5,0.587,8.680808889670397,5.830212826903326
JR,q,0.5,0.588,8.43086291551819,5.7881123748362135
JR,q,0.5,0.589,8.175525249874246,5.745265795095182
JR,q,0.5,0.59,7.915899201485958,5.70174113545985
JR,q,0.5,0.591,7.65311192332007,5.65759130717621
JR,q,0.5,0.592,7.38832377797258,5.612873010993205
JR,q,0.5,0.593,7.122824717442736,5.567614823746426
JR,q,0.5,0.594,6.857762304354367,5.521786575430997
JR,q,0.5,0.595,6.594275632430955,5.475347382960074
JR,q,0.5,0.596,6.3335601607847725,5.4282891410531775
JR,q,0.5,0.597,6.076867713916904,5.380611999224321
JR,q,0.5,0.598,5.82550648171722,5.332349482802577
JR,q,0.5,0.599,5.580841019464401,5.283551691957725
JR,q,0.5,0.6,5.34429224782593,5.234267484021611
JR,q,0.5,0.601,5.1171748298162605,5.184542480459302
JR,q,0.5,0.602,4.900464633214089,5.134395522912621
JR,q,0.5,0.603,4.695378375947996,5.0838887305836575
JR,q,0.5,0.604,4.503019753735003,5.033109794903812
JR,q,0.5,0.605,4.324356136810138,4.9821586192975245
JR,q,0.5,0.606,4.160218569926393,4.931126319395664
JR,q,0.5,0.607,4.011301772354766,4.880113094284083
JR,q,0.5,0.608,3.878164137884248,4.829213726898952
JR,q,0.5,0.609,3.7612277348218157,4.778531279690079
JR,q,0.5,0.61,3.6607782893936864,4.728175325870439
JR,q,0.5,0.611,3.576877037163932,4.678239785215211
JR,q,0.5,0.612,3.509311530759746,4.628822041402722
JR,q,0.5,0.613,3.457688510858027,4.579961296885168
JR,q,0.5,0.614,3.421400755439425,4.531676071899106
JR,q,0.5,0.615,3.3996270797883454,4.483965438732229
JR,q,0.5,0.616,3.3913275175361406,4.436824068990006
JR,q,0.5,0.617,3.3951802894124867,4.390240400774495
JR,q,0.5,0.618,3.409653341440883,4.344200882326334
JR,q,0.5,0.619,3.4330689363202147,4.298667114725785
JR,q,0.5,0.62,3.4636022636402792,4.253588843567194
JR,q,0.5,0.621,3.4992808836041256,4.208902816633171
JR,q,0.5,0.622,3.5378295167247202,4.164532454624814
JR,q,0.5,0.623,3.577291839383154,4.120383696170143
JR,q,0.5,0.624,3.616037633598804,4.076398699661478
JR,q,0.5,0.625,3.6524881519364314,4.032528390823814
JR,q,0.5,0.626,3.6851161175061335,3.988746775494465
JR,q,0.5,0.627,3.7124457239633877,3.9450235183529316
JR,q,0.5,0.628,3.7330526355090186,3.9013407419761177
JR,q,0.5,0.629,3.7456564868963724,3.857681060118363
JR,q,0.5,0.63,3.7500765599237447,3.8140442868612716
JR,q,0.5,0.631,3.7467489502748563,3.770473702791431
JR,q,0.5,0.632,3.7360335616721265,3.7270302052835
JR,q,0.5,0.633,3.7182041191266606,3.6837857778833554
JR,q,0.5,0.634,3.693448168938234,3.640794982410496
JR,q,0.5,0.635,3.6618670786952805,3.598102173104974
JR,q,0.5,0.636,3.623726992595497,3.555747253450635
JR,q,0.5,0.637,3.5802259127899383,3.5137963572490163
JR,q,0.5,0.638,3.5324595547113997,3.472345925069165
JR,q,0.5,0.639,3.481316941063417,3.4315114295462585
JR,q,0.5,0.64,3.427492342977903,3.391403313782492
JR,q,0.5,0.641,3.371485280015131,3.352091194348012
JR,q,0.5,0.642,3.313600520163746,3.3136159184454446
JR,q,0.5,0.643,3.254216847075927,3.27600503431957
JR,q,0.5,0.644,3.194063827236061,3.2393011345016522
JR,q,0.5,0.645,3.1336355059536665,3.203537719117534
JR,q,0.5,0.646,3.0733175396888157,3.168756347038741
JR,q,0.5,0.647,3.013389187203602,3.134991895040992
JR,q,0.5,0.648,2.9540233095621247,3.102260838423316
JR,q,0.5,0.649,2.895286370130494,3.0705698387421396
JR,q,0.5,0.65,2.8371384345768274,3.039929379919781
JR,q,0.5,0.651,2.7795949381014076,3.010344827066768
JR,q,0.5,0.652,2.7229508500404815,2.9818168271931875
JR,q,0.5,0.653,2.6671100319761045,2.954332662970416
JR,q,0.5,0.654,2.6119835997184584,2.9278733984857683
JR,q,0.5,0.655,2.557519982496858,2.9024033644603895
JR,q,0.5,0.656,2.5037049229597574,2.8779064609432434
JR,q,0.5,0.657,2.45056147717475,2.8543621616424444
JR,q,0.5,0.658,2.3981500146285644,2.8317576781444584
JR,q,0.5,0.659,2.3465682182270697,2.8100788043451876
JR,q,0.5,0.66,2.2959514370083767,2.789286884908098
JR,q,0.5,0.661,2.246239669014054,2.7693502263972802
JR,q,0.5,0.662,2.197254888658591,2.7502475042599785
JR,q,0.5,0.663,2.1488812481716675,2.731966086162355
JR,q,0.5,0.664,2.1010666022723807,2.7144881019590286
JR,q,0.5,0.665,2.053822508169267,2.6978011512660784
JR,q,0.5,0.666,2.007224225560286,2.681911516860286
JR,q,0.5,0.667,1.9614107166328267,2.666846534313942
JR,q,0.5,0.668,1.9165846460637095,2.6526361589432814
JR,q,0.5,0.669,1.8730123810191817,2.639283276511949
JR,q,0.5,0.67,1.8308800161096777,2.6267875165279757
JR,q,0.5,0.671,1.78997942768164,2.6151445606216273
JR,q,0.5,0.672,1.7502358566277696,2.6043602650970676
JR,q,0.5,0.673,1.7116203278185687,2.5944588347983277
JR,q,0.5,0.674,1.6741398735816828,2.5854859421271175
JR,q,0.5,0.675,1.6378375337019184,2.5774839122511075
JR,q,0.5,0.676,1.6027923554212276,2.5704818665000637
JR,q,0.5,0.677,1.5691193934387169,2.56449731382038
JR,q,0.5,0.678,1.5369697099106432,2.559534312947927
JR,q,0.5,0.679,1.5065287947060728,2.5556027598532336
JR,q,0.5,0.68,1.4778145097285078,2.5527144193276343
JR,q,0.5,0.681,1.45070160414084,2.5508596380291975
JR,q,0.5,0.682,1.4251312527302247,2.550005431674166
JR,q,0.5,0.683,1.4010669176173867,2.5501045993069895
JR,q,0.5,0.684,1.3784943482566403,2.551120509740836
JR,q,0.5,0.685,1.357421581435874,2.5530050623538414
JR,q,0.5,0.686,1.3378789412765526,2.5556905067914943
JR,q,0.5,0.687,1.319919039233726,2.5591132651215123
JR,q,0.5,0.6880000000000001,1.3036167740960192,2.5631898999544767
JR,q,0.5,0.6890000000000001,1.2890439238215388,2.5678282112765856
JR,q,0.5,0.6900000000000001,1.2761005421461764,2.5729210706822307
JR,q,0.5,0.6910000000000001,1.2646840582244367,2.578360326034256
JR,q,0.5,0.6920000000000001,1.2547174228459301,2.5840301686406906
JR,q,0.5,0.6930000000000001,1.2461394342475192,2.5898381729357656
JR,q,0.5,0.6940000000000001,1.2389047381133187,2.595714703450717
JR,q,0.5,0.6950000000000001,1.2329838275746994,2.6016032837676852
JR,q,0.5,0.6960000000000001,1.2283630432102877,2.607436880376016
JR,q,0.5,0.6970000000000001,1.2250445730459605,2.6131463298942372
JR,q,0.5,0.6980000000000001,1.2230464525548497,2.618652604778859
JR,q,0.5,0.6990000000000001,1.2223813159694865,2.623905897566946
JR,q,0.5,0.7000000000000001,1.2229395643850198,2.6288722316905524
JR,q,0.5,0.7010000000000001,1.2246248839514005,2.633530954823865
JR,q,0.5,0.7020000000000001,1.2273590137318484,2.637863578421904
JR,q,0.5,0.7030000000000001,1.2310743816147873,2.6418534675657543
JR,q,0.5,0.704,1.2357141043138533,2.645489033561164
JR,q,0.5,0.705,1.2412319873678888,2.648779611497424
JR,q,0.5,0.706,1.2475925251409432,2.6517507135796077
JR,q,0.5,0.707,1.254770900822276,2.654432516510444
JR,q,0.5,0.708,1.2627529864263538,2.656841801562744
JR,q,0.5,0.709,1.2715353427928493,2.6589971634547385
JR,q,0.5,0.71,1.2810791478360608,2.6609241817957057
JR,q,0.5,0.711,1.2912899594301113,2.6626527670687308
JR,q,0.5,0.712,1.3021049124422044,2.6642339224963
JR,q,0.5,0.713,1.3134675547004004,2.6657226574763753
JR,q,0.5,0.714,1.3253277397528436,2.6671748031377205
JR,q,0.5,0.715,1.33764162686776,2.6686476256041503
JR,q,0.5,0.716,1.3503716810334545,2.6702044933090794
JR,q,0.5,0.717,1.3634866729583193,2.671910079089944
JR,q,0.5,0.718,1.3769616790708241,2.6738215471050006
JR,q,0.5,0.719,1.3907780815195219,2.6759893276192317
JR,q,0.5,0.72,1.40492356817305,2.6784691898969077
JR,q,0.5,0.721,1.4193888289270822,2.6813068140741665
JR,q,0.5,0.722,1.4341204944255734,2.684549134559025
JR,q,0.5,0.723,1.449072152427318,2.688242800592365
JR,q,0.5,0.724,1.4642097919732642,2.6924271949359517
JR,q,0.5,0.725,1.4795025273412614,2.697140254534737
JR,q,0.5,0.726,1.4949225980460579,2.702419886917633
JR,q,0.5,0.727,1.5104453688393011,2.708300262027188
JR,q,0.5,0.728,1.526049329709536,2.714810432555635
JR,q,0.5,0.729,1.5417160958822076,2.721972360378806
JR,q,0.5,0.73,1.5574304078196577,2.7297987445845524
JR,q,0.5,0.731,1.5731801312211302,2.738294718800481
JR,q,0.5,0.732,1.5889562570227662,2.7474649591743763
JR,q,0.5,0.733,1.6047529013976032,2.75731099395819
JR,q,0.5,0.734,1.620565429855609,2.76782678511265
JR,q,0.5,0.735,1.6363655765934992,2.7790112040330763
JR,q,0.5,0.736,1.6521316632561351,2.790868301173852
JR,q,0.5,0.737,1.6678490743823353,2.8033966776255026
JR,q,0.5,0.738,1.6835048084454054,2.816590507650739
JR,q,0.5,0.739,1.6990874778531393,2.830432316860883
JR,q,0.5,0.74,1.7145873089478196,2.8448911913872315
JR,q,0.5,0.741,1.7299961420062204,2.859937541202749
JR,q,0.5,0.742,1.7453074312395995,2.8755436591335104
JR,q,0.5,0.743,1.760516244793708,2.89166694323832
JR,q,0.5,0.744,1.775619264748784,2.908269566287158
JR,q,0.5,0.745,1.7906147871195528,2.9253118256997332
JR,q,0.5,0.746,1.80550272185523,2.94274715209589
JR,q,0.5,0.747,1.8202845928395215,2.9605165813969654
JR,q,0.5,0.748,1.8349592926371239,2.9785544904917574
JR,q,0.5,0.749,1.8495105076249452,2.9967880542252145
JR,q,0.5,0.75,1.863931706430011,3.015136522002799
JR,q,0.5,0.751,1.8782187474800272,3.033512194480165
JR,q,0.5,0.752,1.8923685797039784,3.051825777475742
JR,q,0.5,0.753,1.9063792425321227,3.069989181682101
JR,q,0.5,0.754,1.9202498658959937,3.0879212227547947
JR,q,0.5,0.755,1.9339806702284008,3.105539594568931
JR,q,0.5,0.756,1.9475729664634294,3.122753891969692
JR,q,0.5,0.757,1.9610291560364406,3.1394734734419534
JR,q,0.5,0.758,1.974352730884069,3.155614692357675
JR,q,0.5,0.759,1.9875468306825343,3.171094901787056
JR,q,0.5,0.76,2.000608049940085,3.1858332748741827
JR,q,0.5,0.761,2.0135329398129906,3.1997701532634544
JR,q,0.5,0.762,2.026319345749261,3.2128602725884603
JR,q,0.5,0.763,2.0389662942684743,3.225071554638547
JR,q,0.5,0.764,2.051473992961785,3.236371866035735
JR,q,0.5,0.765,2.063843830491917,3.2467334292759413
JR,q,0.5,0.766,2.07607837659317,3.256137138455283
JR,q,0.5,0.767,2.088181382071412,3.264581952959377
JR,q,0.5,0.768,2.1001577788040873,3.2720757008287062
JR,q,0.5,0.769,2.1120136797402105,3.2786378969679744
JR,q,0.5,0.77,2.1237548841683855,3.2842980483289366
JR,q,0.5,0.771,2.1353791048178885,3.2890977574949245
JR,q,0.5,0.772,2.1468821082513103,3.2930861553385022
JR,q,0.5,0.773,2.1582611990502145,3.2963090444801417
JR,q,0.5,0.774,2.1695152147040706,3.298811753827221
JR,q,0.5,0.775,2.1806445256102522,3.300651248980157
JR,q,0.5,0.776,2.191651035074038,3.301888574343486
JR,q,0.5,0.777,2.202538179308611,3.30258125525416
JR,q,0.5,0.778,2.2133109274350593,3.3027996413305982
JR,q,0.5,0.779,2.2239757814823737,3.302611618604435
JR,q,0.5,0.78,2.234540776387451,3.3020773504545433
JR,q,0.5,0.781,2.2450152895681965,3.3012491435403346
JR,q,0.5,0.782,2.255400034342508,3.300174822450775
JR,q,0.5,0.783,2.265688507100352,3.2989027140195275
JR,q,0.5,0.784,2.2758767825524036,3.2974831373224007
JR,q,0.5,0.785,2.2859626154802997,3.2959690097252725
JR,q,0.5,0.786,2.2959454407366353,3.2944120558647465
JR,q,0.5,0.787,2.3058263732449698,3.292861679996821
JR,q,0.5,0.788,2.3156082079998193,3.291359087500154
JR,q,0.5,0.789,2.3252954200666647,3.289940203173474
JR,q,0.5,0.79,2.3348941645819434,3.288634522610151
JR,q,0.5,0.791,2.344412276753057,3.287467537947259
JR,q,0.5,0.792,2.353859271858367,3.2864644420318765
JR,q,0.5,0.793,2.3632436170964195,3.2856511315063104
JR,q,0.5,0.794,2.3725592386325065,3.2850513334287967
JR,q,0.5,0.795,2.3818005661575534,3.284692496058719
JR,q,0.5,0.796,2.3909642636910413,3.2845900252388174
JR,q,0.5,0.797,2.400048691454088,3.2847596862350112
JR,q,0.5,0.798,2.4090539058694524,3.2852172641696584
JR,q,0.5,0.799,2.4179816595615327,3.2859791695520233
JR,q,0.5,0.8,2.4268354013563678,3.287059253246367
JR,q,0.5,0.801,2.4356202762816332,3.288478990370051
JR,q,0.5,0.802,2.4443431255666472,3.2902526763729525
JR,q,0.5,0.803,2.4530124866423657,3.292391286297871
JR,q,0.5,0.804,2.4616385867485353,3.2949080903682297
JR,q,0.5,0.805,2.470224303637525,3.2978174903195883
JR,q,0.5,0.806,2.4787617360779266,3.3011258861549795
JR,q,0.5,0.807,2.4872464138542782,3.3048352278616426
JR,q,0.5,0.808,2.495675555478857,3.308951237555833
JR,q,0.5,0.809,2.50404806819168,3.3134769815388188
JR,q,0.5,0.81,2.512364547960508,3.318410231678306
JR,q,0.5,0.811,2.520627279480842,3.3237465585410924
JR,q,0.5,0.812,2.528840236175926,3.329474571118682
JR,q,0.5,0.8130000000000001,2.5370090801967433,3.335572770505383
JR,q,0.5,0.8140000000000001,2.5451411624220204,3.342022744540121
JR,q,0.5,0.8150000000000001,2.5532455224582242,3.3488030991219357
JR,q,0.5,0.8160000000000001,2.561332165409453,3.355880585284417
JR,q,0.5,0.8170000000000001,2.5693983840201975,3.3632165442074786
JR,q,0.5,0.8180000000000001,2.577437181537432,3.3707811670942593
JR,q,0.5,0.8190000000000001,2.585444602044783,3.378544383668482
JR,q,0.5,0.8200000000000001,2.5934183580167423,3.386473882160688
JR,q,0.5,0.8210000000000001,2.6013578303186686,3.394545541365841
JR,q,0.5,0.8220000000000001,2.609264068206788,3.402733931159823
JR,q,0.5,0.8230000000000001,2.6171397893281907,3.4110171264937827
JR,q,0.5,0.8240000000000001,2.6249893797208355,3.4193823383889437
JR,q,0.5,0.8250000000000001,2.632818893813545,3.4278250112755124
JR,q,0.5,0.8260000000000001,2.640636054426009,3.436346832296302
JR,q,0.5,0.8270000000000001,2.648450252768785,3.444947948457087
JR,q,0.5,0.8280000000000001,2.6562702756172247,3.4536387213449675
JR,q,0.5,0.8290000000000001,2.664090206419469,3.4624442164224196
JR,q,0.5,0.8300000000000001,2.6719041470981018,3.471402494562255
JR,q,0.5,0.8310000000000001,2.67970860870589,3.480562364654422
JR,q,0.5,0.8320000000000001,2.687501768284725,3.4899752151177785
JR,q,0.5,0.833,2.695283468865623,3.499690743780758
JR,q,0.5,0.834,2.7030552194687316,3.5097667230631755
JR,q,0.5,0.835,2.7108201951033206,3.5202729150179017
JR,q,0.5,0.836,2.7185832367677873,3.5312821780233827
JR,q,0.5,0.837,2.726350851449657,3.54286840729086
JR,q,0.5,0.838,2.7341312121255794,3.555108877561642
JR,q,0.5,0.839,2.741934157761332,3.5680781378963853
JR,q,0.5,0.84,2.749766857534412,3.581856935712699
JR,q,0.5,0.841,2.7576219097795973,3.596533098455457
JR,q,0.5,0.842,2.765494291763883,3.6121909344041567
JR,q,0.5,0.843,2.7733809660784825,3.628916845610564
JR,q,0.5,0.844,2.781280609081685,3.6467844648809336
JR,q,0.5,0.845,2.789193610898853,3.6658511957039144
JR,q,0.5,0.846,2.797122075422425,3.6861702860871173
JR,q,0.5,0.847,2.805069820311913,3.707797878715037
JR,q,0.5,0.848,2.813042376993905,3.7307931759740596
JR,q,0.5,0.849,2.821046990662061,3.755206291771509
JR,q,0.5,0.85,2.8290926202771205,3.781077549485604
JR,q,0.5,0.851,2.8371899385668926,3.8084338650723817
JR,q,0.5,0.852,2.8453442096430104,3.837291308448308
JR,q,0.5,0.853,2.85354766548489,3.8676577066405895
JR,q,0.5,0.854,2.8617958793044815,3.899516495400259
JR,q,0.5,0.855,2.8700863000881385,3.9328644250908447
JR,q,0.5,0.856,2.878418230795866,3.9677016434052383
JR,q,0.5,0.857,2.8867928283613127,4.004016907769338
JR,q,0.5,0.858,2.89521310369178,4.041788208432516
JR,q,0.5,0.859,2.903683921668215,4.080977189116996
JR,q,0.5,0.86,2.912212001145213,4.121518979245568
JR,q,0.5,0.861,2.920805914951019,4.163348990772041
JR,q,0.5,0.862,2.929476089887525,4.206405989185755
JR,q,0.5,0.863,2.9382347264832704,4.250624821011352
JR,q,0.5,0.864,2.9470847614128655,4.295927209490349
JR,q,0.5,0.865,2.9560187737649892,4.342239665747942
JR,q,0.5,0.866,2.9650327537411942,4.389481748015264
JR,q,0.5,0.867,2.974124828876564,4.43755696537911
JR,q,0.5,0.868,2.9832952640397123,4.48635184252621
JR,q,0.5,0.869,2.9925464614327844,4.535740515918061
JR,q,0.5,0.87,3.001882960591458,4.585578454261177
JR,q,0.5,0.871,3.0113114383849386,4.635707048955326
JR,q,0.5,0.872,3.0208407090159666,4.685964025337432
JR,q,0.5,0.873,3.0304817240208095,4.736184752052174
JR,q,0.5,0.874,3.040247572269268,4.786229893609414
JR,q,0.5,0.875,3.0501526557363197,4.835960042559018
JR,q,0.5,0.876,3.0601969770025716,4.885211674655018
JR,q,0.5,0.877,3.0703737285204524,4.933798186060529
JR,q,0.5,0.878,3.080679671019223,4.981514724164336
JR,q,0.5,0.879,3.0911142091946977,5.02816816282754
JR,q,0.5,0.88,3.1016793917092556,5.073574456123198
JR,q,0.5,0.881,3.112379911191829,5.1175412190378
JR,q,0.5,0.882,3.123223104237911,5.159892868790894
JR,q,0.5,0.883,3.1342189514095526,5.200492397152535
JR,q,0.5,0.884,3.1453800772353624,5.239205799936968
JR,q,0.5,0.885,3.15672175021051,5.275902077592893
JR,q,0.5,0.886,3.1682618827967213,5.310443880563033
JR,q,0.5,0.887,3.180016752196096,5.34270647365707
JR,q,0.5,0.888,3.191982023255409,5.372588365016521
JR,q,0.5,0.889,3.2041525028254356,5.399993176205568
JR,q,0.5,0.89,3.216526861899472,5.4248323802496055
JR,q,0.5,0.891,3.2291073103734362,5.447063980409329
JR,q,0.5,0.892,3.241899597045867,5.466676371727801
JR,q,0.5,0.893,3.2549130096179253,5.483657139626335
JR,q,0.5,0.894,3.2681603746933923,5.498005394201808
JR,q,0.5,0.895,3.281658057778673,5.509743626092427
JR,q,0.5,0.896,3.295425963282793,5.518926049506307
JR,q,0.5,0.897,3.3094875345173973,5.525616910690422
JR,q,0.5,0.898,3.323869437576065,5.529875141408248
JR,q,0.5,0.899,3.3385829882778335,5.531766203306791
JR,q,0.5,0.9,3.3536216918864423,5.531392285008744
JR,q,0.5,0.901,3.3689840401115405,5.528858989887197
JR,q,0.5,0.902,3.3846736943939493,5.524267933201927
JR,q,0.5,0.903,3.400699485905669,5.51776201457374
JR,q,0.5,0.904,3.4170754155498697,5.509520213217827
JR,q,0.5,0.905,3.4338206539609004,5.499741011581706
JR,q,0.5,0.906,3.4509595415042846,5.488622568862012
JR,q,0.5,0.907,3.4685215882767193,5.476340009648308
JR,q,0.5,0.908,3.4865414741060774,5.4630693916283715
JR,q,0.5,0.909,3.505059048551406,5.448994324501938
JR,q,0.5,0.91,3.5241050263003393,5.434287338803318
JR,q,0.5,0.911,3.5436769261475245,5.419111621079005
JR,q,0.5,0.912,3.5637752323983602,5.403654566119323
JR,q,0.5,0.913,3.5844087199337067,5.388117158841348
JR,q,0.5,0.914,3.6055944535419386,5.372703233540757
JR,q,0.5,0.915,3.627357787918952,5.357583935663939
JR,q,0.5,0.916,3.649732367668158,5.342906439437179
JR,q,0.5,0.917,3.672760127300487,5.328814651487216
JR,q,0.5,0.918,3.6964912912343872,5.315430013569096
JR,q,0.5,0.919,3.7209843737958255,5.302847192751434
JR,q,0.5,0.92,3.7463061397670208,5.29115825619185
JR,q,0.5,0.921,3.7725080309336017,5.280455107690907
JR,q,0.5,0.922,3.7995944806354673,5.270815416120539
JR,q,0.5,0.923,3.8275760134239256,5.2622976958768675
JR,q,0.5,0.924,3.8564777023870027,5.2549239143834106
JR,q,0.5,0.925,3.886339169149444,5.2486991930453835
JR,q,0.5,0.926,3.9172145838727115,5.243631093950331
JR,q,0.5,0.927,3.9491726652549857,5.239713649203384
JR,q,0.5,0.928,3.9822966805311646,5.236919893013326
JR,q,0.5,0.929,4.0166844454728645,5.2352349562116505
JR,q,0.5,0.93,4.052448324388418,5.234635722980786
JR,q,0.5,0.931,4.0897095434432735,5.235073542816418
JR,q,0.5,0.932,4.128526040219419,5.236483956678665
JR,q,0.5,0.933,4.168921408409645,5.238787146112114
JR,q,0.5,0.934,4.21094490310469,5.2418975061813535
JR,q,0.5,0.935,4.2546727919982175,5.245749331687215
JR,q,0.5,0.936,4.300208355386814,5.250299932154097
JR,q,0.5,0.937,4.347681886169995,5.255488751536763
JR,q,0.5,0.9380000000000001,4.39725068985019,5.261241816478435
JR,q,0.5,0.9390000000000001,4.449099084532765,5.267460475985334
JR,q,0.5,0.9400000000000001,4.503438400926003,5.274047745663527
JR,q,0.5,0.9410000000000001,4.5604973983695345,5.280883859405082
JR,q,0.5,0.9420000000000001,4.620406482005593,5.287845490309755
JR,q,0.5,0.9430000000000001,4.683251497373909,5.294821201619284
JR,q,0.5,0.9440000000000001,4.749162137742685,5.301713733891618
JR,q,0.5,0.9450000000000001,4.8183129264228395,5.308463065510773
JR,q,0.5,0.9460000000000001,4.890923216768007,5.315004086260997
JR,q,0.5,0.9470000000000001,4.967257192174534,5.3212743812396015
JR,q,0.5,0.9480000000000001,5.047623866081482,5.327191991233117
JR,q,0.5,0.9490000000000001,5.132377081970628,5.33267005378219
JR,q,0.5,0.9500000000000001,5.221915513366466,5.337619960971208
JR,q,0.5,0.9510000000000001,5.316536833977997,5.34199044922221
JR,q,0.5,0.9520000000000001,5.416431310915185,5.345787190194873
JR,q,0.5,0.9530000000000001,5.521920604809751,5.34902202617184
JR,q,0.5,0.9540000000000001,5.633331897548061,5.3517160018525045
JR,q,0.5,0.9550000000000001,5.750997394644992,5.353868781117082
JR,q,0.5,0.9560000000000001,5.875254325243945,5.355481754450543
JR,q,0.5,0.9570000000000001,6.006444942116833,5.356554161068578
JR,q,0.5,0.9580000000000001,6.144916521664089,5.357120477392011
JR,q,0.5,0.9590000000000001,6.2910213639146635,5.35723576731786
JR,q,0.5,0.96,6.445004857476899,5.356983585701966
JR,q,0.5,0.961,6.606729731534431,5.356448602572296
JR,q,0.5,0.962,6.776543056471989,5.355687763072237
JR,q,0.5,0.963,6.954637143654521,5.354722696498512
JR,q,0.5,0.964,7.1409544013467405,5.353569919617694
JR,q,0.5,0.965,7.33518733471312,5.3522670890743145
JR,q,0.5,0.966,7.536778545817896,5.35084380037321
JR,q,0.5,0.967,7.744920733625062,5.349367609211516
JR,q,0.5,0.968,7.958556693998375,5.34788728201912
JR,q,0.5,0.969,8.176425700506758,5.346402538962921
JR,q,0.5,0.97,8.397393524233241,5.344908050356645
JR,q,0.5,0.971,8.620276121715065,5.343381788039678
JR,q,0.5,0.972,8.843720013702367,5.341760916379636
JR,q,0.5,0.973,9.066205783068897,5.3400136783122045
JR,q,0.5,0.974,9.286048074812033,5.338150182017347
JR,q,0.5,0.975,9.501395596052777,5.3361558457301665
JR,q,0.5,0.976,9.710231116035747,5.3340007862432115
JR,q,0.5,0.977,9.910371466129188,5.331628931603576
JR,q,0.5,0.978,10.099697270259586,5.328965663735294
JR,q,0.5,0.979,10.277004230826599,5.325918572974031
JR,q,0.5,0.98,10.441187120446607,5.322419702136264
JR,q,0.5,0.981,10.591166018454881,5.318428306887811
JR,q,0.5,0.982,10.725900606258335,5.3138970670651835
JR,q,0.5,0.983,10.844390167335503,5.308741553988873
JR,q,0.5,0.984,10.945673587236556,5.30285135776154
JR,q,0.5,0.985,11.02882935358329,5.2960994271395245
JR,q,0.5,0.986,11.092983864934311,5.288370904301328
JR,q,0.5,0.987,11.137799634465878,5.279561724334632
JR,q,0.5,0.988,11.163407056862583,5.269580608939148
JR,q,0.5,0.989,11.169920077010845,5.25834097174467
JR,q,0.5,0.99,11.15748690391813,5.245764810077589
JR,q,0.5,0.991,11.126290010712937,5.231775232288095
JR,q,0.5,0.992,11.076546134644822,5.216301452532036
JR,q,0.5,0.993,11.00850627708436,5.199284532060663
JR,q,0.5,0.994,10.92245572747124,5.180683259432029
JR,q,0.5,0.995,10.818860350215642,5.160467092352512
JR,q,0.5,0.996,10.698528956700411,5.138604602965605
JR,q,0.5,0.997,10.562290122561075,5.115090251694252
JR,q,0.5,0.998,10.41096718080165,5.089958485235293
JR,q,0.5,0.999,10.245378221794649,5.063274624823588
JR,q,0.5,1.0,10.066336093281066,5.035119975304112
JR,q,0.5,1.0010000000000001,9.874648400370381,5.005587232403702
JR,q,0.5,1.002,9.671117505540634,4.974758975919354
JR,q,0.5,1.0030000000000001,9.45655621114159,4.942703612194378
JR,q,0.5,1.004,9.232056506828998,4.909515054530976
JR,q,0.5,1.0050000000000001,8.998682264138283,4.875320731770114
JR,q,0.5,1.006,8.757453724395612,4.840266214442717
JR,q,0.5,1.0070000000000001,8.509416922630512,4.80450127196186
JR,q,0.5,1.008,8.255643687576299,4.768191692697
JR,q,0.5,1.0090000000000001,7.997231641669654,4.731491539744683
JR,q,0.5,1.01,7.735304201051051,4.694529289158966
JR,q,0.5,1.0110000000000001,7.471010575564309,4.657431673946426
JR,q,0.5,1.012,7.2055661025278095,4.620322901332248
JR,q,0.5,1.0130000000000001,6.9402449493050895,4.583341446191473
JR,q,0.5,1.014,6.676171549949029,4.5466393489680375
JR,q,0.5,1.0150000000000001,6.41451081640159,4.5103709244643175
JR,q,0.5,1.016,6.15648162241793,4.47468119351035
JR,q,0.5,1.0170000000000001,5.903356803565938,4.439705799921175
JR,q,0.5,1.018,5.656463157226684,4.40556282963036
JR,q,0.5,1.0190000000000001,5.417181442593975,4.372368454696459
JR,q,0.5,1.02,5.1869462705283365,4.340241009127378
JR,q,0.5,1.0210000000000001,4.966896852400723,4.309304565031352
JR,q,0.5,1.022,4.758062273438043,4.279668314339168
JR,q,0.5,1.0230000000000001,4.5616111617011335,4.251434146725532
JR,q,0.5,1.024,4.3785695247796,4.224672111108441
JR,q,0.5,1.025,4.209820749791454,4.199418380887493
JR,q,0.5,1.026,4.056105603383315,4.175719746276276
JR,q,0.5,1.027,3.918022231730454,4.153633690249237
JR,q,0.5,1.028,3.796026160536581,4.1332047327707615
JR,q,0.5,1.029,3.6904302950340977,4.114459305215011
JR,q,0.5,1.03,3.601391283712644,4.097400292669256
JR,q,0.5,1.031,3.5287797836440262,4.082008851452075
JR,q,0.5,1.032,3.4722548240331754,4.068257988587816
JR,q,0.5,1.033,3.4312724990864254,4.056099983451926
JR,q,0.5,1.034,3.4050758101869256,4.045481743861806
JR,q,0.5,1.035,3.3926946658947017,4.036346643968515
JR,q,0.5,1.036,3.392920637890306,4.028625599700891
JR,q,0.5,1.037,3.4042627019582525,4.02222570219904
JR,q,0.5,1.038,3.4250780640461365,4.01703336640394
JR,q,0.5,1.039,3.4535892811958355,4.012922890288449
JR,q,0.5,1.04,3.487883754848248,4.0097543741442925
JR,q,0.5,1.041,3.525878839047447,4.007384534236868
JR,q,0.5,1.042,3.5652390936378424,4.005675713697913
JR,q,0.5,1.043,3.6042658727383454,4.004492348605456
JR,q,0.5,1.044,3.641443783888281,4.003698397183567
JR,q,0.5,1.045,3.6753055544548303,4.00315698389532
JR,q,0.5,1.046,3.7044320316331003,4.002737003063504
JR,q,0.5,1.047,3.7274521824460614,4.002310577940589
JR,q,0.5,1.048,3.743043093744607,4.001760561499323
JR,q,0.5,1.049,3.750204261362409,4.00094775945083
JR,q,0.5,1.05,3.7491918954267938,3.9997371659524266
JR,q,0.5,1.051,3.7405336520925303,3.9980169527181912
JR,q,0.5,1.052,3.724661028745267,3.995693207278884
JR,q,0.5,1.053,3.701909429998688,3.992708503430988
JR,q,0.5,1.054,3.6725181676944665,3.989020056662522
JR,q,0.5,1.055,3.6366305991890275,3.984581096236531
JR,q,0.5,1.056,3.594776412268521,3.9793322020104545
JR,q,0.5,1.057,3.548194178192338,3.9732195302636772
JR,q,0.5,1.058,3.497905992416907,3.9661873586910037
JR,q,0.5,1.059,3.4447378541529687,3.958222546406108
JR,q,0.5,1.06,3.3893196663655125,3.9493579199651907
JR,q,0.5,1.061,3.3320852357738495,3.9396361087284446
JR,q,0.5,1.062,3.2732750479804036,3.9290765235422627
JR,q,0.5,1.063,3.2133647072557174,3.9177002370369562
JR,q,0.5,1.064,3.152994358035908,3.9055436800957564
JR,q,0.5,1.065,3.092581521373983,3.8926394374254447
JR,q,0.5,1.066,3.032449104512043,3.8790327592359275
JR,q,0.5,1.067,2.972825400881387,3.864784956096469
JR,q,0.5,1.068,2.9138440901023994,3.8499647707939744
JR,q,0.5,1.069,2.8555442379846667,3.834657421905878
JR,q,0.5,1.07,2.797870296526863,3.818957837227141
JR,q,0.5,1.071,2.7408954845282185,3.802955564865463
JR,q,0.5,1.072,2.684836777286783,3.786734376613909
JR,q,0.5,1.073,2.629564724466899,3.770357039150415
JR,q,0.5,1.074,2.574984225611024,3.753862023147576
JR,q,0.5,1.075,2.521042250174389,3.7372897232657563
JR,q,0.5,1.076,2.467727837524917,3.7207043596700764
JR,q,0.5,1.077,2.4150720969432964,3.7041569842210063
JR,q,0.5,1.078,2.363148207622915,3.6877043533345506
JR,q,0.5,1.079,2.312071418669923,3.6713933686259694
JR,q,0.5,1.08,2.2619767764480034,3.655260973949609
JR,q,0.5,1.081,2.212774381847849,3.639347950271756
JR,q,0.5,1.082,2.164298650641408,3.6236723449494788
JR,q,0.5,1.083,2.116445828425908,3.608238844921362
JR,q,0.5,1.084,2.0691742788294505,3.593060927301343
JR,q,0.5,1.085,2.022504483511103,3.578151959080016
JR,q,0.5,1.086,1.976519042160806,3.5635268033673175
JR,q,0.5,1.087,1.931362672499466,3.54919675388484
JR,q,0.5,1.088,1.8872422102788615,3.5351686903365276
JR,q,0.5,1.089,1.8444266092817347,3.5214441921191586
JR,q,0.5,1.09,1.8030714924894955,3.5080153377498675
JR,q,0.5,1.091,1.7629684821289633,3.4948862031764434
JR,q,0.5,1.092,1.724052809737712,3.4820600789770917
JR,q,0.5,1.093,1.6862992587385914,3.4695314860947097
JR,q,0.5,1.094,1.6497173549415933,3.4572840528317137
JR,q,0.5,1.095,1.614351366543909,3.445312228025618
JR,q,0.5,1.096,1.5802803041298734,3.433617145968004
JR,q,0.5,1.097,1.5476179206710219,3.422208938950987
JR,q,0.5,1.098,1.5165127115260306,3.4110950812117973
JR,q,0.5,1.099,1.487142847123736,3.4002768797654346
JR,q,0.5,1.1,1.4594956746103493,3.38974416516053
JR,q,0.5,1.101,1.4334542308160705,3.3794966139894043
JR,q,0.5,1.102,1.4089598724592873,3.369526678055713
JR,q,0.5,1.103,1.385975736727528,3.3598162632712647
JR,q,0.5,1.104,1.3644867412774193,3.350346345794606
JR,q,0.5,1.105,1.3444995842347156,3.3410951765550014
JR,q,0.5,1.106,1.3260427441942788,3.33203756416685
JR,q,0.5,1.107,1.3091664802200969,3.323150656365809
JR,q,0.5,1.108,1.2939428318452606,3.3144208658248884
JR,q,0.5,1.109,1.2804319245199371,3.3058325310117254
JR,q,0.5,1.11,1.2685230405942347,3.2973564158022817
JR,q,0.5,1.111,1.25811701563571,3.2889502755072466
JR,q,0.5,1.112,1.2491371234303106,3.2805779954308862
JR,q,0.5,1.113,1.241522141680039,3.272213348653569
JR,q,0.5,1.114,1.2352263520029378,3.2638382809385744
JR,q,0.5,1.115,1.2302195399331017,3.2554501187239833
JR,q,0.5,1.116,1.226486994920668,3.247050527393617
JR,q,0.5,1.117,1.2240295103318202,3.2386368302073016
JR,q,0.5,1.118,1.2228633834487912,3.2302005548054438
JR,q,0.5,1.119,1.222995740310716,3.221735542117388
JR,q,0.5,1.12,1.2243141379282312,3.2132380245555106
JR,q,0.5,1.121,1.226725178054875,3.2047230056211657
JR,q,0.5,1.122,1.2301518380183465,3.19623576016377
JR,q,0.5,1.123,1.23452748449116,3.18782264844761
JR,q,0.5,1.124,1.2397958734906567,3.179521367050901
JR,q,0.5,1.125,1.2459111503789932,3.1713589422463984
JR,q,0.5,1.1260000000000001,1.252837849863151,3.1633613430014447
JR,q,0.5,1.127,1.2605508959949274,3.155546872490195
JR,q,0.5,1.1280000000000001,1.2690356021709492,3.1479491245076345
JR,q,0.5,1.129,1.2782876711326523,3.1406230727884026
JR,q,0.5,1.1300000000000001,1.2882688095847223,3.133627154723921
JR,q,0.5,1.131,1.298886628517356,3.127013347602853
JR,q,0.5,1.1320000000000001,1.3100799394020894,3.1208347998557793
JR,q,0.5,1.133,1.3217937450071613,3.115138243504957
JR,q,0.5,1.1340000000000001,1.333979115332304,3.109956856959987
JR,q,0.5,1.135,1.3465931876087263,3.1053236591205073
JR,q,0.5,1.1360000000000001,1.3595991662991294,3.101289341036976
JR,q,0.5,1.137,1.372966323097689,3.0979051915992772
JR,q,0.5,1.1380000000000001,1.3866699969300713,3.0952153554642745
JR,q,0.5,1.139,1.4006915939534208,3.093248949313532
JR,q,0.5,1.1400000000000001,1.415018587556374,3.092030831129287
JR,q,0.5,1.141,1.4296426586758866,3.0915787997530773
JR,q,0.5,1.1420000000000001,1.4445154092393269,3.091910497187795
JR,q,0.5,1.143,1.4595900186413475,3.093043982500266
JR,q,0.5,1.1440000000000001,1.474833752243896,3.0949879383810655
JR,q,0.5,1.145,1.4902168540489873,3.0977558904022153
JR,q,0.5,1.1460000000000001,1.505712546698735,3.101342337136839
JR,q,0.5,1.147,1.5212970314753216,3.1057313778418063
JR,q,0.5,1.1480000000000001,1.536949488301028,3.1108914487402872
JR,q,0.5,1.149,1.5526520757382056,3.1167840367092707
JR,q,0.5,1.1500000000000001,1.568389930989302,3.1233660157851064
JR,q,0.5,1.151,1.5841511698968356,3.130607814895788
JR,q,0.5,1.1520000000000001,1.5999268869434227,3.1384744380454577
JR,q,0.5,1.153,1.615711155251749,3.14691856271758
JR,q,0.5,1.154,1.6315005823748527,3.155873009657021
JR,q,0.5,1.155,1.6472723616919067,3.1652620386304284
JR,q,0.5,1.156,1.6630029271549418,3.174998578003449
JR,q,0.5,1.157,1.67867813577329,3.184997896806798
JR,q,0.5,1.158,1.694285430280094,3.195176294275532
JR,q,0.5,1.159,1.7098138391323374,3.2054506489779855
JR,q,0.5,1.16,1.725253976510818,3.215755200318623
JR,q,0.5,1.161,1.7405980423201695,3.2260396950580263
JR,q,0.5,1.162,1.7558398221888423,3.236254392794403
JR,q,0.5,1.163,1.7709746874691241,3.2463392631947228
JR,q,0.5,1.164,1.7859995952371168,3.2562289240183717
JR,q,0.5,1.165,1.800913088292762,3.265862278500784
JR,q,0.5,1.166,1.8157152951598121,3.2752009104225137
JR,q,0.5,1.167,1.830407930085863,3.284237502452878
JR,q,0.5,1.168,1.844992246043395,3.2929631941010875
JR,q,0.5,1.169,1.8594534276558297,3.3013678904576422
JR,q,0.5,1.17,1.873783514182982,3.309448555247652
JR,q,0.5,1.171,1.8879783612737189,3.3171973650315927
JR,q,0.5,1.172,1.9020349372262197,3.3246097679174698
JR,q,0.5,1.173,1.9159513229879992,3.3317096834501996
JR,q,0.5,1.174,1.9297267121558845,3.3385229851623057
JR,q,0.5,1.175,1.9433614109760362,3.345065688303433
JR,q,0.5,1.176,1.95685683834393,3.351352347052737
JR,q,0.5,1.177,1.970215525804373,3.3573939254893777
JR,q,0.5,1.178,1.9834411175514886,3.3631984141221944
JR,q,0.5,1.179,1.9965377483088997,3.368776602014164
JR,q,0.5,1.18,2.009503309459177,3.374152197383114
JR,q,0.5,1.181,2.0223339161641376,3.379355285373661
JR,q,0.5,1.182,2.0350271551768717,3.3844083947981205
JR,q,0.5,1.183,2.047581822292359,3.389327067270257
JR,q,0.5,1.184,2.059997922347439,3.3941242460018826
JR,q,0.5,1.185,2.0722766692208396,3.398818128574706
JR,q,0.5,1.186,2.0844204858331508,3.4034263877928748
JR,q,0.5,1.187,2.0964330041468457,3.4079665531658714
JR,q,0.5,1.188,2.1083190651662664,3.412460616988044
JR,q,0.5,1.189,2.120084718937634,3.4169279425947376
JR,q,0.5,1.19,2.1317366728571083,3.4213909761114234
JR,q,0.5,1.191,2.1432747091364366,3.425872927408544
JR,q,0.5,1.192,2.154694245994244,3.4304004282614695
JR,q,0.5,1.193,2.1659921674855194,3.4350059039238774
JR,q,0.5,1.194,2.1771669048183737,3.4397195744258315
JR,q,0.5,1.195,2.1882184363540627,3.4445732192929723
JR,q,0.5,1.196,2.1991482876069646,3.4496025749778476
JR,q,0.5,1.197,2.2099595312446008,3.4548333472009873
JR,q,0.5,1.198,2.220656787087617,3.4602862142511466
JR,q,0.5,1.199,2.2312462221097995,3.4659911424933516
JR,q,0.5,1.2,2.241735550438062,3.471985208078516
JR,q,0.5,1.201,2.252134033352459,3.478310493996654
JR,q,0.5,1.202,2.2624463696698935,3.485010829839099
JR,q,0.5,1.203,2.272665761100712,3.4921239037237894
JR,q,0.5,1.204,2.282787807655383,3.4996804981910588
JR,q,0.5,1.205,2.2928098059192354,3.5077098679068865
JR,q,0.5,1.206,2.3027307375005677,3.5162412677880828
JR,q,0.5,1.207,2.3125512690306587,3.525293873491213
JR,q,0.5,1.208,2.3222737521637504,3.5348857492143804
JR,q,0.5,1.209,2.3319022235770714,3.545044728961155
JR,q,0.5,1.21,2.341442404970812,3.5557977730115664
JR,q,0.5,1.211,2.350901703068144,3.5671701161773575
JR,q,0.5,1.212,2.360289209615209,3.57918200098948
JR,q,0.5,1.213,2.369614907987916,3.5918504783388334
JR,q,0.5,1.214,2.378876169038802,3.605198284386854
JR,q,0.5,1.215,2.388066277585456,3.619240670867898
JR,q,0.5,1.216,2.397181422705026,3.63398522317835
JR,q,0.5,1.217,2.406219491865923,3.6494382762965203
JR,q,0.5,1.218,2.4151800709278106,3.665612876447326
JR,q,0.5,1.219,2.424064444141615,3.6825129537520387
JR,q,0.5,1.22,2.4328755941495146,3.700145899457622
JR,q,0.5,1.221,2.4416182019849524,3.718516057330666
JR,q,0.5,1.222,2.45029864707262,3.737622475903069
JR,q,0.5,1.223,2.4589250072284767,3.7574530639592996
JR,q,0.5,1.224,2.4675070586597294,3.777983111424797
JR,q,0.5,1.225,2.4760519179779608,3.7991901542353257
JR,q,0.5,1.226,2.484552167803179,3.821060901905537
JR,q,0.5,1.227,2.493002613460934,3.84359617169722
JR,q,0.5,1.228,2.501400001025567,3.866789326419971
JR,q,0.5,1.229,2.509742763412285,3.890629056631022
JR,q,0.5,1.23,2.5180310203771517,3.9150998930675063
JR,q,0.5,1.231,2.5262665785170904,3.9401822967259745
JR,q,0.5,1.232,2.5344529312698816,3.965859047374467
JR,q,0.5,1.233,2.542595258914172,3.9921135909238474
JR,q,0.5,1.234,2.550700428569459,4.018944009470944
JR,q,0.5,1.235,2.5587769941961054,4.046348147484222
JR,q,0.5,1.236,2.566835181711598,4.074313515050908
JR,q,0.5,1.237,2.5748772699662736,4.102820207582618
JR,q,0.5,1.238,2.58289520057648,4.131841661562968
JR,q,0.5,1.239,2.590884551225477,4.161352260769536
JR,q,0.5,1.24,2.5988425661654966,4.191321625312725
JR,q,0.5,1.241,2.6067681562177554,4.221713525300759
JR,q,0.5,1.242,2.61466189877244,4.252481597965861
JR,q,0.5,1.243,2.622526037788721,4.283568866345861
JR,q,0.5,1.244,2.6303644837947404,4.314928700614703
JR,q,0.5,1.245,2.6381828138876227,4.346508562468332
JR,q,0.5,1.246,2.645988271733465,4.378243141226277
JR,q,0.5,1.247,2.6537897675673463,4.410051769591538
JR,q,0.5,1.248,2.6615974067221977,4.4418477218380366
JR,q,0.5,1.249,2.6694094467110916,4.473535583402465
JR,q,0.5,1.25,2.6772187107509673,4.5050162572355035
JR,q,0.5,1.2510000000000001,2.6850212389898664,4.536185545761792
JR,q,0.5,1.252,2.692814739047761,4.566942914059839
JR,q,0.5,1.2530000000000001,2.700598586016571,4.597197133011397
JR,q,0.5,1.254,2.708373822460144,4.626872340000372
JR,q,0.5,1.2550000000000001,2.7161431584142766,4.655885595838946
JR,q,0.5,1.256,2.7239109713866956,4.684146703901245
JR,q,0.5,1.2570000000000001,2.731683306357073,4.711551860119386
JR,q,0.5,1.258,2.739467875777013,4.737985797286177
JR,q,0.5,1.2590000000000001,2.7472740595700635,4.763331817275014
JR,q,0.5,1.26,2.755111474894089,4.787475666031046
JR,q,0.5,1.2610000000000001,2.7629757852812444,4.81035029823789
JR,q,0.5,1.262,2.77086074968346,4.831909906981881
JR,q,0.5,1.2630000000000001,2.7787628449573556,4.852110948223176
JR,q,0.5,1.264,2.7866802687908034,4.870908089741828
JR,q,0.5,1.2650000000000001,2.794612939702939,4.8882551421278
JR,q,0.5,1.266,2.8025624970441454,4.904104453123031
JR,q,0.5,1.2670000000000001,2.81053230099607,4.918403708928962
JR,q,0.5,1.268,2.8185274325716114,4.931104149719818
JR,q,0.5,1.2690000000000001,2.826554693614929,4.94218337171828
JR,q,0.5,1.27,2.8346226068014335,4.951666705733925
JR,q,0.5,1.2710000000000001,2.8427414156378004,4.9595860723532015
JR,q,0.5,1.272,2.8509201047103754,4.9659676248741675
JR,q,0.5,1.2730000000000001,2.8591526559097247,4.97083475625003
JR,q,0.5,1.274,2.8674336415291695,4.97420894542708
JR,q,0.5,1.2750000000000001,2.8757599859567806,4.9761158388215225
JR,q,0.5,1.276,2.884130484620459,4.9765843292901115
JR,q,0.5,1.2770000000000001,2.892545803987945,4.9756443209911545
JR,q,0.5,1.278,2.9010084815668096,4.973347784635055
JR,q,0.5,1.2790000000000001,2.9095229259044646,4.969767991732776
JR,q,0.5,1.28,2.9180954165881494,4.9649732261500885
JR,q,0.5,1.281,2.926734104244944,4.959021617164724
JR,q,0.5,1.282,2.9354490105417654,4.95196969436539
JR,q,0.5,1.283,2.9442520281853564,4.943877413628378
JR,q,0.5,1.284,2.9531513175557524,4.9348037617443445
JR,q,0.5,1.285,2.9621397119071737,4.924807488654054
JR,q,0.5,1.286,2.971212464734559,4.913951707756344
JR,q,0.5,1.287,2.980367116936561,4.902341930986027
JR,q,0.5,1.288,2.98960337849563,4.890079478793702
JR,q,0.5,1.289,2.99892312847799,4.877278352050866
JR,q,0.5,1.29,3.008330415033658,4.864028243917123
JR,q,0.5,1.291,3.0178314553964314,4.850430645856354
JR,q,0.5,1.292,3.027434635883897,4.836591538585458
JR,q,0.5,1.293,3.037150511897423,4.822611788651163
JR,q,0.5,1.294,3.0469918079221685,4.808588733984623
JR,q,0.5,1.295,3.056973388715945,4.79462689695924
JR,q,0.5,1.296,3.0671012491193945,4.780869216456361
JR,q,0.5,1.297,3.077367907605599,4.767434105871124
JR,q,0.5,1.298,3.0877694006927365,4.754451576745791
JR,q,0.5,1.299,3.0983044646440527,4.7420433724466315
JR,q,0.5,1.3,3.108974535467876,4.730324356082836
JR,q,0.5,1.301,3.1197837489176012,4.719408012109567
JR,q,0.5,1.302,3.13073894049171,4.709404206040027
JR,q,0.5,1.303,3.141849645433744,4.700424736230891
JR,q,0.5,1.304,3.1531280987323362,4.692593238857215
JR,q,0.5,1.305,3.1645892351211793,4.68600801833503
JR,q,0.5,1.306,3.1762506890790565,4.68073281770184
JR,q,0.5,1.307,3.1881314358223216,4.676816153392343
JR,q,0.5,1.308,3.200232548793597,4.67429400939012
JR,q,0.5,1.309,3.21254753322014,4.673180124920889
JR,q,0.5,1.31,3.2250742045149465,4.673471155220173
JR,q,0.5,1.311,3.2378140166262894,4.675139887166391
JR,q,0.5,1.312,3.25077206203774,4.678145288825554
JR,q,0.5,1.313,3.2639570717681448,4.682433156999741
JR,q,0.5,1.314,3.2773814153716536,4.6879135149188125
JR,q,0.5,1.315,3.291061100937691,4.694482201824356
JR,q,0.5,1.316,3.3050157750909803,4.702008227704473
JR,q,0.5,1.317,3.3192687229915236,4.710350165501745
JR,q,0.5,1.318,3.3338468683346205,4.719359193764981
JR,q,0.5,1.319,3.3487695424618473,4.7289065413867615
JR,q,0.5,1.32,3.3640312014825984,4.738859676710696
JR,q,0.5,1.321,3.3796291831077863,4.749054030103689
JR,q,0.5,1.322,3.3955661865410627,4.759332769506666
JR,q,0.5,1.323,3.4118502664059234,4.7695579481182175
JR,q,0.5,1.324,3.428494832745735,4.779577130568994
JR,q,0.5,1.325,3.4455186510237086,4.789245561210301
JR,q,0.5,1.326,3.4629458421229273,4.798445804252903
JR,q,0.5,1.327,3.480805882346317,4.807038958305007
JR,q,0.5,1.328,3.4991336034166762,4.814878224161913
JR,q,0.5,1.329,3.517969192476646,4.821845900630288
JR,q,0.5,1.33,3.5373508860925207,4.827873662428074
JR,q,0.5,1.331,3.557281669109946,4.832890853387953
JR,q,0.5,1.332,3.577760343604277,4.836841555999558
JR,q,0.5,1.333,3.598794507233678,4.839701751021716
JR,q,0.5,1.334,3.6204004120375513,4.841424182515645
JR,q,0.5,1.335,3.642602964436497,4.841940735370119
JR,q,0.5,1.336,3.6654357252323524,4.8411865317319345
JR,q,0.5,1.337,3.6889409096081542,4.8391421909649015
JR,q,0.5,1.338,3.713169387128177,4.835817032432765
JR,q,0.5,1.339,3.738180681737892,4.8312638316225955
JR,q,0.5,1.34,3.7640429717640096,4.825550659742629
JR,q,0.5,1.341,3.79081916769861,4.818730355921191
JR,q,0.5,1.342,3.8185201401334132,4.810826575036171
JR,q,0.5,1.343,3.847154613187249,4.801846267604879
JR,q,0.5,1.344,3.8767466259688512,4.7918194669443395
JR,q,0.5,1.345,3.9073355072156373,4.780787490241966
JR,q,0.5,1.346,3.9389758752937594,4.768822451296054
JR,q,0.5,1.347,3.971737638198052,4.755994131346893
JR,q,0.5,1.348,4.0057059935520885,4.742373352186032
JR,q,0.5,1.349,4.040981428608121,4.728043254979478
JR,q,0.5,1.35,4.077679720247143,4.7130793152631485
JR,q,0.5,1.351,4.115929578600616,4.6975365940192235
JR,q,0.5,1.352,4.15580807230057,4.68148384412375
JR,q,0.5,1.353,4.197339802059839,4.664993614226502
JR,q,0.5,1.354,4.24057362291035,4.648126082525824
JR,q,0.5,1.355,4.28558679676272,4.630947924641727
JR,q,0.5,1.356,4.332484992406344,4.613537748344575
JR,q,0.5,1.357,4.381402285509301,4.595979384997882
JR,q,0.5,1.358,4.432501158618453,4.5783762237498316
JR,q,0.5,1.359,4.485972501159347,4.560854435877965
JR,q,0.5,1.36,4.54203560943631,4.543546135459764
JR,q,0.5,1.361,4.60093267118506,4.526573436090981
JR,q,0.5,1.362,4.662817821026161,4.510034132918455
JR,q,0.5,1.363,4.727782577143567,4.494021088046779
JR,q,0.5,1.364,4.795961877493517,4.478615374760351
JR,q,0.5,1.365,4.867536383210325,4.463913698392977
JR,q,0.5,1.366,4.942732478606498,4.45002307693645
JR,q,0.5,1.367,5.021822271172607,4.43704675023444
JR,q,0.5,1.368,5.105123591577424,4.425079104476715
JR,q,0.5,1.369,5.192999993667786,4.414198071018233
JR,q,0.5,1.37,5.285860754468729,4.4044640219802655
JR,q,0.5,1.371,5.384028487652727,4.395922816509347
JR,q,0.5,1.372,5.487682581948011,4.388609170886515
JR,q,0.5,1.373,5.597171349028231,4.382541277717721
JR,q,0.5,1.374,5.712838884053624,4.3777297717375925
JR,q,0.5,1.375,5.835021342338621,4.374166768620648
JR,q,0.5,1.3760000000000001,5.964046939352044,4.3718272816321795
JR,q,0.5,1.377,6.100235950716888,4.370679483966404
JR,q,0.5,1.3780000000000001,6.243900712210557,4.3706946415187895
JR,q,0.5,1.379,6.395345619764619,4.371843950721579
JR,q,0.5,1.3800000000000001,6.554798139382716,4.374094868951132
JR,q,0.5,1.381,6.7220651038050345,4.377387256923779
JR,q,0.5,1.3820000000000001,6.897394918972182,4.381624241710475
JR,q,0.5,1.383,7.08091155989762,4.386701164934504
JR,q,0.5,1.3840000000000001,7.272472136253628,4.392522358428429
JR,q,0.5,1.385,7.471666892370986,4.398998283509595
JR,q,0.5,1.3860000000000001,7.677819207239305,4.406042166970939
JR,q,0.5,1.387,7.889985594506685,4.4135629980940125
JR,q,0.5,1.3880000000000001,8.10695570248007,4.421469350907896
JR,q,0.5,1.389,8.327310149243925,4.429668921903118
JR,q,0.5,1.3900000000000001,8.549809563730948,4.438043816004988
JR,q,0.5,1.391,8.7731650641085,4.446464837493487
JR,q,0.5,1.3920000000000001,8.995938907367186,4.454800187344323
JR,q,0.5,1.393,9.216552745476285,4.462933684624565
JR,q,0.5,1.3940000000000001,9.433287625384153,4.470763402259756
JR,q,0.5,1.395,9.644283989017824,4.478198632757579
JR,q,0.5,1.3960000000000001,9.847541673283398,4.485148995441371
JR,q,0.5,1.397,10.040919910065668,4.4915156922254535
JR,q,0.5,1.3980000000000001,10.222410789092446,4.4971977372997305
JR,q,0.5,1.399,10.390914494635286,4.502118655208849
JR,q,0.5,1.4000000000000001,10.545406143237418,4.506235548092745
JR,q,0.5,1.401,10.684896589181669,4.509503887339692
JR,q,0.5,1.4020000000000001,10.808440374133596,4.511872075149245
JR,q,0.5,1.403,10.915135727141243,4.513279336841626
JR,q,0.5,1.4040000000000001,11.004124564635351,4.513668268422466
JR,q,0.5,1.405,11.074592490429168,4.512981033062105
JR,q,0.5,1.4060000000000001,11.125789282908475,4.511171896431535
JR,q,0.5,1.407,11.157546538633149,4.508228187999719
JR,q,0.5,1.408,11.170061080580268,4.504136562131043
JR,q,0.5,1.409,11.163519952953726,4.498891519645835
JR,q,0.5,1.41,11.13814111856426,4.492495678743058
JR,q,0.5,1.411,11.094173458829426,4.4849484256207495
JR,q,0.5,1.412,11.031896773773646,4.476257541727352
JR,q,0.5,1.413,10.951621782028127,4.466445096146204
JR,q,0.5,1.414,10.853690952848233,4.455525496503987
JR,q,0.5,1.415,10.738653555981147,4.443524167028136
JR,q,0.5,1.416,10.607360749140923,4.430480378239958
JR,q,0.5,1.417,10.46066940230238,4.416452381839165
JR,q,0.5,1.418,10.29943016260986,4.401501954328142
JR,q,0.5,1.419,10.124487454376977,4.385677973044734
JR,q,0.5,1.42,9.936679479086887,4.3690335777999465
JR,q,0.5,1.421,9.736838215392005,4.351643230096152
JR,q,0.5,1.422,9.525789419114304,4.333581228034009
JR,q,0.5,1.423,9.30437411415742,4.3149102585558445
JR,q,0.5,1.424,9.073721683651192,4.2957051135230975
JR,q,0.5,1.425,8.834894193826875,4.27603906923836
JR,q,0.5,1.426,8.588917114758278,4.256000796123616
JR,q,0.5,1.427,8.336846880748784,4.235683826243681
JR,q,0.5,1.428,8.079770890331812,4.215181070822032
JR,q,0.5,1.429,7.818807506270355,4.194581729409195
JR,q,0.5,1.43,7.555106055557461,4.1739835305915856
JR,q,0.5,1.431,7.289846829415735,4.153479126729964
JR,q,0.5,1.432,7.024261254532954,4.133167083149703
JR,q,0.5,1.433,6.759635521362947,4.113138721155346
JR,q,0.5,1.434,6.497122798675436,4.09348144679659
JR,q,0.5,1.435,6.23790168163616,4.074282161052717
JR,q,0.5,1.436,5.98319582200892,4.0556294359904035
JR,q,0.5,1.437,5.734273928155115,4.037622953099735
JR,q,0.5,1.438,5.492449765034202,4.0203555007987095
JR,q,0.5,1.439,5.259082154203249,4.003917265070711
JR,q,0.5,1.44,5.035574973817347,3.988381421695079
JR,q,0.5,1.441,4.823099424272765,3.9738145340868094
JR,q,0.5,1.442,4.622589655997871,3.960264893181146
JR,q,0.5,1.443,4.435153976057087,3.947788678669783
JR,q,0.5,1.444,4.2617489609601975,3.936435024100173
JR,q,0.5,1.445,4.103177258676315,3.926247954477648
JR,q,0.5,1.446,3.960087588634206,3.9172553201131244
JR,q,0.5,1.447,3.832974741722005,3.9094774719594394
JR,q,0.5,1.448,3.7221795802874666,3.902925279804042
JR,q,0.5,1.449,3.6278890381377487,3.8976008675500333
JR,q,0.5,1.45,3.550110063600002,3.893487261802531
JR,q,0.5,1.451,3.4885560767281767,3.8905553450436345
JR,q,0.5,1.452,3.4427368457363663,3.888795959886283
JR,q,0.5,1.453,3.411954961655603,3.888182980700937
JR,q,0.5,1.454,3.3953024900741333,3.888684356185603
JR,q,0.5,1.455,3.391660971137348,3.8902403360249354
JR,q,0.5,1.456,3.399661736070481,3.8927779757078946
JR,q,0.5,1.457,3.417668004108812,3.8962170295793386
JR,q,0.5,1.458,3.443929852869008,3.900483420480536
JR,q,0.5,1.459,3.4765878146633433,3.9055011172087006
JR,q,0.5,1.46,3.513672719855176,3.9111826700076646
JR,q,0.5,1.461,3.553085235854251,3.917435675501581
JR,q,0.5,1.462,3.5925892991197017,3.924163372261721
JR,q,0.5,1.463,3.6305430565489445,3.93125839473495
JR,q,0.5,1.464,3.6654979858960495,3.938620788278541
JR,q,0.5,1.465,3.6960766780742347,3.9461728445956212
JR,q,0.5,1.466,3.7209728371558057,3.953820090799238
JR,q,0.5,1.467,3.738951280372195,3.961480398065408
JR,q,0.5,1.468,3.7488803314569665,3.96907114113994
JR,q,0.5,1.469,3.7504869460624377,3.976519004522237
JR,q,0.5,1.47,3.7442698246433928,3.9837560452743683
JR,q,0.5,1.471,3.730677659371173,3.9907331818845386
JR,q,0.5,1.472,3.710074081870463,3.997412721733058
JR,q,0.5,1.473,3.6827376632192728,4.003752893641915
JR,q,0.5,1.474,3.6488619139489717,4.009708459703807
JR,q,0.5,1.475,3.6087761685840576,4.015254372676534
JR,q,0.5,1.476,3.563622851049912,4.020374461058916
JR,q,0.5,1.477,3.514484582443165,4.025060223489323
JR,q,0.5,1.478,3.462240196719865,4.029315177417015
JR,q,0.5,1.479,3.4075712047922337,4.0331315732988955
JR,q,0.5,1.48,3.3509617945287467,4.036511000908309
JR,q,0.5,1.481,3.2926988307540643,4.039453436411958
JR,q,0.5,1.482,3.233109490634874,4.041950981190085
JR,q,0.5,1.483,3.172904780112276,4.043984989938085
JR,q,0.5,1.484,3.1125385929560867,4.045548823182558
JR,q,0.5,1.485,3.0523629156998116,4.046635652183022
JR,q,0.5,1.486,2.9926342137755952,4.047255517054285
JR,q,0.5,1.487,2.933513431514136,4.047432252541365
JR,q,0.5,1.488,2.875065992144769,4.047174335693195
JR,q,0.5,1.489,2.8172617977953855,4.046483957561811
JR,q,0.5,1.49,2.7600788109296417,4.045350706543237
JR,q,0.5,1.491,2.7038026520855496,4.043745891223239
JR,q,0.5,1.492,2.6483426499438103,4.041672826025844
JR,q,0.5,1.493,2.5935938264135583,4.039151673370504
JR,q,0.5,1.494,2.5394927767089346,4.036211926116647
JR,q,0.5,1.495,2.486017669348982,4.032880446280564
JR,q,0.5,1.496,2.433188246157746,4.029160270352748
JR,q,0.5,1.497,2.3810658222641763,4.025050394792421
JR,q,0.5,1.498,2.3297532861022177,4.020563911528639
JR,q,0.5,1.499,2.279392595805687,4.0157197201937125
JR,q,0.5,1.5,2.2299668263066224,4.010559192721757
JR,q,0.5,1.5010000000000001,2.181300883386154,4.005125618798275
JR,q,0.5,1.502,2.1332743752056906,3.9994541589278962
JR,q,0.5,1.5030000000000001,2.085829132350428,3.993573799755146
JR,q,0.5,1.504,2.0389692078294406,3.987517941723896
JR,q,0.5,1.5050000000000001,1.9927608770755967,3.981321593335149
JR,q,0.5,1.506,1.9473326379456353,3.97500774882482
JR,q,0.5,1.5070000000000001,1.9028752107200955,3.9685835457611334
JR,q,0.5,1.508,1.859641538103391,3.962052336858869
JR,q,0.5,1.5090000000000001,1.8178701131732637,3.955426184535176
JR,q,0.5,1.51,1.777388796209852,3.948710955899176
JR,q,0.5,1.5110000000000001,1.7381010417919658,3.9419126919084846
JR,q,0.5,1.512,1.6999726018545438,3.9350438506049255
JR,q,0.5,1.5130000000000001,1.6630040865768132,3.9281156400748545
JR,q,0.5,1.514,1.627230964382357,3.921127454954535
JR,q,0.5,1.5150000000000001,1.5927235619390512,3.914067753701589
JR,q,0.5,1.516,1.5595870641591185,3.906920277012644
JR,q,0.5,1.5170000000000001,1.52796151419908,3.899676711110818
JR,q,0.5,1.518,1.4980218134598013,3.8923344160026847
JR,q,0.5,1.5190000000000001,1.4698386600766833,3.8848909714021214
JR,q,0.5,1.52,1.4432771078812525,3.877368279705938
JR,q,0.5,1.5210000000000001,1.4182729086929449,3.8697818990826063
JR,q,0.5,1.522,1.3947838719574923,3.862145928523376
JR,q,0.5,1.5230000000000001,1.3727896377030726,3.854471352785528
JR,q,0.5,1.524,1.3522916765403448,3.8467741630826464
JR,q,0.5,1.5250000000000001,1.3333132896624162,3.8390807675143996
JR,q,0.5,1.526,1.3158996088448722,3.831430425747625
JR,q,0.5,1.5270000000000001,1.300117596445749,3.8238451717146074
JR,q,0.5,1.528,1.2860457399396275,3.8163380472612327
JR,q,0.5,1.5290000000000001,1.273611910813882,3.8089249670570497
JR,q,0.5,1.53,1.2627040728632952,3.8016274980896525
JR,q,0.5,1.5310000000000001,1.2532416851759463,3.7944683763650153
JR,q,0.5,1.532,1.2451597459478752,3.7874755237860245
JR,q,0.5,1.5330000000000001,1.2384087924830665,3.7806816939181886
JR,q,0.5,1.534,1.232954901193465,3.774119382677629
JR,q,0.5,1.5350000000000001,1.2287796875989612,3.767808865728908
JR,q,0.5,1.536,1.2258803063274053,3.7617792295657533
JR,q,0.5,1.537,1.2242694511145933,3.756053653358026
JR,q,0.5,1.538,1.2239676404089117,3.7506745725080957
JR,q,0.5,1.539,1.2248871450899843,3.7456792477385723
JR,q,0.5,1.54,1.2269237418285641,3.741108809610389
JR,q,0.5,1.541,1.229997741703138,3.7370048661075326
JR,q,0.5,1.542,1.2340398766232612,3.7334120721243096
JR,q,0.5,1.543,1.2389912993295384,3.730369886432752
JR,q,0.5,1.544,1.244803583393642,3.7279142759500785
JR,q,0.5,1.545,1.2514387232183006,3.7260911967168453
JR,q,0.5,1.546,1.2588691340373028,3.7249482452955323
JR,q,0.5,1.547,1.2670776519154945,3.7245238983894016
JR,q,0.5,1.548,1.276057533748788,3.724844108049997
JR,q,0.5,1.549,1.2857899850588188,3.725917011306069
JR,q,0.5,1.55,1.296182011686886,3.7277336737614566
JR,q,0.5,1.551,1.3071677685838345,3.7302665925810623
JR,q,0.5,1.552,1.3186906066728223,3.7334924006442485
JR,q,0.5,1.553,1.3306999703069655,3.737387897477346
JR,q,0.5,1.554,1.3431513972693487,3.7419162134694814
JR,q,0.5,1.555,1.3560065187730137,3.747026848875537
JR,q,0.5,1.556,1.3692330594609805,3.7526546070476354
JR,q,0.5,1.557,1.3828048374062192,3.7587243810603543
JR,q,0.5,1.558,1.3967017641116746,3.765167792392907
JR,q,0.5,1.559,1.4109098445102468,3.771926049339794
JR,q,0.5,1.56,1.4254211611423848,3.7789322727276824
JR,q,0.5,1.561,1.4402002368143973,3.7860867264514777
JR,q,0.5,1.562,1.455192399522372,3.7932920110844943
JR,q,0.5,1.563,1.470364026123307,3.800483912747875
JR,q,0.5,1.564,1.485684488596375,3.807621923395929
JR,q,0.5,1.565,1.5011261540429066,3.8146786379346116
JR,q,0.5,1.566,1.5166643846864107,3.8216234194176075
JR,q,0.5,1.567,1.5322775378725475,3.828419088719763
JR,q,0.5,1.568,1.5479469660691616,3.8350237159021185
JR,q,0.5,1.569,1.5636570168662471,3.8414074479335802
JR,q,0.5,1.57,1.5793950329759805,3.8475490923900026
JR,q,0.5,1.571,1.5951513522326897,3.8534385254925114
JR,q,0.5,1.572,1.6109193075928845,3.859076806908958
JR,q,0.5,1.573,1.626695227135226,3.86446922617272
JR,q,0.5,1.574,1.6424631771267482,3.869618076610925
JR,q,0.5,1.575,1.6581950016653173,3.8745214648589257
JR,q,0.5,1.576,1.6738760719272943,3.8791898968574205
JR,q,0.5,1.577,1.689493381252599,3.8836413394290528
JR,q,0.5,1.578,1.7050355106326642,3.887897005893999
JR,q,0.5,1.579,1.7204926287104079,3.8919959852226453
JR,q,0.5,1.58,1.7358564917802592,3.8959719732636984
JR,q,0.5,1.581,1.7511204437881323,3.89986180371525
JR,q,0.5,1.582,1.7662794163314537,3.903703579639838
JR,q,0.5,1.583,1.781329928659134,3.9075292695589985
JR,q,0.5,1.584,1.7962700876715973,3.911369510658076
JR,q,0.5,1.585,1.8110995879207512,3.9152681519150856
JR,q,0.5,1.586,1.825819711610015,3.9192752634939136
JR,q,0.5,1.587,1.840432860241605,3.9234440174164598
JR,q,0.5,1.588,1.8549271642191392,3.927829514243289
JR,q,0.5,1.589,1.869292014981946,3.932476250232851
JR,q,0.5,1.59,1.8835229892138834,3.9374205916639067
JR,q,0.5,1.591,1.897616772269274,3.9427009506692263
JR,q,0.5,1.592,1.9115711581729289,3.9483564206410016
JR,q,0.5,1.593,1.925385049620124,3.9544272119126567
JR,q,0.5,1.594,1.9390584579766257,3.960959866205727
JR,q,0.5,1.595,1.9525925032786633,3.967995131577167
JR,q,0.5,1.596,1.9659894142329586,3.975569790865555
JR,q,0.5,1.597,1.9792525282166964,3.9837179754020586
JR,q,0.5,1.598,1.9923861404030396,3.9924697655464665
JR,q,0.5,1.599,2.005389820595646,4.001847754654423
JR,q,0.5,1.6,2.0182593741244768,4.0118650080289635
JR,q,0.5,1.601,2.0309921168705496,4.022569200679603
JR,q,0.5,1.602,2.0435865691748902,4.034006419404704
JR,q,0.5,1.603,2.056042455838506,4.046209110992451
JR,q,0.5,1.604,2.068360706122411,4.059197991321783
JR,q,0.5,1.605,2.0805434537476017,4.072998066840974
JR,q,0.5,1.606,2.092594036895083,4.087631768386689
JR,q,0.5,1.607,2.104516998205842,4.10310439733549
JR,q,0.5,1.608,2.116318084780872,4.119417746845188
JR,q,0.5,1.609,2.128004114584562,4.13657356631199
JR,q,0.5,1.61,2.1395770143801287,4.154575187142221
JR,q,0.5,1.611,2.151032236428992,4.173430630076935
JR,q,0.5,1.612,2.162366328496154,4.193127846335546
JR,q,0.5,1.613,2.1735773827412537,4.213646999963496
JR,q,0.5,1.614,2.184665035718601,4.2349522622688
JR,q,0.5,1.615,2.1956304683771424,4.256990572323051
JR,q,0.5,1.616,2.206476406060493,4.279686868570848
JR,q,0.5,1.617,2.2172071185069093,4.3029480347240145
JR,q,0.5,1.618,2.22782841984931,4.326682269269014
JR,q,0.5,1.619,2.2383476686152615,4.350805126634033
JR,q,0.5,1.62,2.248773767726988,4.375228912571029
JR,q,0.5,1.621,2.2591139254172816,4.399838456925893
JR,q,0.5,1.622,2.2693624060477933,4.424521003625554
JR,q,0.5,1.623,2.2795142220024376,4.449159540358889
JR,q,0.5,1.624,2.2895663017882666,4.47362599691732
JR,q,0.5,1.625,2.2995172574161433,4.497782152164511
JR,q,0.5,1.6260000000000001,2.309367384400765,4.52149584497422
JR,q,0.5,1.627,2.3191186617606436,4.544639429876349
JR,q,0.5,1.6280000000000001,2.328774752018122,4.567099764182071
JR,q,0.5,1.629,2.3383410011993604,4.588764156940977
JR,q,0.5,1.6300000000000001,2.347824438834347,4.609520578547385
JR,q,0.5,1.631,2.3572337779568904,4.629275280201808
JR,q,0.5,1.6320000000000001,2.366579311152912,4.647962532420788
JR,q,0.5,1.633,2.3758621031649394,4.665529008870226
JR,q,0.5,1.6340000000000001,2.385074640339263,4.681918831959337
JR,q,0.5,1.635,2.394212741841441,4.697089540174786
JR,q,0.5,1.6360000000000001,2.4032739241670917,4.7109968061200025
JR,q,0.5,1.637,2.412257401141872,4.723578886241718
JR,q,0.5,1.6380000000000001,2.4211640839215005,4.734773048937012
JR,q,0.5,1.639,2.429996580991735,4.744554768222111
JR,q,0.5,1.6400000000000001,2.438759198168391,4.752926013139695
JR,q,0.5,1.641,2.447457938597327,4.759898520979837
JR,q,0.5,1.6420000000000001,2.456100502754459,4.765477795157518
JR,q,0.5,1.643,2.464696288445745,4.769662987577691
JR,q,0.5,1.6440000000000001,2.4732544011680995,4.772451128907458
JR,q,0.5,1.645,2.4817695422460013,4.773841741742188
JR,q,0.5,1.6460000000000001,2.4902356403680592,4.773840016342963
JR,q,0.5,1.647,2.498649072939698,4.772443967331122
JR,q,0.5,1.6480000000000001,2.5070079037773154,4.769674853479633
JR,q,0.5,1.649,2.5153118831082613,4.765578082254159
JR,q,0.5,1.6500000000000001,2.5235624475708605,4.760199899656446
JR,q,0.5,1.651,2.531762720214393,4.753584417074828
JR,q,0.5,1.6520000000000001,2.539917510499108,4.7457849797098275
JR,q,0.5,1.653,2.548033314296214,4.736853412074276
JR,q,0.5,1.6540000000000001,2.5561183138878882,4.726829205809766
JR,q,0.5,1.655,2.564182377967264,4.715747187922928
JR,q,0.5,1.6560000000000001,2.57223148167214,4.703659642833168
JR,q,0.5,1.657,2.5802575634649414,4.690635314470829
JR,q,0.5,1.6580000000000001,2.58825570428904,4.676743188980796
JR,q,0.5,1.659,2.596222783347925,4.662043248519818
JR,q,0.5,1.6600000000000001,2.604157346127545,4.64659298071977
JR,q,0.5,1.661,2.6120596043963067,4.630453758976176
JR,q,0.5,1.6620000000000001,2.6199314362050776,4.613680819918371
JR,q,0.5,1.663,2.627776385887179,4.596322704395492
JR,q,0.5,1.6640000000000001,2.6355996640583967,4.57843257044411
JR,q,0.5,1.665,2.643408147616971,4.560077938890528
JR,q,0.5,1.666,2.6512103797436026,4.541324541336885
JR,q,0.5,1.667,2.659016552154331,4.522237007360183
JR,q,0.5,1.668,2.6668288189899876,4.502883131303953
JR,q,0.5,1.669,2.674639195196099,4.483339214876287
JR,q,0.5,1.67,2.6824433557548235,4.463692664730911
JR,q,0.5,1.671,2.6902386425630604,4.444036466892065
JR,q,0.5,1.672,2.698024064432432,4.4244607693460525
JR,q,0.5,1.673,2.7058002970893016,4.405056439186065
JR,q,0.5,1.674,2.7135696831747564,4.3859355807426335
JR,q,0.5,1.675,2.7213362322446235,4.367217961811399
JR,q,0.5,1.676,2.729105620769455,4.348994227202925
JR,q,0.5,1.677,2.736885192134541,4.331352596129542
JR,q,0.5,1.678,2.7446839566399013,4.314389333840927
JR,q,0.5,1.679,2.7525122382557616,4.298190935068165
JR,q,0.5,1.68,2.760369118720813,4.282840723818114
JR,q,0.5,1.681,2.768247417530294,4.26841423816429
JR,q,0.5,1.682,2.7761432342724737,4.254978087494833
JR,q,0.5,1.683,2.7840543882394235,4.242588484539288
JR,q,0.5,1.684,2.7919804184270025,4.231289371963529
JR,q,0.5,1.685,2.7999225835348707,4.22111312962902
JR,q,0.5,1.686,2.807883861966476,4.212082922326386
JR,q,0.5,1.687,2.8158689518290667,4.2042154434966035
JR,q,0.5,1.688,2.82388427093368,4.197514065542187
JR,q,0.5,1.689,2.8319379567951537,4.191971265307571
JR,q,0.5,1.69,2.8400398666321136,4.187566702917475
JR,q,0.5,1.691,2.8482004164373844,4.1842938113271995
JR,q,0.5,1.692,2.8564163889620544,4.1821397728523575
JR,q,0.5,1.693,2.8646814233914184,4.181090015717647
JR,q,0.5,1.694,2.872992033358916,4.1811145668823535
JR,q,0.5,1.695,2.8813466013098408,4.182171043660502
JR,q,0.5,1.696,2.8897453785013276,4.184198395861169
JR,q,0.5,1.697,2.8981904850023663,4.187123872765722
JR,q,0.5,1.698,2.9066859096937883,4.1908895223588285
JR,q,0.5,1.699,2.915237510268281,4.195442736369845
JR,q,0.5,1.7,2.923853013230369,4.200734295935066
JR,q,0.5,1.701,2.932542013896436,4.206695262026976
JR,q,0.5,1.702,2.9413159763947063,4.213268800870951
JR,q,0.5,1.703,2.9501855024291204,4.220391411165503
JR,q,0.5,1.704,2.959145434775848,4.227971627954505
JR,q,0.5,1.705,2.9681901539219817,4.235917285011238
JR,q,0.5,1.706,2.977316722145148,4.244130506575659
JR,q,0.5,1.707,2.9865243668885673,4.25250474551788
JR,q,0.5,1.708,2.9958144807610325,4.260950643815217
JR,q,0.5,1.709,3.005190621536933,4.26938245153201
JR,q,0.5,1.71,3.0146585121562284,4.277698281557378
JR,q,0.5,1.711,3.024226040724476,4.285816681219633
JR,q,0.5,1.712,3.0339032605128025,4.293654966238209
JR,q,0.5,1.713,3.0437023899579305,4.301129193648801
JR,q,0.5,1.714,3.0536378126621586,4.30815291883532
JR,q,0.5,1.715,3.0637197322952234,4.314647018017789
JR,q,0.5,1.716,3.0739411953270137,4.320544813123183
JR,q,0.5,1.717,3.084297547995978,4.325809457422389
JR,q,0.5,1.718,3.094786923976989,4.3304367350927375
JR,q,0.5,1.719,3.1054101499440954,4.334426930622226
JR,q,0.5,1.72,3.116170745570502,4.337782728649445
JR,q,0.5,1.721,3.1270749235285895,4.340487866991574
JR,q,0.5,1.722,3.1381315894898933,4.342509278699364
JR,q,0.5,1.723,3.149352342125125,4.343835262443247
JR,q,0.5,1.724,3.1607514731041535,4.344480691479411
JR,q,0.5,1.725,3.17234596709602,4.344479682452704
JR,q,0.5,1.726,3.184155238630198,4.343867686806783
JR,q,0.5,1.727,3.1961856106057076,4.342669421275341
JR,q,0.5,1.728,3.208429922514911,4.340903118821143
JR,q,0.5,1.729,3.2208851732689667,4.338578002859586
JR,q,0.5,1.73,3.233551988360459,4.33568837808564
JR,q,0.5,1.731,3.2464346198634146,4.332262046278277
JR,q,0.5,1.732,3.259540946433282,4.328324803199009
JR,q,0.5,1.733,3.2728824733069524,4.323880173489999
JR,q,0.5,1.734,3.286474332302742,4.318919432471669
JR,q,0.5,1.735,3.3003352818204075,4.313424658511668
JR,q,0.5,1.736,3.3144877068411294,4.307386889938121
JR,q,0.5,1.737,3.328957618927532,4.300802351984643
JR,q,0.5,1.738,3.3437689103126496,4.293664925147889
JR,q,0.5,1.739,3.358919236777343,4.285973086544588
JR,q,0.5,1.74,3.374404503646724,4.277729006643315
JR,q,0.5,1.741,3.3902261744805107,4.268933448667756
JR,q,0.5,1.742,3.4063910460337725,4.259574918728301
JR,q,0.5,1.743,3.4229112482569706,4.249654484518493
JR,q,0.5,1.744,3.4398042442959214,4.239186043446748
JR,q,0.5,1.745,3.4570928304918285,4.228196825693981
JR,q,0.5,1.746,3.4748051363812524,4.216730923621066
JR,q,0.5,1.747,3.4929746246961413,4.204835195497033
JR,q,0.5,1.748,3.511640091363799,4.192567124715588
JR,q,0.5,1.749,3.5308427234146698,4.179985435307506
JR,q,0.5,1.75,3.5505931659806844,4.167155001905927
JR,q,0.5,1.7510000000000001,3.570888336541829,4.154127876653798
JR,q,0.5,1.752,3.591733793384419,4.140961381427385
JR,q,0.5,1.7530000000000001,3.6131437055540556,4.127718594534721
JR,q,0.5,1.754,3.6351408528555833,4.114457243693917
JR,q,0.5,1.7550000000000001,3.6577566258531307,4.101243936551535
JR,q,0.5,1.756,3.6810310258700683,4.088150267642
JR,q,0.5,1.7570000000000001,3.705012664989051,4.0752421467847055
JR,q,0.5,1.758,3.7297587660519778,4.062588576401411
JR,q,0.5,1.7590000000000001,3.7553351626600318,4.0502386362628675
JR,q,0.5,1.76,3.78181020588539,4.03823855959192
JR,q,0.5,1.7610000000000001,3.8092051514475296,4.026632727156549
JR,q,0.5,1.762,3.8375252945879064,4.015471253882842
JR,q,0.5,1.7630000000000001,3.866790949385273,4.004811118594452
JR,q,0.5,1.764,3.8970376308954515,3.99470326657789
JR,q,0.5,1.7650000000000001,3.9283160551513916,3.9851973488184727
JR,q,0.5,1.766,3.9606921391631116,3.976329121870183
JR,q,0.5,1.7670000000000001,3.9942470009177584,3.9681338370927492
JR,q,0.5,1.768,4.029076959379548,3.9606579301630354
JR,q,0.5,1.7690000000000001,4.065293534489824,3.9539473028754952
JR,q,0.5,1.77,4.1030231907000605,3.948041562790146
JR,q,0.5,1.7710000000000001,4.142363562158599,3.942958496074682
JR,q,0.5,1.772,4.183340376937879,3.938704514459692
JR,q,0.5,1.7730000000000001,4.225995382936884,3.935288918089203
JR,q,0.5,1.774,4.270398569588956,3.9327175034731914
JR,q,0.5,1.7750000000000001,4.3166481678618585,3.930998410927663
JR,q,0.5,1.776,4.364870650257707,3.9301386196686794
JR,q,0.5,1.7770000000000001,4.4152207308130444,3.930151499829729
JR,q,0.5,1.778,4.4678813650987586,3.9310334800273794
JR,q,0.5,1.7790000000000001,4.523063750220174,3.932764135102877
JR,q,0.5,1.78,4.581006626662773,3.9353240918093393
JR,q,0.5,1.7810000000000001,4.641896939253136,3.9386909563050927
JR,q,0.5,1.782,4.705822982750771,3.9428606132625763
JR,q,0.5,1.7830000000000001,4.772907481160088,3.947832857213642
JR,q,0.5,1.784,4.843318792075154,3.9535967045372513
JR,q,0.5,1.7850000000000001,4.9172709066798115,3.9601310216666747
JR,q,0.5,1.786,4.995023449747549,3.9674087416391774
JR,q,0.5,1.7870000000000001,5.076881679641637,3.975380324432146
JR,q,0.5,1.788,5.163196488314988,3.98399243695447
JR,q,0.5,1.7890000000000001,5.2543644013102995,3.993222158969749
JR,q,0.5,1.79,5.35076324145057,4.003060728516216
JR,q,0.5,1.7910000000000001,5.45255509425442,4.0134864287460505
JR,q,0.5,1.792,5.560065948299504,4.024468005428016
JR,q,0.5,1.793,5.673639431944263,4.035960486150713
JR,q,0.5,1.794,5.7936128701026695,4.047923246055417
JR,q,0.5,1.795,5.920317284244137,4.060329557304056
JR,q,0.5,1.796,6.054077392393715,4.073173306509392
JR,q,0.5,1.797,6.195211609131853,4.086435911728262
JR,q,0.5,1.798,6.344032045594652,4.100099454095149
JR,q,0.5,1.799,6.500830694644404,4.114130746267874
JR,q,0.5,1.8,6.665458385162122,4.128484010239868
JR,q,0.5,1.801,6.838079379039768,4.143119033433097
JR,q,0.5,1.802,7.018893279557591,4.158006270695668
JR,q,0.5,1.803,7.20783466603627,4.173105679425748
JR,q,0.5,1.804,7.404573093837243,4.188364004480565
JR,q,0.5,1.805,7.608513094362363,4.20371587750423
JR,q,0.5,1.806,7.8187941750542524,4.2190944609679235
JR,q,0.5,1.807,8.034290819395938,4.234450791127599
JR,q,0.5,1.808,8.253629098896276,4.249733585514154
JR,q,0.5,1.809,8.475526903348783,4.264873322700925
JR,q,0.5,1.81,8.698747354090429,4.279780782575418
JR,q,0.5,1.811,8.92189778061425,4.294374246464377
JR,q,0.5,1.812,9.143441885382302,4.308559840610773
JR,q,0.5,1.813,9.361699743825254,4.322253750567153
JR,q,0.5,1.814,9.574847804342781,4.335390093756476
JR,q,0.5,1.815,9.78091888830319,4.347913374209413
JR,q,0.5,1.816,9.977802190043784,4.359759950852429
JR,q,0.5,1.817,10.163352785547694,4.370883857851306
JR,q,0.5,1.818,10.336275874056764,4.3812243870326615
JR,q,0.5,1.819,10.495548270842466,4.390719239861679
JR,q,0.5,1.82,10.640158740762082,4.399321314804588
JR,q,0.5,1.821,10.769139276456743,4.406987481326953
JR,q,0.5,1.822,10.881565098351665,4.413680346076982
JR,q,0.5,1.823,10.976554654655928,4.419365799672551
JR,q,0.5,1.824,11.053269621362695,4.4240209456941155
JR,q,0.5,1.825,11.110915190076373,4.4276205853049975
JR,q,0.5,1.826,11.149096808771496,4.430148106931867
JR,q,0.5,1.827,11.167997196708644,4.431589751881774
JR,q,0.5,1.828,11.167786810553821,4.431938357604664
JR,q,0.5,1.829,11.148667441561834,4.43120060515489
JR,q,0.5,1.83,11.110872215576308,4.4293863883652955
JR,q,0.5,1.831,11.054665593029716,4.426516144357953
JR,q,0.5,1.832,10.980343368943306,4.422613319117827
JR,q,0.5,1.833,10.8882326729272,4.417697310597695
JR,q,0.5,1.834,10.77878268599987,4.411797386316455
JR,q,0.5,1.835,10.652802295417468,4.404945271425576
JR,q,0.5,1.836,10.511147568977613,4.397158631282313
JR,q,0.5,1.837,10.354667454113045,4.3884616181752465
JR,q,0.5,1.838,10.184204775556557,4.378907636856137
JR,q,0.5,1.839,10.000596235341268,4.368555476627142
JR,q,0.5,1.84,9.804672412800327,4.357459817656126
JR,q,0.5,1.841,9.597257764567239,4.345677820623611
JR,q,0.5,1.842,9.379172018287909,4.33325712781361
JR,q,0.5,1.843,9.1514636159344,4.320241087380982
JR,q,0.5,1.844,8.915243023264086,4.306656452750101
JR,q,0.5,1.845,8.671527599555231,4.29253810862637
JR,q,0.5,1.846,8.4213650034923,4.277928021997738
JR,q,0.5,1.847,8.165833193166403,4.262871583228255
JR,q,0.5,1.848,7.906040426074837,4.247416440135906
JR,q,0.5,1.849,7.64312525912155,4.231627722688825
JR,q,0.5,1.85,7.378256548616674,4.215564321999557
JR,q,0.5,1.851,7.112640796737635,4.199276958204917
JR,q,0.5,1.852,6.847575344864456,4.182812973469247
JR,q,0.5,1.853,6.584229162748009,4.166216708786866
JR,q,0.5,1.854,6.323768521985732,4.1495279737647905
JR,q,0.5,1.855,6.067405898824992,4.13279912742588
JR,q,0.5,1.856,5.816399974162621,4.116083279043451
JR,q,0.5,1.857,5.572055633545364,4.0994358279466
JR,q,0.5,1.858,5.335723967169439,4.0829261723169425
JR,q,0.5,1.859,5.108802269880972,4.066608128233916
JR,q,0.5,1.86,4.892573059583384,4.050529334343536
JR,q,0.5,1.861,4.6879437831548145,4.034736111578932
JR,q,0.5,1.862,4.496043809572665,4.019283646963174
JR,q,0.5,1.863,4.3178755882544095,4.004227858483723
JR,q,0.5,1.864,4.154289363195296,3.989621538450216
JR,q,0.5,1.865,4.005983172968648,3.9755131790278413
JR,q,0.5,1.866,3.8735028507255933,3.9619537338675292
JR,q,0.5,1.867,3.7572420241953175,3.9489928181254017
JR,q,0.5,1.868,3.657442115684816,3.9366782051299483
JR,q,0.5,1.869,3.574182995033766,3.925054529159441
JR,q,0.5,1.87,3.5072671328025713,3.9141667232378943
JR,q,0.5,1.871,3.456270987155282,3.9040538830975016
JR,q,0.5,1.872,3.420568975412106,3.894726403769965
JR,q,0.5,1.873,3.3993245598200765,3.88618157346934
JR,q,0.5,1.874,3.391490247552923,3.8784279167035147
JR,q,0.5,1.875,3.3957880704963372,3.8714672625242224
JR,q,0.5,1.8760000000000001,3.4106488791208633,3.8652970430562585
JR,q,0.5,1.877,3.4343625247375265,3.859907077251581
JR,q,0.5,1.8780000000000001,3.4651066733414986,3.8552795058837743
JR,q,0.5,1.879,3.500944922970632,3.8513838565788023
JR,q,0.5,1.8800000000000001,3.5398236749474528,3.8481980060826544
JR,q,0.5,1.881,3.5794751085059,3.8456893964710916
JR,q,0.5,1.8820000000000001,3.6181146065436067,3.843815563508926
JR,q,0.5,1.883,3.6542526758904827,3.8425496031448945
JR,q,0.5,1.8840000000000001,3.6864699578340847,3.8418611357779056
JR,q,0.5,1.885,3.713417228119539,3.8417130068318044
JR,q,0.5,1.8860000000000001,3.7338153969496126,3.842057785332802
JR,q,0.5,1.887,3.7464588520124806,3.8428606536061833
JR,q,0.5,1.8880000000000001,3.750745489211038,3.844095466840412
JR,q,0.5,1.889,3.7470931133692282,3.8457371870577104
JR,q,0.5,1.8900000000000001,3.735952182095147,3.847755861327071
JR,q,0.5,1.891,3.7176897990048037,3.850130399813405
JR,q,0.5,1.8920000000000001,3.6925897137220964,3.85282830367097
JR,q,0.5,1.893,3.6608523218788296,3.855814952092041
JR,q,0.5,1.8940000000000001,3.6226850010643474,3.859071558937333
JR,q,0.5,1.895,3.579074318920325,3.8625957980770007
JR,q,0.5,1.8960000000000001,3.5311675631778616,3.8663888921663094
JR,q,0.5,1.897,3.47989482540598,3.870456979729411
JR,q,0.5,1.8980000000000001,3.4259891620163554,3.8747996296241394
JR,q,0.5,1.899,3.3699865942633593,3.879391138091031
JR,q,0.5,1.9000000000000001,3.3122261082439906,3.8842042563155927
JR,q,0.5,1.901,3.2529626932960927,3.8892103999070047
JR,q,0.5,1.9020000000000001,3.1928931857816103,3.8943921900638805
JR,q,0.5,1.903,3.132532233566655,3.8997341499410396
JR,q,0.5,1.9040000000000001,3.072263775200428,3.905237607731173
JR,q,0.5,1.905,3.0123738038279697,3.91089268348069
JR,q,0.5,1.9060000000000001,2.953050367190043,3.9166766809993927
JR,q,0.5,1.907,2.8943835676232386,3.922568844900464
JR,q,0.5,1.9080000000000001,2.836365562059866,3.928572236663818
JR,q,0.5,1.909,2.7789296199922173,3.934684129924737
JR,q,0.5,1.9100000000000001,2.722359125561823,3.9408857180645094
JR,q,0.5,1.911,2.6666330473598165,3.9471543127623585
JR,q,0.5,1.9120000000000001,2.6116398583008564,3.9534761959925406
JR,q,0.5,1.913,2.557308668130167,3.959843481882376
JR,q,0.5,1.9140000000000001,2.503609223423437,3.9662716775276015
JR,q,0.5,1.915,2.450551907586915,3.9727727131006385
JR,q,0.5,1.9160000000000001,2.3981877408573204,3.979352472539284
JR,q,0.5,1.917,2.3466083803019266,3.9860108917769486
JR,q,0.5,1.9180000000000001,2.2959489151202117,3.9927311282363185
JR,q,0.5,1.919,2.2462530677683468,3.999487540997767
JR,q,0.5,1.92,2.1973484472655613,4.006268720837585
JR,q,0.5,1.921,2.149100040174412,4.01308596754268
JR,q,0.5,1.922,2.1014353934698793,4.019952214918543
JR,q,0.5,1.923,2.054344614539291,4.026876731795666
JR,q,0.5,1.924,2.007880371182411,4.03386880432117
JR,q,0.5,1.925,1.962157891611355,4.04093173351456
JR,q,0.5,1.926,1.9173549644506664,4.048072006437704
JR,q,0.5,1.927,1.8737119387372463,4.0553017832135545
JR,q,0.5,1.928,1.8315027310867595,4.062647810248916
JR,q,0.5,1.929,1.7906234162633599,4.070128561720815
JR,q,0.5,1.93,1.7509425574499087,4.077758061951116
JR,q,0.5,1.931,1.7124183280235457,4.08554499423102
JR,q,0.5,1.932,1.675044012788752,4.093491701984423
JR,q,0.5,1.933,1.6388480079772556,4.1016082952616495
JR,q,0.5,1.934,1.6038938212481124,4.109915211668886
JR,q,0.5,1.935,1.5702800716876366,4.118427981615748
JR,q,0.5,1.936,1.5381404898094626,4.127153078531938
JR,q,0.5,1.937,1.5076439175544847,4.136084817493532
JR,q,0.5,1.938,1.4789161565807243,4.1452022038338905
JR,q,0.5,1.939,1.451829894462981,4.15447845422725
JR,q,0.5,1.94,1.4263108554690653,4.1638974438990815
JR,q,0.5,1.941,1.4023126577347762,4.173450017663377
JR,q,0.5,1.942,1.3798108511539233,4.183128594029023
JR,q,0.5,1.943,1.358802917378302,4.192924406936538
JR,q,0.5,1.944,1.3393082698177183,4.202815150755862
JR,q,0.5,1.945,1.3213682536399594,4.212771834928336
JR,q,0.5,1.946,1.3050461457708264,4.222754041308596
JR,q,0.5,1.947,1.290425440999499,4.2327234091250014
JR,q,0.5,1.948,1.2774751242467604,4.2426605833572
JR,q,0.5,1.949,1.2660731434864214,4.252549152408596
JR,q,0.5,1.95,1.2561358571748045,4.262380836999506
JR,q,0.5,1.951,1.247595232315442,4.27215032795421
JR,q,0.5,1.952,1.240398844459107,4.281843996131661
JR,q,0.5,1.953,1.2345098777037897,4.291437358479013
JR,q,0.5,1.954,1.2299071246947104,4.300912612209419
JR,q,0.5,1.955,1.2265849866243146,4.310251627066987
JR,q,0.5,1.956,1.2245534732322776,4.319435909484685
JR,q,0.5,1.957,1.2238368181609127,4.328443860778873
JR,q,0.5,1.958,1.2243745259956054,4.337266984006374
JR,q,0.5,1.959,1.2260530317225342,4.345901741997123
JR,q,0.5,1.96,1.228790353553685,4.354335981338238
JR,q,0.5,1.961,1.2325149911167168,4.362555252738331
JR,q,0.5,1.962,1.2371659254549519,4.370553170001824
JR,q,0.5,1.963,1.2426926190273848,4.378330213330756
JR,q,0.5,1.964,1.2490550157086782,4.385878436556247
JR,q,0.5,1.965,1.2562235407891649,4.393173403622861
JR,q,0.5,1.966,1.2641791009748413,4.400194429998331
JR,q,0.5,1.967,1.2729130843873797,4.4069317746649626
JR,q,0.5,1.968,1.2824162292605559,4.413400991804521
JR,q,0.5,1.969,1.2926025373353394,4.419616659697407
JR,q,0.5,1.97,1.303400139883645,4.42559104453406
JR,q,0.5,1.971,1.3147508943068154,4.431338355448
JR,q,0.5,1.972,1.32660279954559,4.436862236244795
JR,q,0.5,1.973,1.3389099960801252,4.442175920134869
JR,q,0.5,1.974,1.3516327659299687,4.447310282042994
JR,q,0.5,1.975,1.3647375326540878,4.452317690219912
JR,q,0.5,1.976,1.378196861350843,4.457250001766481
JR,q,0.5,1.977,1.3919894586580117,4.462159213262039
JR,q,0.5,1.978,1.4061001727527627,4.467083691842099
JR,q,0.5,1.979,1.4205199933516859,4.472063879303316
JR,q,0.5,1.98,1.4352236869504944,4.477150628701648
JR,q,0.5,1.981,1.4501516334241655,4.482392406393729
JR,q,0.5,1.982,1.4652687976892942,4.487849774708646
JR,q,0.5,1.983,1.480543732050151,4.493592076149324
JR,q,0.5,1.984,1.495948013303411,4.499686378121101
JR,q,0.5,1.985,1.5114562427381828,4.506186870425688
JR,q,0.5,1.986,1.5270460461359812,4.513131066748842
JR,q,0.5,1.987,1.5426980737707563,4.52055607386373
JR,q,0.5,1.988,1.5583960004088642,4.52850379879383
JR,q,0.5,1.989,1.5741265253090941,4.537001973722652
JR,q,0.5,1.99,1.5898793722226423,4.5460484282485405
JR,q,0.5,1.991,1.6056472893931386,4.555655177152833
JR,q,0.5,1.992,1.6214260495566206,4.565834246704379
JR,q,0.5,1.993,1.6372016241025227,4.576579378003874
JR,q,0.5,1.994,1.6529406678215555,4.587886946416026
JR,q,0.5,1.995,1.6686310502514532,4.599738406268518
JR,q,0.5,1.996,1.6842623698668748,4.612094785260267
JR,q,0.5,1.997,1.6998251642250661,4.624910892924065
JR,q,0.5,1.998,1.7153109099658272,4.638123346127454
JR,q,0.5,1.999,1.730712022811547,4.651665781120929
JR,q,0.5,2.0,1.7460218575671678,4.665467637235945
JR,q,0.75,0.0,0.0,0.0
JR,q,0.75,0.001,0.017990921313896083,0.017997417287279688
JR,q,0.75,0.002,0.06699730565049196,0.06701774479159021
JR,q,0.75,0.003,0.14045973885441188,0.14049517373980602
JR,q,0.75,0.004,0.2327758925253963,0.232822907182083
JR,q,0.75,0.005,0.3391467665575065,0.33919931702982603
JR,q,0.75,0.006,0.4556763216494468,0.45572694859576524
JR,q,0.75,0.007,0.5790872052282761,0.5791273446462545
JR,q,0.75,0.008,0.7065458469540349,0.7065667042631337
JR,q,0.75,0.009000000000000001,0.8356705126035322,0.8356651689224196
JR,q,0.75,0.01,0.9646679688934109,0.9646301349866967
JR,q,0.75,0.011,1.0921240480795442,1.0920472556843837
JR,q,0.75,0.012,1.2168226999259575,1.216701242635989
JR,q,0.75,0.013000000000000001,1.337744059358272,1.337573184222561
JR,q,0.75,0.014,1.4540858664838612,1.4538663627827526
JR,q,0.75,0.015,1.5654015560618453,1.5651326597516266
JR,q,0.75,0.016,1.6714127902277987,1.6710932016273352
JR,q,0.75,0.017,1.7718992783103384,1.7715282005939448
JR,q,0.75,0.018000000000000002,1.8666984640568238,1.8662755900532273
JR,q,0.75,0.019,1.9557055147810125,1.9552310663435324
JR,q,0.75,0.02,2.038903600270405,2.03838710366092
JR,q,0.75,0.021,2.116486925105935,2.1159317023370376
JR,q,0.75,0.022,2.1887020134002735,2.1881103856544004
JR,q,0.75,0.023,2.2557870681479426,2.2551610643859923
JR,q,0.75,0.024,2.3179719712253117,2.31731324599772
JR,q,0.75,0.025,2.375478283390603,2.3747880346484105
JR,q,0.75,0.026000000000000002,2.428519244283886,2.427798161673813
JR,q,0.75,0.027,2.4773105035022436,2.4765697127538284
JR,q,0.75,0.028,2.522175632474855,2.521423423904991
JR,q,0.75,0.029,2.5634658626924933,2.562708136684033
JR,q,0.75,0.03,2.6015071801121255,2.600746578549748
JR,q,0.75,0.031,2.6366039893199096,2.6358404442873766
JR,q,0.75,0.032,2.669039113531198,2.668270421004581
JR,q,0.75,0.033,2.699073794590533,2.698296188131439
JR,q,0.75,0.034,2.7269476929716507,2.7261564174204533
JR,q,0.75,0.035,2.752878887777479,2.7520689808603214
JR,q,0.75,0.036000000000000004,2.777068575182264,2.77625328622062
JR,q,0.75,0.037,2.7997753921795407,2.798960929250551
JR,q,0.75,0.038,2.8212118814870024,2.8203983942250135
JR,q,0.75,0.039,2.841556696710787,2.8407461454210385
JR,q,0.75,0.04,2.860978759055259,2.8601745695611296
JR,q,0.75,0.041,2.8796372573230067,2.878844007514237
JR,q,0.75,0.042,2.8976816479148413,2.8969047542957727
JR,q,0.75,0.043000000000000003,2.9152516548298033,2.914497068432545
JR,q,0.75,0.044,2.932477269665156,2.931754982400157
JR,q,0.75,0.045,2.949495050491377,2.948806758777654
JR,q,0.75,0.046,2.966383601962658,2.9657226125210188
JR,q,0.75,0.047,2.9831733587490397,2.982539348896436
JR,q,0.75,0.048,2.999901539832936,2.9992989968228403
JR,q,0.75,0.049,3.01661224731011,3.016050120206647
JR,q,0.75,0.05,3.0333564663896695,3.032847817941757
JR,q,0.75,0.051000000000000004,3.0501920653940715,3.04975372390954
JR,q,0.75,0.052000000000000005,3.067183795759119,3.0668360053886516
JR,q,0.75,0.053,3.084403292033961,3.084165744940057
JR,q,0.75,0.054,3.101909333797149,3.1017821326744
JR,q,0.75,0.055,3.1196704737891845,3.1196547962088603
JR,q,0.75,0.056,3.1376401110632104,3.1377429719086716
JR,q,0.75,0.057,3.155789186260005,3.1560230088888206
JR,q,0.75,0.058,3.1741061909314414,3.174488878852374
JR,q,0.75,0.059000000000000004,3.192597167540486,3.1931521760904698
JR,q,0.75,0.06,3.2112857094612024,3.212042117482326
JR,q,0.75,0.061,3.2302129609787493,3.2312055424952257
JR,q,0.75,0.062,3.249437617289379,3.250704423321829
JR,q,0.75,0.063,3.26901760284518,3.2705735156211726
JR,q,0.75,0.064,3.2889083458247463,3.2907705509654845
JR,q,0.75,0.065,3.3090597770117345,3.3112511909010305
JR,q,0.75,0.066,3.329442234328202,3.3319907238180866
JR,q,0.75,0.067,3.350043665310112,3.3529826505307145
JR,q,0.75,0.068,3.3708696271073384,3.37423868427675
JR,q,0.75,0.069,3.3919432864836643,3.3957887507178106
JR,q,0.75,0.07,3.4133054198167794,3.417680987939298
JR,q,0.75,0.07100000000000001,3.435014413098285,3.439981745680038
JR,q,0.75,0.07200000000000001,3.457145702714429,3.4627644149861947
JR,q,0.75,0.073,3.479721111677929,3.486035727424379
JR,q,0.75,0.074,3.5027042263275625,3.509769617410118
JR,q,0.75,0.075,3.5260832506011264,3.5339604061216057
JR,q,0.75,0.076,3.549861675856617,3.558619195576561
JR,q,0.75,0.077,3.5740582808722294,3.5837737621642134
JR,q,0.75,0.078,3.598707131846359,3.6094685566453126
JR,q,0.75,0.079,3.6238575823975987,3.635764704152117
JR,q,0.75,0.08,3.649574273564741,3.662740004188405
JR,q,0.75,0.081,3.675937133806779,3.6904888861050584
JR,q,0.75,0.082,3.703035676791513,3.719100413322951
JR,q,0.75,0.083,3.730890349095046,3.7485901422537586
JR,q,0.75,0.084,3.7594952810496056,3.7789657939609484
JR,q,0.75,0.085,3.7888647361352454,3.8102562280602705
JR,q,0.75,0.08600000000000001,3.8190301981093624,3.8425102486486713
JR,q,0.75,0.08700000000000001,3.8500403710066973,3.8757966043042824
JR,q,0.75,0.088,3.8819611791393323,3.9102039880864146
JR,q,0.75,0.089,3.9148757670966927,3.945841037535573
JR,q,0.75,0.09,3.9488844997455477,3.982836334673446
JR,q,0.75,0.091,3.9841049622300098,4.021333474848092
JR,q,0.75,0.092,4.020659473123377,4.061446958817615
JR,q,0.75,0.093,4.058588442283151,4.103231087718603
JR,q,0.75,0.094,4.097911987003822,4.1467403695853084
JR,q,0.75,0.095,4.1386770997389135,4.192058539977882
JR,q,0.75,0.096,4.180957591944576,4.239298028630746
JR,q,0.75,0.097,4.224854094079588,4.288599959452577
JR,q,0.75,0.098,4.270494055605353,4.340134150526324
JR,q,0.75,0.099,4.3180317449859,4.394099114109198
JR,q,0.75,0.1,4.367648249687887,4.4507148161247505
JR,q,0.75,0.101,4.419551471517699,4.510152441225374
JR,q,0.75,0.10200000000000001,4.47392759151913,4.572606046282141
JR,q,0.75,0.10300000000000001,4.530846535479807,4.638222814223166
JR,q,0.75,0.10400000000000001,4.59039396213643,4.7071449886071415
JR,q,0.75,0.105,4.652699909705685,4.779529796197876
JR,q,0.75,0.106,4.717938795884219,4.8555495376188516
JR,q,0.75,0.107,4.786329417848664,4.935391587072731
JR,q,0.75,0.108,4.858134952255613,5.0192583923413565
JR,q,0.75,0.109,4.933662955241637,5.107366937666867
JR,q,0.75,0.11,5.013265362423281,5.1998645669874115
JR,q,0.75,0.111,5.097302166715593,5.296892224841084
JR,q,0.75,0.112,5.185956773211043,5.398582818655205
JR,q,0.75,0.113,5.279459586982174,5.505037422474195
JR,q,0.75,0.114,5.378085017896456,5.616271235370428
JR,q,0.75,0.115,5.482139609850418,5.73222758330182
JR,q,0.75,0.116,5.591962040769661,5.852780371128846
JR,q,0.75,0.117,5.7079231226088485,5.977734072728478
JR,q,0.75,0.11800000000000001,5.830425801351711,6.106824047576431
JR,q,0.75,0.11900000000000001,5.959905157011039,6.239785354728577
JR,q,0.75,0.12,6.096774303892586,6.376394448889474
JR,q,0.75,0.121,6.2408559165544855,6.516263192443575
JR,q,0.75,0.122,6.39261622801942,6.659092651364723
JR,q,0.75,0.123,6.552583838140659,6.804543208395403
JR,q,0.75,0.124,6.721063780531519,6.952159309303994
JR,q,0.75,0.125,6.898137522565359,7.101379640627056
JR,q,0.75,0.126,7.083662965375584,7.251543234588009
JR,q,0.75,0.127,7.277274443855646,7.401891551552508
JR,q,0.75,0.128,7.478382726659038,7.5516878479397676
JR,q,0.75,0.129,7.686175016199305,7.700294631845548
JR,q,0.75,0.13,7.89961800298984,7.84715209673308
JR,q,0.75,0.131,8.117687377727059,7.9916740730816365
JR,q,0.75,0.132,8.33946005448653,8.13332782482786
JR,q,0.75,0.133,8.56382101250193,8.271554329283232
JR,q,0.75,0.134,8.789452985538588,8.405715909872168
JR,q,0.75,0.135,9.014836461893495,8.535104703218893
JR,q,0.75,0.136,9.23824968439531,8.658959854536798
JR,q,0.75,0.137,9.457768650404342,8.776563413737783
JR,q,0.75,0.138,9.671267111812565,8.887238819898482
JR,q,0.75,0.139,9.876416575043613,8.990474857140761
JR,q,0.75,0.14,10.071043667483881,9.085887197769829
JR,q,0.75,0.14100000000000001,10.25404757579961,9.173134480871006
JR,q,0.75,0.14200000000000002,10.42426530580958,9.251876525662468
JR,q,0.75,0.14300000000000002,10.580555046135622,9.321771668259794
JR,q,0.75,0.14400000000000002,10.721812234944302,9.3824646001114
JR,q,0.75,0.145,10.846969559946935,9.433606193680625
JR,q,0.75,0.146,10.954996958399573,9.47488178277626
JR,q,0.75,0.147,11.044901617103005,9.506041318961769
JR,q,0.75,0.148,11.115740053829738,9.526963965289584
JR,q,0.75,0.149,11.16715126239865,9.537647338935578
JR,q,0.75,0.15,11.199230470424249,9.538161877066
JR,q,0.75,0.151,11.212055054456176,9.528612316135357
JR,q,0.75,0.152,11.205738329802621,9.50907433245666
JR,q,0.75,0.153,11.180429550530286,9.479640853729274
JR,q,0.75,0.154,11.136313909464421,9.44046923295411
JR,q,0.75,0.155,11.0736125381888,9.39174609447071
JR,q,0.75,0.156,10.992582740014521,9.333672402280593
JR,q,0.75,0.157,10.893684206609077,9.26651148260674
JR,q,0.75,0.158,10.77772107592135,9.190583620619734
JR,q,0.75,0.159,10.645513119897782,9.106264643991103
JR,q,0.75,0.16,10.49787473478582,9.013963072976596
JR,q,0.75,0.161,10.335614941133915,8.914121975409783
JR,q,0.75,0.162,10.159537383791523,8.807199893253806
JR,q,0.75,0.163,9.970440331909106,8.693669168392333
JR,q,0.75,0.164,9.769116678938136,8.574014778774798
JR,q,0.75,0.165,9.556377495837552,8.448765262358641
JR,q,0.75,0.166,9.33332402411977,8.318428232360247
JR,q,0.75,0.167,9.101013259439124,8.183551406520513
JR,q,0.75,0.168,8.860469466398605,8.044702176501655
JR,q,0.75,0.169,8.612739427392803,7.902498854157004
JR,q,0.75,0.17,8.358892442607893,7.757602539633949
JR,q,0.75,0.171,8.100020330021646,7.610719455230734
JR,q,0.75,0.17200000000000001,7.837237425403423,7.462525759278415
JR,q,0.75,0.17300000000000001,7.5716805823141655,7.313682023315501
JR,q,0.75,0.17400000000000002,7.304572249502259,7.164880190109651
JR,q,0.75,0.17500000000000002,7.0371694587426585,7.01672723549901
JR,q,0.75,0.176,6.770585994966396,6.869793457563812
JR,q,0.75,0.177,6.505988502826906,6.72466017104212
JR,q,0.75,0.178,6.244602522793304,6.5818921238193555
JR,q,0.75,0.179,5.987712491150379,6.4420367210636735
JR,q,0.75,0.18,5.736661739998576,6.305618316365431
JR,q,0.75,0.181,5.492852497254017,6.173085979609962
JR,q,0.75,0.182,5.257735333705565,6.044804132124779
JR,q,0.75,0.183,5.03240768825842,5.921078491904281
JR,q,0.75,0.184,4.81799770708006,5.802104474883837
JR,q,0.75,0.185,4.615678706048172,5.687968325140852
JR,q,0.75,0.186,4.426498166009161,5.578691428519769
JR,q,0.75,0.187,4.251377732778156,5.474232797592816
JR,q,0.75,0.188,4.091113217139011,5.374499713782442
JR,q,0.75,0.189,3.9463745948442934,5.279292955560855
JR,q,0.75,0.19,3.8177060066152997,5.188354033975688
JR,q,0.75,0.191,3.705514196171684,5.101436118435135
JR,q,0.75,0.192,3.6099458324098777,5.018238436326518
JR,q,0.75,0.193,3.53095575982087,4.938399053963491
JR,q,0.75,0.194,3.468297828073819,4.861532488068609
JR,q,0.75,0.195,3.421510889815927,4.787223291378375
JR,q,0.75,0.196,3.38991878880411,4.71503692953393
JR,q,0.75,0.197,3.3726040697801345,4.644605109667144
JR,q,0.75,0.198,3.3683759465228675,4.575664733206961
JR,q,0.75,0.199,3.3758463018238025,4.50793116170665
JR,q,0.75,0.2,3.3934417166201776,4.441108829787529
JR,q,0.75,0.201,3.4194034699949682,4.374957887014536
JR,q,0.75,0.202,3.451747027728633,4.309236332008279
JR,q,0.75,0.203,3.4883723512210487,4.2436968189501245
JR,q,0.75,0.20400000000000001,3.5273594808408113,4.178184757243935
JR,q,0.75,0.20500000000000002,3.566831471781267,4.112617674570135
JR,q,0.75,0.20600000000000002,3.604947404413913,4.046863512422409
JR,q,0.75,0.20700000000000002,3.639902384288387,3.980857812175582
JR,q,0.75,0.20800000000000002,3.6699272922958492,3.914571253944853
JR,q,0.75,0.209,3.693213428837442,3.8479754240573616
JR,q,0.75,0.21,3.709172417038868,3.7810928703582385
JR,q,0.75,0.211,3.717795796874949,3.714047016622433
JR,q,0.75,0.212,3.7190199784832707,3.647017012016265
JR,q,0.75,0.213,3.7127262421641767,3.5800952733540283
JR,q,0.75,0.214,3.6987407383807636,3.513402109540845
JR,q,0.75,0.215,3.676834487758885,3.4470346667444223
JR,q,0.75,0.216,3.6469748097424652,3.3811164607339963
JR,q,0.75,0.217,3.6103722010264594,3.3158462335009116
JR,q,0.75,0.218,3.5681643358559203,3.251437417954453
JR,q,0.75,0.219,3.521272721210744,3.1880792653536365
JR,q,0.75,0.22,3.4704361073931036,3.12597257130098
JR,q,0.75,0.221,3.4162104880274846,3.065273005820808
JR,q,0.75,0.222,3.3589691000606514,3.0060594905963693
JR,q,0.75,0.223,3.299202333769026,2.948395885460168
JR,q,0.75,0.224,3.2377816571957307,2.8923664471343953
JR,q,0.75,0.225,3.1753869225064495,2.8380572264589823
JR,q,0.75,0.226,3.112554376440647,2.7855802986320297
JR,q,0.75,0.227,3.049676728006272,2.7350252465356264
JR,q,0.75,0.228,2.9870031484797455,2.6864361217737938
JR,q,0.75,0.229,2.9246392714059777,2.639827585025482
JR,q,0.75,0.23,2.862547533957743,2.595155475314448
JR,q,0.75,0.231,2.800977748246492,2.5523250728908264
JR,q,0.75,0.232,2.7401985347941107,2.5112490601271604
JR,q,0.75,0.233,2.6801731887977702,2.471855421141139
JR,q,0.75,0.234,2.620884602764743,2.434066473680514
JR,q,0.75,0.23500000000000001,2.5623352665124024,2.397800184801512
JR,q,0.75,0.23600000000000002,2.5045472671682276,2.362976740500534
JR,q,0.75,0.23700000000000002,2.4475622891697935,2.329536752487144
JR,q,0.75,0.23800000000000002,2.3914416142647834,2.2974470026465634
JR,q,0.75,0.23900000000000002,2.336278710983539,2.266696750062805
JR,q,0.75,0.24,2.2821925892016903,2.2372249953960215
JR,q,0.75,0.241,2.2290152154050737,2.2089661748535745
JR,q,0.75,0.242,2.176584071203285,2.1818666692144673
JR,q,0.75,0.243,2.1248049092125605,2.1558760688964753
JR,q,0.75,0.244,2.073651753055799,2.130956310217349
JR,q,0.75,0.245,2.0231668973625503,2.107093931963897
JR,q,0.75,0.246,1.9734609077690077,2.0843008269837275
JR,q,0.75,0.247,1.9247126209180276,2.0626281520454266
JR,q,0.75,0.248,1.8771691444591116,2.0421502553974413
JR,q,0.75,0.249,1.8311082845551674,2.0229092867258034
JR,q,0.75,0.25,1.7864140861478823,2.0048832393413853
JR,q,0.75,0.251,1.7429500954155799,1.9880248602670199
JR,q,0.75,0.252,1.7006653677810348,1.9723035325012852
JR,q,0.75,0.253,1.6595501438323677,1.9576896792390397
JR,q,0.75,0.254,1.6196358493230356,1.9441996710247418
JR,q,0.75,0.255,1.5809950951718363,1.9318756678535203
JR,q,0.75,0.256,1.5437416774629096,1.920764970225834
JR,q,0.75,0.257,1.5080305774457345,1.9109041129126938
JR,q,0.75,0.258,1.4740579615351272,1.9022914264634299
JR,q,0.75,0.259,1.441966710878277,1.8949263338057099
JR,q,0.75,0.26,1.4116124364071032,1.888791512799675
JR,q,0.75,0.261,1.3829194717163302,1.8838538330907804
JR,q,0.75,0.262,1.3558431478778719,1.8800866815334318
JR,q,0.75,0.263,1.3303633230584326,1.877459897216093
JR,q,0.75,0.264,1.3064843825195123,1.8759588596320733
JR,q,0.75,0.265,1.2842352386174003,1.8755856371714885
JR,q,0.75,0.266,1.2636693308031806,1.876355853212661
JR,q,0.75,0.267,1.2448646256227276,1.8782689282729566
JR,q,0.75,0.268,1.2279200129071821,1.881310052359378
JR,q,0.75,0.269,1.2127938573564112,1.8854675292109944
JR,q,0.75,0.27,1.1993582537578158,1.8907135852199428
JR,q,0.75,0.271,1.1875263011829693,1.8970088473109643
JR,q,0.75,0.272,1.1772282944032657,1.904311517584109
JR,q,0.75,0.273,1.1684117238899177,1.912592185947099
JR,q,0.75,0.274,1.1610412758139583,1.9218351245201655
JR,q,0.75,0.275,1.1550988320462476,1.932032945537622
JR,q,0.75,0.276,1.1505834701574598,1.9431832581320372
JR,q,0.75,0.277,1.147511463418092,1.9552713136373345
JR,q,0.75,0.278,1.145909858879893,1.968274436510514
JR,q,0.75,0.279,1.1456906715688815,1.982175842491786
JR,q,0.75,0.28,1.146737058683323,1.996957708366142
JR,q,0.75,0.281,1.1489606179439784,2.0126067915687047
JR,q,0.75,0.28200000000000003,1.1522846969732576,2.029110616330766
JR,q,0.75,0.28300000000000003,1.1566443932952177,2.046465022026961
JR,q,0.75,0.28400000000000003,1.1619865543355647,2.064675974691884
JR,q,0.75,0.28500000000000003,1.168269777421651,2.0837538598115115
JR,q,0.75,0.28600000000000003,1.1754644097824771,2.103708740841401
JR,q,0.75,0.28700000000000003,1.1835525485486897,2.124539512751086
JR,q,0.75,0.28800000000000003,1.1925280407525856,2.1462494782084542
JR,q,0.75,0.289,1.2023627881739243,2.168847724591613
JR,q,0.75,0.29,1.2129513557008682,2.1923468689547674
JR,q,0.75,0.291,1.2242211249013666,2.216760000480966
JR,q,0.75,0.292,1.2361081165594907,2.242106007759451
JR,q,0.75,0.293,1.2485554207877758,2.2684095046635933
JR,q,0.75,0.294,1.2615131970272282,2.2957030169238384
JR,q,0.75,0.295,1.2749386740473163,2.32402068027462
JR,q,0.75,0.296,1.2887961499459788,2.353385805464102
JR,q,0.75,0.297,1.30305699214962,2.383817410706831
JR,q,0.75,0.298,1.3176996374131145,2.415352304374416
JR,q,0.75,0.299,1.3327095918197989,2.4480248966129334
JR,q,0.75,0.3,1.3480765684072802,2.481865068529928
JR,q,0.75,0.301,1.363743325040173,2.5168932552175995
JR,q,0.75,0.302,1.37965676074751,2.5531197121222307
JR,q,0.75,0.303,1.3957783192955118,2.5905450471677742
JR,q,0.75,0.304,1.4120730105295332,2.629160261947167
JR,q,0.75,0.305,1.428509410374069,2.6689470679952114
JR,q,0.75,0.306,1.4450596608327495,2.7098763205513525
JR,q,0.75,0.307,1.4616994699883432,2.7519024287099385
JR,q,0.75,0.308,1.4784081120027555,2.794987605827821
JR,q,0.75,0.309,1.4951684271170285,2.839076967106037
JR,q,0.75,0.31,1.511966821651344,2.884084074956542
JR,q,0.75,0.311,1.5287932680050167,2.929888797679343
JR,q,0.75,0.312,1.5456413046565016,2.976335837871198
JR,q,0.75,0.313,1.5625048941440105,3.023236315710985
JR,q,0.75,0.314,1.5793506835058153,3.0703778229680996
JR,q,0.75,0.315,1.5961557664782693,3.1175532846359135
JR,q,0.75,0.316,1.6129040136578983,3.16457259762966
JR,q,0.75,0.317,1.6295810754176157,3.2112408917057524
JR,q,0.75,0.318,1.646174381906718,3.257351691796352
JR,q,0.75,0.319,1.6626731430508892,3.30268361383133
JR,q,0.75,0.32,1.6790683485522,3.347000321588207
JR,q,0.75,0.321,1.6953527678891063,3.390047962431712
JR,q,0.75,0.322,1.7115209503164492,3.431561481282401
JR,q,0.75,0.323,1.7275692248654564,3.471296586578287
JR,q,0.75,0.324,1.7434957003437428,3.5090693651691702
JR,q,0.75,0.325,1.7593002653353085,3.5447342416833982
JR,q,0.75,0.326,1.774984588200537,3.578161899798525
JR,q,0.75,0.327,1.7905451080835384,3.609228521311365
JR,q,0.75,0.328,1.8059642740273434,3.637814616697926
JR,q,0.75,0.329,1.8212362920269483,3.663804179990821
JR,q,0.75,0.33,1.8363570936307854,3.6870884467826186
JR,q,0.75,0.331,1.8513237279696724,3.707582726433575
JR,q,0.75,0.332,1.8661343617568056,3.725255642690459
JR,q,0.75,0.333,1.880788279287768,3.7401130160419314
JR,q,0.75,0.334,1.89528588244052,3.7521826968923535
JR,q,0.75,0.335,1.9096286906754094,3.7615021600406617
JR,q,0.75,0.336,1.9238193410351645,3.7681115025467977
JR,q,0.75,0.337,1.9378615881448944,3.772052848208686
JR,q,0.75,0.338,1.951757009502432,3.773371868804268
JR,q,0.75,0.339,1.9655016606841347,3.772127784046337
JR,q,0.75,0.34,1.9790928081410777,3.7684057742510397
JR,q,0.75,0.341,1.992528904979861,3.762318746953456
JR,q,0.75,0.342,2.0058095908881173,3.753987059652472
JR,q,0.75,0.343,2.0189356921345056,3.743532715336053
JR,q,0.75,0.34400000000000003,2.031909221568716,3.7310837136877946
JR,q,0.75,0.34500000000000003,2.0447333786214656,3.7167633178320703
JR,q,0.75,0.34600000000000003,2.0574125493045026,3.700689086569075
JR,q,0.75,0.34700000000000003,2.069952306210602,3.6829764532532367
JR,q,0.75,0.34800000000000003,2.0823593617227645,3.6637495252906236
JR,q,0.75,0.34900000000000003,2.094636888437797,3.643148241889408
JR,q,0.75,0.35000000000000003,2.1067808781448325,3.621306364399369
JR,q,0.75,0.35100000000000003,2.1187879933255407,3.598359185359545
JR,q,0.75,0.352,2.1306564605697726,3.5744509219936016
JR,q,0.75,0.353,2.142386070575558,3.5497284391366857
JR,q,0.75,0.354,2.1539781781491025,3.524341454051373
JR,q,0.75,0.355,2.165435702204791,3.4984423139573777
JR,q,0.75,0.356,2.1767631257651865,3.4721863750373854
JR,q,0.75,0.357,2.187966495961031,3.445736260315714
JR,q,0.75,0.358,2.199053424031245,3.4192574031917915
JR,q,0.75,0.359,2.2100330853229253,3.3929060774008115
JR,q,0.75,0.36,2.220912843300185,3.366843741912094
JR,q,0.75,0.361,2.2316871624846533,3.3412390211419227
JR,q,0.75,0.362,2.242351225474621,3.3162575433361057
JR,q,0.75,0.363,2.2529021364916972,3.292065165893691
JR,q,0.75,0.364,2.2633387267834046,3.268827922291086
JR,q,0.75,0.365,2.2736615546231773,3.246713568145475
JR,q,0.75,0.366,2.2838729053103606,3.225881734611079
JR,q,0.75,0.367,2.293976791170213,3.206462929221154
JR,q,0.75,0.368,2.3039789515539035,3.1885846316739914
JR,q,0.75,0.369,2.3138868528385137,3.1723737591272676
JR,q,0.75,0.37,2.323709688427037,3.157929763468608
JR,q,0.75,0.371,2.3334580673327094,3.145331781097697
JR,q,0.75,0.372,2.343131637480138,3.1346365500548994
JR,q,0.75,0.373,2.3527232233888253,3.1258758454804187
JR,q,0.75,0.374,2.362228877402861,3.119059228907011
JR,q,0.75,0.375,2.371646394047883,3.1141713201570296
JR,q,0.75,0.376,2.380975310031072,3.111173894114205
JR,q,0.75,0.377,2.3902169042411567,3.11000465815539
JR,q,0.75,0.378,2.3993741977484113,3.1105821328526755
JR,q,0.75,0.379,2.408451953804654,3.1127997268967276
JR,q,0.75,0.38,2.4174566778432514,3.116528212719827
JR,q,0.75,0.381,2.4263966174791127,3.1216179380455675
JR,q,0.75,0.382,2.435281762508696,3.1279059389574413
JR,q,0.75,0.383,2.4441199783965333,3.1352156936924684
JR,q,0.75,0.384,2.4529042541230637,3.1433578590650764
JR,q,0.75,0.385,2.4616292062340186,3.1521432865201895
JR,q,0.75,0.386,2.4702915112963724,3.1613883069259923
JR,q,0.75,0.387,2.4788895821391996,3.170932473444237
JR,q,0.75,0.388,2.4874235678536727,3.1806354196328748
JR,q,0.75,0.389,2.49589535379306,3.1903755083706016
JR,q,0.75,0.39,2.504308561572732,3.2000585904800958
JR,q,0.75,0.391,2.512668549070155,3.209601859960196
JR,q,0.75,0.392,2.520982410424896,3.218938737116894
JR,q,0.75,0.393,2.5292589760386193,3.2280296322584165
JR,q,0.75,0.394,2.5375087864176242,3.236866185181335
JR,q,0.75,0.395,2.5457339575166555,3.2454667742519616
JR,q,0.75,0.396,2.5539263518403765,3.2538867503081805
JR,q,0.75,0.397,2.562081505991844,3.262187085558021
JR,q,0.75,0.398,2.570196662870108,3.2704232838768803
JR,q,0.75,0.399,2.5782707716702085,3.278666620290579
JR,q,0.75,0.4,2.586304487883179,3.2870029082890166
JR,q,0.75,0.401,2.594300173296044,3.295520835836568
JR,q,0.75,0.402,2.6022618959918202,3.3043343344720957
JR,q,0.75,0.403,2.610195430349518,3.313560326783728
JR,q,0.75,0.404,2.6181082570441356,3.3232931525797693
JR,q,0.75,0.405,2.6260095630466678,3.3336154757749368
JR,q,0.75,0.406,2.6339095172615496,3.344606378987209
JR,q,0.75,0.40700000000000003,2.641805370192213,3.3563305065556643
JR,q,0.75,0.40800000000000003,2.6496900687316853,3.36884806529295
JR,q,0.75,0.40900000000000003,2.657559687211334,3.382225665718823
JR,q,0.75,0.41000000000000003,2.665411987948958,3.396509491200199
JR,q,0.75,0.41100000000000003,2.6732464212487907,3.411734221025295
JR,q,0.75,0.41200000000000003,2.6810641254015013,3.4279272276615154
JR,q,0.75,0.41300000000000003,2.6888679266841913,3.4451073385482975
JR,q,0.75,0.41400000000000003,2.6966623393603966,3.4632844176710695
JR,q,0.75,0.41500000000000004,2.7044535656800868,3.4824695412107975
JR,q,0.75,0.41600000000000004,2.712249495879665,3.5026614314728506
JR,q,0.75,0.417,2.7200597081819704,3.5238440855517066
JR,q,0.75,0.418,2.7278933342599396,3.5459944018868983
JR,q,0.75,0.419,2.7357447683564637,3.569093620925008
JR,q,0.75,0.42,2.7436080732321866,3.593121183758471
JR,q,0.75,0.421,2.7514798102291134,3.6180493101745803
JR,q,0.75,0.422,2.759358256812804,3.6438543433362764
JR,q,0.75,0.423,2.7672434065723626,3.6705088810537414
JR,q,0.75,0.424,2.775136969220448,3.6979845621366327
JR,q,0.75,0.425,2.783042370593265,3.726259257004027
JR,q,0.75,0.426,2.7909647526505696,3.7553130655265154
JR,q,0.75,0.427,2.798910973475667,3.7851180271497724
JR,q,0.75,0.428,2.806889607275413,3.8156390077588394
JR,q,0.75,0.429,2.814910944380212,3.8468306580569487
JR,q,0.75,0.43,2.8229827842083584,3.878647398987234
JR,q,0.75,0.431,2.831098017886733,3.911047424189559
JR,q,0.75,0.432,2.8392515895687715,3.9440067642097567
JR,q,0.75,0.433,2.8474405539819703,3.9774976618954656
JR,q,0.75,0.434,2.8556637921390093,4.0114798828886356
JR,q,0.75,0.435,2.8639220113377526,4.04589949465082
JR,q,0.75,0.436,2.872217745161249,4.080691954127875
JR,q,0.75,0.437,2.8805553534777344,4.115786768122697
JR,q,0.75,0.438,2.888941022440625,4.151112583618417
JR,q,0.75,0.439,2.8973827644885257,4.186595048021243
JR,q,0.75,0.44,2.9058904183452237,4.222154851829746
JR,q,0.75,0.441,2.914475649019694,4.25772447422865
JR,q,0.75,0.442,2.923144494545016,4.293239380630868
JR,q,0.75,0.443,2.9318893089882274,4.328637351823853
JR,q,0.75,0.444,2.9407056698735268,4.363854396697966
JR,q,0.75,0.445,2.949591240995158,4.398817869984414
JR,q,0.75,0.446,2.95854575671585,4.433452199641646
JR,q,0.75,0.447,2.9675710219668123,4.467682653298027
JR,q,0.75,0.448,2.9766709122477417,4.50143496721499
JR,q,0.75,0.449,2.9858513736268155,4.534639589004425
JR,q,0.75,0.45,2.995120422740696,4.56725516552126
JR,q,0.75,0.451,3.0044881467945266,4.599254619771327
JR,q,0.75,0.452,3.013966703561937,4.630616217383547
JR,q,0.75,0.453,3.0235701555240544,4.661324608456572
JR,q,0.75,0.454,3.0333018085174466,4.691357209982226
JR,q,0.75,0.455,3.043154294801366,4.720708613539504
JR,q,0.75,0.456,3.0531238189102394,4.749399828056849
JR,q,0.75,0.457,3.0632091027807316,4.777456177517866
JR,q,0.75,0.458,3.073411385751745,4.804900003888234
JR,q,0.75,0.459,3.0837344245644163,4.8317777898409275
JR,q,0.75,0.46,3.0941844933621216,4.858141996745846
JR,q,0.75,0.461,3.1047703836904708,4.884045504954664
JR,q,0.75,0.462,3.115503404497314,4.90953752642488
JR,q,0.75,0.463,3.126397382132735,4.934669597843192
JR,q,0.75,0.464,3.1374686603490543,4.959506961315663
JR,q,0.75,0.465,3.1487342902874675,4.984131572195888
JR,q,0.75,0.466,3.16019322539668,5.008644165674156
JR,q,0.75,0.467,3.1718391810281337,5.033128800845971
JR,q,0.75,0.468,3.1836698445970186,5.057674357719258
JR,q,0.75,0.46900000000000003,3.195686210097102,5.082385746186828
JR,q,0.75,0.47000000000000003,3.2078925781007315,5.107353828626292
JR,q,0.75,0.47100000000000003,3.220296555758825,5.132641133958323
JR,q,0.75,0.47200000000000003,3.232909056800884,5.1582931054244145
JR,q,0.75,0.47300000000000003,3.2457443015349825,5.184350389738569
JR,q,0.75,0.47400000000000003,3.2588198168477747,5.210858860322991
JR,q,0.75,0.47500000000000003,3.272156436204491,5.23785289284231
JR,q,0.75,0.47600000000000003,3.2857782996489364,5.2653411687709015
JR,q,0.75,0.47700000000000004,3.2997020747824006,5.2933510784682225
JR,q,0.75,0.47800000000000004,3.3139215992301194,5.321908309936662
JR,q,0.75,0.47900000000000004,3.3284337201679994,5.351023603973726
JR,q,0.75,0.48,3.343240023716273,5.380678635262613
JR,q,0.75,0.481,3.358346829716565,5.41082781332021
JR,q,0.75,0.482,3.3737651917318883,5.441415375329882
JR,q,0.75,0.483,3.389510897046648,5.472366155902197
JR,q,0.75,0.484,3.405604466666639,5.503561544816396
JR,q,0.75,0.485,3.422071155319046,5.534888381693992
JR,q,0.75,0.486,3.438940951452445,5.566272060233854
JR,q,0.75,0.487,3.456248577236804,5.597649637831431
JR,q,0.75,0.488,3.4740282643948244,5.628958985398978
JR,q,0.75,0.489,3.4922829525541816,5.660131104032144
JR,q,0.75,0.49,3.5110096529881916,5.69108921636886
JR,q,0.75,0.491,3.530213030839655,5.721758987595512
JR,q,0.75,0.492,3.5499051866564213,5.752045721091576
JR,q,0.75,0.493,3.570105656391397,5.781832053061614
JR,q,0.75,0.494,3.590841411402538,5.811027918868749
JR,q,0.75,0.495,3.6121468584528564,5.839581883012064
JR,q,0.75,0.496,3.634063839710414,5.867449770510572
JR,q,0.75,0.497,3.656641632748327,5.894578233489548
JR,q,0.75,0.498,3.6799369505447643,5.920907357880816
JR,q,0.75,0.499,3.7040070685657898,5.946373949331112
JR,q,0.75,0.5,3.728865489150985,5.970926371076724
JR,q,0.75,0.501,3.7545150178296436,5.994503972334366
JR,q,0.75,0.502,3.780971285173244,6.017016459903838
JR,q,0.75,0.503,3.808262732179172,6.038423244321486
JR,q,0.75,0.504,3.8364306102707157,6.058695219628828
JR,q,0.75,0.505,3.86552898129707,6.077797389287217
JR,q,0.75,0.506,3.8956247175333343,6.095692658258396
JR,q,0.75,0.507,3.9267975016805137,6.112332322954005
JR,q,0.75,0.508,3.959139826865517,6.127679618456362
JR,q,0.75,0.509,3.9927569328948227,6.1416949390259665
JR,q,0.75,0.51,4.027734189979882,6.154316247674788
JR,q,0.75,0.511,4.064090226260228,6.165486109246502
JR,q,0.75,0.512,4.101853618897355,6.175192992243399
JR,q,0.75,0.513,4.141076592349665,6.183438470711553
JR,q,0.75,0.514,4.181835018372462,6.190224349686783
JR,q,0.75,0.515,4.224228416017951,6.195568048236171
JR,q,0.75,0.516,4.268379951635244,6.199492132962432
JR,q,0.75,0.517,4.314436438870357,6.202019245928916
JR,q,0.75,0.518,4.362568338666207,6.203168746097876
JR,q,0.75,0.519,4.412969759262617,6.202968877665629
JR,q,0.75,0.52,4.46582068765727,6.201484468437237
JR,q,0.75,0.521,4.521192491709049,6.198822054528708
JR,q,0.75,0.522,4.5791663402449245,6.195100977732957
JR,q,0.75,0.523,4.6398649425700995,6.190437063503059
JR,q,0.75,0.524,4.703452541244838,6.184963459238875
JR,q,0.75,0.525,4.770134912084456,6.178837679083101
JR,q,0.75,0.526,4.8401593641593355,6.172222203272389
JR,q,0.75,0.527,4.913814739794913,6.165295208114332
JR,q,0.75,0.528,4.991431414571682,6.158249838936223
JR,q,0.75,0.529,5.0733737031158705,6.1512848981722446
JR,q,0.75,0.53,5.159859444713723,6.144602166164695
JR,q,0.75,0.531,5.2510913685855485,6.138393263356417
JR,q,0.75,0.532,5.3473337905217235,6.132822575042708
JR,q,0.75,0.533,5.448879710882992,6.128056126677661
JR,q,0.75,0.534,5.556050814600471,6.124249865920912
JR,q,0.75,0.535,5.669197471175635,6.121532017984477
JR,q,0.75,0.536,5.788698734680342,6.120002592712841
JR,q,0.75,0.537,5.914962343756806,6.119735974541867
JR,q,0.75,0.538,6.048424721617616,6.120796375085057
JR,q,0.75,0.539,6.189144360176363,6.123208390348949
JR,q,0.75,0.54,6.337161799621389,6.126975336806777
JR,q,0.75,0.541,6.493102776083919,6.132073715400563
JR,q,0.75,0.542,6.657371879031193,6.1384518910026875
JR,q,0.75,0.543,6.830144774328866,6.1460248022311
JR,q,0.75,0.544,7.011368204241022,6.1546532372729015
JR,q,0.75,0.545,7.20075998743016,6.164163351574633
JR,q,0.75,0.546,7.397809018957205,6.174350072375425
JR,q,0.75,0.547,7.601775270281503,6.1850044543498575
JR,q,0.75,0.548,7.811689789260821,6.195909780035997
JR,q,0.75,0.549,8.026420396573428,6.2068097687781565
JR,q,0.75,0.55,8.24505551015708,6.217432662538969
JR,q,0.75,0.551,8.466573744601504,6.22751120420865
JR,q,0.75,0.552,8.68975183177621,6.236781075620713
JR,q,0.75,0.553,8.91317530860638,6.244972906345509
JR,q,0.75,0.554,9.135238517072882,6.2518268358608635
JR,q,0.75,0.555,9.354144604212266,6.257102177009651
JR,q,0.75,0.556,9.56790552211676,6.260557139573732
JR,q,0.75,0.557,9.774342027934274,6.261960663078859
JR,q,0.75,0.558,9.971116747078334,6.261123088597409
JR,q,0.75,0.559,10.15668104284357,6.257925556200259
JR,q,0.75,0.56,10.329971474046417,6.252288100985206
JR,q,0.75,0.561,10.489855687575645,6.244151266465027
JR,q,0.75,0.562,10.635239727797423,6.233483098942145
JR,q,0.75,0.5630000000000001,10.765068036555338,6.220256183822186
JR,q,0.75,0.5640000000000001,10.878323453170403,6.204493587118917
JR,q,0.75,0.5650000000000001,10.974027214441023,6.186212563774001
JR,q,0.75,0.5660000000000001,11.051238954643035,6.165436422518817
JR,q,0.75,0.5670000000000001,11.10922506696157,6.142202457783863
JR,q,0.75,0.5680000000000001,11.148001080301368,6.116582040894571
JR,q,0.75,0.5690000000000001,11.167646195251681,6.088663773773385
JR,q,0.75,0.5700000000000001,11.16826430898719,6.058546737773315
JR,q,0.75,0.5710000000000001,11.1499949437545,6.026326398063919
JR,q,0.75,0.5720000000000001,11.113013246872145,5.992126495094863
JR,q,0.75,0.5730000000000001,11.057529990730576,5.9560720378620235
JR,q,0.75,0.5740000000000001,10.983791572792173,5.918242963040818
JR,q,0.75,0.5750000000000001,10.892114551546227,5.878713138214384
JR,q,0.75,0.5760000000000001,10.783174059863182,5.837572317476344
JR,q,0.75,0.577,10.657791990502474,5.794900532420653
JR,q,0.75,0.578,10.516781665277591,5.75078012538012
JR,q,0.75,0.579,10.360951682255076,5.705316342579732
JR,q,0.75,0.58,10.191105915754465,5.658588050398023
JR,q,0.75,0.581,10.0080435163483,5.61065379988438
JR,q,0.75,0.582,9.81255891086213,5.561541220396963
JR,q,0.75,0.583,9.605441802374513,5.511281622198925
JR,q,0.75,0.584,9.387621238992674,5.459923300966386
JR,q,0.75,0.585,9.160231749606686,5.407540091801399
JR,q,0.75,0.586,8.924283707802802,5.354249356204835
JR,q,0.75,0.587,8.680808889670397,5.3001703521975125
JR,q,0.75,0.588,8.43086291551819,5.245399716290482
JR,q,0.75,0.589,8.175525249874246,5.190053946631185
JR,q,0.75,0.59,7.915899201485958,5.134254723388412
JR,q,0.75,0.591,7.65311192332007,5.078120824899006
JR,q,0.75,0.592,7.38832377797258,5.021795988438073
JR,q,0.75,0.593,7.122824717442736,4.96549765477545
JR,q,0.75,0.594,6.857762304354367,4.909464862729869
JR,q,0.75,0.595,6.594275632430955,4.853903818094761
JR,q,0.75,0.596,6.3335601607847725,4.799008892055716
JR,q,0.75,0.597,6.076867713916904,4.744952221847638
JR,q,0.75,0.598,5.82550648171722,4.691902898226731
JR,q,0.75,0.599,5.580841019464401,4.640058791110773
JR,q,0.75,0.6,5.34429224782593,4.589653466534885
JR,q,0.75,0.601,5.1171748298162605,4.540907308440751
JR,q,0.75,0.602,4.900464633214089,4.494005548828313
JR,q,0.75,0.603,4.695378375947996,4.449109890667811
JR,q,0.75,0.604,4.503019753735003,4.40634402282977
JR,q,0.75,0.605,4.324356136810138,4.3658209560069166
JR,q,0.75,0.606,4.160218569926393,4.327617903829923
JR,q,0.75,0.607,4.011301772354766,4.291810713778123
JR,q,0.75,0.608,3.878164137884248,4.258462343835764
JR,q,0.75,0.609,3.7612277348218157,4.22763277459196
JR,q,0.75,0.61,3.6607782893936864,4.19932860659946
JR,q,0.75,0.611,3.576877037163932,4.173503414382139
JR,q,0.75,0.612,3.509311530759746,4.1500731790138365
JR,q,0.75,0.613,3.457688510858027,4.128923164912353
JR,q,0.75,0.614,3.421400755439425,4.109943718989524
JR,q,0.75,0.615,3.3996270797883454,4.0930113626287365
JR,q,0.75,0.616,3.3913275175361406,4.078000295507053
JR,q,0.75,0.617,3.3951802894124867,4.064768564827604
JR,q,0.75,0.618,3.409653341440883,4.053154856225767
JR,q,0.75,0.619,3.4330689363202147,4.0429683616331396
JR,q,0.75,0.62,3.4636022636402792,4.034002208007013
JR,q,0.75,0.621,3.4992808836041256,4.026035503558684
JR,q,0.75,0.622,3.5378295167247202,4.018866315695467
JR,q,0.75,0.623,3.577291839383154,4.012307286809266
JR,q,0.75,0.624,3.616037633598804,4.00619251244385
JR,q,0.75,0.625,3.6524881519364314,4.0003611292982
JR,q,0.75,0.626,3.6851161175061335,3.9946490727989654
JR,q,0.75,0.627,3.7124457239633877,3.988902966440746
JR,q,0.75,0.628,3.7330526355090186,3.9829906071444747
JR,q,0.75,0.629,3.7456564868963724,3.976795301822593
JR,q,0.75,0.63,3.7500765599237447,3.970240385594989
JR,q,0.75,0.631,3.7467489502748563,3.9632771931535613
JR,q,0.75,0.632,3.7360335616721265,3.9558454282400377
JR,q,0.75,0.633,3.7182041191266606,3.9478963562874103
JR,q,0.75,0.634,3.693448168938234,3.9394172270842343
JR,q,0.75,0.635,3.6618670786952805,3.930403556273606
JR,q,0.75,0.636,3.623726992595497,3.9208625202025167
JR,q,0.75,0.637,3.5802259127899383,3.9108194284259024
JR,q,0.75,0.638,3.5324595547113997,3.900301126448024
JR,q,0.75,0.639,3.481316941063417,3.889336975144545
JR,q,0.75,0.64,3.427492342977903,3.8779698005008214
JR,q,0.75,0.641,3.371485280015131,3.8662623010591908
JR,q,0.75,0.642,3.313600520163746,3.854280401677335
JR,q,0.75,0.643,3.254216847075927,3.842073151915132
JR,q,0.75,0.644,3.194063827236061,3.8296764483942614
JR,q,0.75,0.645,3.1336355059536665,3.817115577203049
JR,q,0.75,0.646,3.0733175396888157,3.804418924639317
JR,q,0.75,0.647,3.013389187203602,3.791611689235774
JR,q,0.75,0.648,2.9540233095621247,3.778723982602442
JR,q,0.75,0.649,2.895286370130494,3.7657890407793455
JR,q,0.75,0.65,2.8371384345768274,3.7528235787061566
JR,q,0.75,0.651,2.7795949381014076,3.7398185410360525
JR,q,0.75,0.652,2.7229508500404815,3.726759937975991
JR,q,0.75,0.653,2.6671100319761045,3.7136323399550486
JR,q,0.75,0.654,2.6119835997184584,3.7004378440254357
JR,q,0.75,0.655,2.557519982496858,3.687176111790186
JR,q,0.75,0.656,2.5037049229597574,3.673831960209118
JR,q,0.75,0.657,2.45056147717475,3.6603964656088976
JR,q,0.75,0.658,2.3981500146285644,3.6468585924335053
JR,q,0.75,0.659,2.3465682182270697,3.6332015164435556
JR,q,0.75,0.66,2.2959514370083767,3.619411681775302
JR,q,0.75,0.661,2.246239669014054,3.6054872949604952
JR,q,0.75,0.662,2.197254888658591,3.5914458424305002
JR,q,0.75,0.663,2.1488812481716675,3.57730507580865
JR,q,0.75,0.664,2.1010666022723807,3.5630895656787867
JR,q,0.75,0.665,2.053822508169267,3.5488267599794745
JR,q,0.75,0.666,2.007224225560286,3.5345335031570695
JR,q,0.75,0.667,1.9614107166328267,3.520237209855262
JR,q,0.75,0.668,1.9165846460637095,3.505983499433199
JR,q,0.75,0.669,1.8730123810191817,3.491793828688783
JR,q,0.75,0.67,1.8308800161096777,3.4776890526976523
JR,q,0.75,0.671,1.78997942768164,3.4636894981626485
JR,q,0.75,0.672,1.7502358566277696,3.4498082430575825
JR,q,0.75,0.673,1.7116203278185687,3.436051881023455
JR,q,0.75,0.674,1.6741398735816828,3.422446167384869
JR,q,0.75,0.675,1.6378375337019184,3.4090118722481435
JR,q,0.75,0.676,1.6027923554212276,3.3957661646859596
JR,q,0.75,0.677,1.5691193934387169,3.3827140686453703
JR,q,0.75,0.678,1.5369697099106432,3.3698447054962757
JR,q,0.75,0.679,1.5065287947060728,3.3571399035179117
JR,q,0.75,0.68,1.4778145097285078,3.344587990421268
JR,q,0.75,0.681,1.45070160414084,3.3321655968845256
JR,q,0.75,0.682,1.4251312527302247,3.319846312420836
JR,q,0.75,0.683,1.4010669176173867,3.3075978533245785
JR,q,0.75,0.684,1.3784943482566403,3.295392919726638
JR,q,0.75,0.685,1.357421581435874,3.2832194410884
JR,q,0.75,0.686,1.3378789412765526,3.2710604776254284
JR,q,0.75,0.687,1.319919039233726,3.258896036359725
JR,q,0.75,0.6880000000000001,1.3036167740960192,3.246698747659315
JR,q,0.75,0.6890000000000001,1.2890439238215388,3.234441880035925
JR,q,0.75,0.6900000000000001,1.2761005421461764,3.222112456944154
JR,q,0.75,0.6910000000000001,1.2646840582244367,3.2097103284825756
JR,q,0.75,0.6920000000000001,1.2547174228459301,3.197249866000139
JR,q,0.75,0.6930000000000001,1.2461394342475192,3.1847543502015156
JR,q,0.75,0.6940000000000001,1.2389047381133187,3.1722411567380537
JR,q,0.75,0.6950000000000001,1.2329838275746994,3.159736713629778
JR,q,0.75,0.6960000000000001,1.2283630432102877,3.147281309229372
JR,q,0.75,0.6970000000000001,1.2250445730459605,3.1349314063227216
JR,q,0.75,0.6980000000000001,1.2230464525548497,3.1227515707292666
JR,q,0.75,0.6990000000000001,1.2223813159694865,3.110811787720045
JR,q,0.75,0.7000000000000001,1.2229395643850198,3.0991747435579384
JR,q,0.75,0.7010000000000001,1.2246248839514005,3.087904984817775
JR,q,0.75,0.7020000000000001,1.2273590137318484,3.0770724962907483
JR,q,0.75,0.7030000000000001,1.2310743816147873,3.066745007576096
JR,q,0.75,0.704,1.2357141043138533,3.0569930297321575
JR,q,0.75,0.705,1.2412319873678888,3.0478899871458998
JR,q,0.75,0.706,1.2475925251409432,3.039504504725031
JR,q,0.75,0.707,1.254770900822276,3.0318923967680824
JR,q,0.75,0.708,1.2627529864263538,3.025107755737377
JR,q,0.75,0.709,1.2715353427928493,3.0191898947906477
JR,q,0.75,0.71,1.2810791478360608,3.014163318693664
JR,q,0.75,0.711,1.2912899594301113,3.010046317280141
JR,q,0.75,0.712,1.3021049124422044,3.0068588638142506
JR,q,0.75,0.713,1.3134675547004004,3.00461985955836
JR,q,0.75,0.714,1.3253277397528436,3.003339932336371
JR,q,0.75,0.715,1.33764162686776,3.003027484087479
JR,q,0.75,0.716,1.3503716810334545,3.0036783336677586
JR,q,0.75,0.717,1.3634866729583193,3.005278617369108
JR,q,0.75,0.718,1.3769616790708241,3.0078099384168633
JR,q,0.75,0.719,1.3907780815195219,3.011250726474201
JR,q,0.75,0.72,1.40492356817305,3.015577738413821
JR,q,0.75,0.721,1.4193888289270822,3.020767992168377
JR,q,0.75,0.722,1.4341204944255734,3.0267962360584524
JR,q,0.75,0.723,1.449072152427318,3.0336416041188237
JR,q,0.75,0.724,1.4642097919732642,3.041284717667484
JR,q,0.75,0.725,1.4795025273412614,3.0497064286942264
JR,q,0.75,0.726,1.4949225980460579,3.0588888073783864
JR,q,0.75,0.727,1.5104453688393011,3.068814226097542
JR,q,0.75,0.728,1.526049329709536,3.079473253149978
JR,q,0.75,0.729,1.5417160958822076,3.090856149622727
JR,q,0.75,0.73,1.5574304078196577,3.102949639473895
JR,q,0.75,0.731,1.5731801312211302,3.115742906178704
JR,q,0.75,0.732,1.5889562570227662,3.129217881777395
JR,q,0.75,0.733,1.6047529013976032,3.1433544048939486
JR,q,0.75,0.734,1.620565429855609,3.158131168920241
JR,q,0.75,0.735,1.6363655765934992,3.173528123672432
JR,q,0.75,0.736,1.6521316632561351,3.189519681514938
JR,q,0.75,0.737,1.6678490743823353,3.206079831559801
JR,q,0.75,0.738,1.6835048084454054,3.223183291597881
JR,q,0.75,0.739,1.6990874778531393,3.2407984825869143
JR,q,0.75,0.74,1.7145873089478196,3.258897325698642
JR,q,0.75,0.741,1.7299961420062204,3.277448132683807
JR,q,0.75,0.742,1.7453074312395995,3.2964061707166707
JR,q,0.75,0.743,1.760516244793708,3.3157193538934076
JR,q,0.75,0.744,1.775619264748784,3.3353349650447552
JR,q,0.75,0.745,1.7906147871195528,3.3551949830029573
JR,q,0.75,0.746,1.80550272185523,3.375238412637765
JR,q,0.75,0.747,1.8202845928395215,3.3954085593840047
JR,q,0.75,0.748,1.8349592926371239,3.41566102229973
JR,q,0.75,0.749,1.8495105076249452,3.435954279362221
JR,q,0.75,0.75,1.863931706430011,3.4562401354962784
JR,q,0.75,0.751,1.8782187474800272,3.47646403489417
JR,q,0.75,0.752,1.8923685797039784,3.4965670333316843
JR,q,0.75,0.753,1.9063792425321227,3.5164911258659406
JR,q,0.75,0.754,1.9202498658959937,3.536182726386577
JR,q,0.75,0.755,1.9339806702284008,3.555593123693099
JR,q,0.75,0.756,1.9475729664634294,3.5746783519554337
JR,q,0.75,0.757,1.9610291560364406,3.5933967071516837
JR,q,0.75,0.758,1.974352730884069,3.6117090278009725
JR,q,0.75,0.759,1.9875468306825343,3.6295757360024323
JR,q,0.75,0.76,2.000608049940085,3.6469571640320386
JR,q,0.75,0.761,2.0135329398129906,3.663816332362434
JR,q,0.75,0.762,2.026319345749261,3.68011975380119
JR,q,0.75,0.763,2.0389662942684743,3.695836412126632
JR,q,0.75,0.764,2.051473992961785,3.710934912937919
JR,q,0.75,0.765,2.063843830491917,3.72538317486141
JR,q,0.75,0.766,2.07607837659317,3.7391532384024777
JR,q,0.75,0.767,2.088181382071412,3.7522203446334026
JR,q,0.75,0.768,2.1001577788040873,3.764562331743831
JR,q,0.75,0.769,2.1120136797402105,3.776156005640428
JR,q,0.75,0.77,2.1237548841683855,3.7869826918530287
JR,q,0.75,0.771,2.1353791048178885,3.797028007996606
JR,q,0.75,0.772,2.1468821082513103,3.806279896504528
JR,q,0.75,0.773,2.1582611990502145,3.814730037659656
JR,q,0.75,0.774,2.1695152147040706,3.8223745814692967
JR,q,0.75,0.775,2.1806445256102522,3.829215213532901
JR,q,0.75,0.776,2.191651035074038,3.835253268412414
JR,q,0.75,0.777,2.202538179308611,3.8404903156707606
JR,q,0.75,0.778,2.2133109274350593,3.844936256974526
JR,q,0.75,0.779,2.2239757814823737,3.8486139168831306
JR,q,0.75,0.78,2.234540776387451,3.8515513022905417
JR,q,0.75,0.781,2.2450152895681965,3.853781411085369
JR,q,0.75,0.782,2.255400034342508,3.8553389310063064
JR,q,0.75,0.783,2.265688507100352,3.8562617922856632
JR,q,0.75,0.784,2.2758767825524036,3.856591711873181
JR,q,0.75,0.785,2.2859626154802997,3.856375620916166
JR,q,0.75,0.786,2.2959454407366353,3.8556646407810744
JR,q,0.75,0.787,2.3058263732449698,3.8545199441361366
JR,q,0.75,0.788,2.3156082079998193,3.85300832859667
JR,q,0.75,0.789,2.3252954200666647,3.851199035570963
JR,q,0.75,0.79,2.3348941645819434,3.8491645887241983
JR,q,0.75,0.791,2.344412276753057,3.8469793030269877
JR,q,0.75,0.792,2.353859271858367,3.844717260954239
JR,q,0.75,0.793,2.3632436170964195,3.842453653104397
JR,q,0.75,0.794,2.3725592386325065,3.840265461703126
JR,q,0.75,0.795,2.3818005661575534,3.8382338722155867
JR,q,0.75,0.796,2.3909642636910413,3.8364433678150522
JR,q,0.75,0.797,2.400048691454088,3.834977776722767
JR,q,0.75,0.798,2.4090539058694524,3.833918287247768
JR,q,0.75,0.799,2.4179816595615327,3.8333427536357307
JR,q,0.75,0.8,2.4268354013563678,3.833328804905
JR,q,0.75,0.801,2.4356202762816332,3.8339551695382688
JR,q,0.75,0.802,2.4443431255666472,3.8352995492703057
JR,q,0.75,0.803,2.4530124866423657,3.837441960575088
JR,q,0.75,0.804,2.4616385867485353,3.8404585687779678
JR,q,0.75,0.805,2.470224303637525,3.8444172033847845
JR,q,0.75,0.806,2.4787617360779266,3.8493857931234174
JR,q,0.75,0.807,2.4872464138542782,3.8554202349154725
JR,q,0.75,0.808,2.495675555478857,3.8625734137196486
JR,q,0.75,0.809,2.50404806819168,3.870903368049292
JR,q,0.75,0.81,2.512364547960508,3.8804666556807597
JR,q,0.75,0.811,2.520627279480842,3.8913150707656627
JR,q,0.75,0.812,2.528840236175926,3.9034994053906833
JR,q,0.75,0.8130000000000001,2.5370090801967433,3.9170640298105877
JR,q,0.75,0.8140000000000001,2.5451411624220204,3.9320363356978687
JR,q,0.75,0.8150000000000001,2.5532455224582242,3.9484369924504814
JR,q,0.75,0.8160000000000001,2.561332165409453,3.966280189796006
JR,q,0.75,0.8170000000000001,2.5693983840201975,3.9855785301160696
JR,q,0.75,0.8180000000000001,2.577437181537432,4.006349491396248
JR,q,0.75,0.8190000000000001,2.585444602044783,4.028610216683596
JR,q,0.75,0.8200000000000001,2.5934183580167423,4.052369646114964
JR,q,0.75,0.8210000000000001,2.6013578303186686,4.077633774441876
JR,q,0.75,0.8220000000000001,2.609264068206788,4.104399228256648
JR,q,0.75,0.8230000000000001,2.6171397893281907,4.132648493507176
JR,q,0.75,0.8240000000000001,2.6249893797208355,4.1623748769336295
JR,q,0.75,0.8250000000000001,2.632818893813545,4.193568532823909
JR,q,0.75,0.8260000000000001,2.640636054426009,4.226215993571339
JR,q,0.75,0.8270000000000001,2.648450252768785,4.26030582213336
JR,q,0.75,0.8280000000000001,2.6562702756172247,4.2958213063464585
JR,q,0.75,0.8290000000000001,2.664090206419469,4.3327343298931185
JR,q,0.75,0.8300000000000001,2.6719041470981018,4.371012303332443
JR,q,0.75,0.8310000000000001,2.67970860870589,4.410611773038281
JR,q,0.75,0.8320000000000001,2.687501768284725,4.451478706892257
JR,q,0.75,0.833,2.695283468865623,4.493537414835628
JR,q,0.75,0.834,2.7030552194687316,4.536702684486304
JR,q,0.75,0.835,2.7108201951033206,4.5808877833905575
JR,q,0.75,0.836,2.7185832367677873,4.62599914696974
JR,q,0.75,0.837,2.726350851449657,4.671934703030801
JR,q,0.75,0.838,2.7341312121255794,4.718577948258863
JR,q,0.75,0.839,2.741934157761332,4.765787002776379
JR,q,0.75,0.84,2.749766857534412,4.813398847689268
JR,q,0.75,0.841,2.7576219097795973,4.861238326923641
JR,q,0.75,0.842,2.765494291763883,4.909124093121147
JR,q,0.75,0.843,2.7733809660784825,4.9568779953714905
JR,q,0.75,0.844,2.781280609081685,5.0043387655541345
JR,q,0.75,0.845,2.789193610898853,5.0513392940733794
JR,q,0.75,0.846,2.797122075422425,5.097711757701896
JR,q,0.75,0.847,2.805069820311913,5.143275388778362
JR,q,0.75,0.848,2.813042376993905,5.18784327708221
JR,q,0.75,0.849,2.821046990662061,5.231222183086179
JR,q,0.75,0.85,2.8290926202771205,5.273229190150917
JR,q,0.75,0.851,2.8371899385668926,5.313694578361859
JR,q,0.75,0.852,2.8453442096430104,5.352483700893644
JR,q,0.75,0.853,2.85354766548489,5.38946036664845
JR,q,0.75,0.854,2.8617958793044815,5.424498448075303
JR,q,0.75,0.855,2.8700863000881385,5.457504435200423
JR,q,0.75,0.856,2.878418230795866,5.488384725572089
JR,q,0.75,0.857,2.8867928283613127,5.517052866978027
JR,q,0.75,0.858,2.89521310369178,5.543431760682181
JR,q,0.75,0.859,2.903683921668215,5.567453679663986
JR,q,0.75,0.86,2.912212001145213,5.589062751946743
JR,q,0.75,0.861,2.920805914951019,5.608244966466972
JR,q,0.75,0.862,2.929476089887525,5.625005013662827
JR,q,0.75,0.863,2.9382347264832704,5.6393590238054525
JR,q,0.75,0.864,2.9470847614128655,5.651342661319506
JR,q,0.75,0.865,2.9560187737649892,5.660993547227445
JR,q,0.75,0.866,2.9650327537411942,5.668347350777323
JR,q,0.75,0.867,2.974124828876564,5.6734519998927375
JR,q,0.75,0.868,2.9832952640397123,5.676363889949555
JR,q,0.75,0.869,2.9925464614327844,5.6771592068490575
JR,q,0.75,0.87,3.001882960591458,5.6759176727526945
JR,q,0.75,0.871,3.0113114383849386,5.672728865499352
JR,q,0.75,0.872,3.0208407090159666,5.667702062570398
JR,q,0.75,0.873,3.0304817240208095,5.660950850814559
JR,q,0.75,0.874,3.040247572269268,5.652604587815955
JR,q,0.75,0.875,3.0501526557363197,5.642781471637741
JR,q,0.75,0.876,3.0601969770025716,5.6316088480687
JR,q,0.75,0.877,3.0703737285204524,5.619213774326164
JR,q,0.75,0.878,3.080679671019223,5.605729157285785
JR,q,0.75,0.879,3.0911142091946977,5.591281183280568
JR,q,0.75,0.88,3.1016793917092556,5.576009143827747
JR,q,0.75,0.881,3.112379911191829,5.5600708640930065
JR,q,0.75,0.882,3.123223104237911,5.543618308883417
JR,q,0.75,0.883,3.1342189514095526,5.526803163595478
JR,q,0.75,0.884,3.1453800772353624,5.509765688243621
JR,q,0.75,0.885,3.15672175021051,5.492625062296931
JR,q,0.75,0.886,3.1682618827967213,5.475506315217764
JR,q,0.75,0.887,3.180016752196096,5.458525756178972
JR,q,0.75,0.888,3.191982023255409,5.441775519645572
JR,q,0.75,0.889,3.2041525028254356,5.42535355233678
JR,q,0.75,0.89,3.216526861899472,5.409343025745614
JR,q,0.75,0.891,3.2291073103734362,5.3938248213364055
JR,q,0.75,0.892,3.241899597045867,5.37886373788533
JR,q,0.75,0.893,3.2549130096179253,5.3645273922702765
JR,q,0.75,0.894,3.2681603746933923,5.350869571947039
JR,q,0.75,0.895,3.281658057778673,5.337934919165615
JR,q,0.75,0.896,3.295425963282793,5.325751237788971
JR,q,0.75,0.897,3.3094875345173973,5.314328400456068
JR,q,0.75,0.898,3.323869437576065,5.3036835342333895
JR,q,0.75,0.899,3.3385829882778335,5.293827087864067
JR,q,0.75,0.9,3.3536216918864423,5.284762769005447
JR,q,0.75,0.901,3.3689840401115405,5.276484430699438
JR,q,0.75,0.902,3.3846736943939493,5.2689696253462515
JR,q,0.75,0.903,3.400699485905669,5.262177887286543
JR,q,0.75,0.904,3.4170754155498697,5.256038866089892
JR,q,0.75,0.905,3.4338206539609004,5.250465399592349
JR,q,0.75,0.906,3.4509595415042846,5.245391206737151
JR,q,0.75,0.907,3.4685215882767193,5.240743740791666
JR,q,0.75,0.908,3.4865414741060774,5.2364248568789415
JR,q,0.75,0.909,3.505059048551406,5.232314169127887
JR,q,0.75,0.91,3.5241050263003393,5.228261654865637
JR,q,0.75,0.911,3.5436769261475245,5.224088247905143
JR,q,0.75,0.912,3.5637752323983602,5.219634573747477
JR,q,0.75,0.913,3.5844087199337067,5.2148057743961855
JR,q,0.75,0.914,3.6055944535419386,5.209515286975526
JR,q,0.75,0.915,3.627357787918952,5.203665134678852
JR,q,0.75,0.916,3.649732367668158,5.19715257942167
JR,q,0.75,0.917,3.672760127300487,5.189855474015452
JR,q,0.75,0.918,3.6964912912343872,5.181662126127261
JR,q,0.75,0.919,3.7209843737958255,5.172513022300059
JR,q,0.75,0.92,3.7463061397670208,5.162369399169157
JR,q,0.75,0.921,3.7725080309336017,5.1511799534278175
JR,q,0.75,0.922,3.7995944806354673,5.138918423356335
JR,q,0.75,0.923,3.8275760134239256,5.125605369425626
JR,q,0.75,0.924,3.8564777023870027,5.1112556493386645
JR,q,0.75,0.925,3.886339169149444,5.095892388854606
JR,q,0.75,0.926,3.9172145838727115,5.07957039360724
JR,q,0.75,0.927,3.9491726652549857,5.062351064177093
JR,q,0.75,0.928,3.9822966805311646,5.044276327404521
JR,q,0.75,0.929,4.0166844454728645,5.025433087423887
JR,q,0.75,0.93,4.052448324388418,5.005952393246664
JR,q,0.75,0.931,4.0897095434432735,4.9859719177124155
JR,q,0.75,0.932,4.128526040219419,4.965635747584508
JR,q,0.75,0.933,4.168921408409645,4.945067579615122
JR,q,0.75,0.934,4.21094490310469,4.924376494038811
JR,q,0.75,0.935,4.2546727919982175,4.903673197124853
JR,q,0.75,0.936,4.300208355386814,4.883092037623562
JR,q,0.75,0.937,4.347681886169995,4.862753006251104
JR,q,0.75,0.9380000000000001,4.39725068985019,4.842773577253081
JR,q,0.75,0.9390000000000001,4.449099084532765,4.823268831647431
JR,q,0.75,0.9400000000000001,4.503438400926003,4.804351099098684
JR,q,0.75,0.9410000000000001,4.5604973983695345,4.7861021304655145
JR,q,0.75,0.9420000000000001,4.620406482005593,4.7685837491110155
JR,q,0.75,0.9430000000000001,4.683251497373909,4.751857359643768
JR,q,0.75,0.9440000000000001,4.749162137742685,4.736029290308045
JR,q,0.75,0.9450000000000001,4.8183129264228395,4.721195960524234
JR,q,0.75,0.9460000000000001,4.890923216768007,4.707431970188349
JR,q,0.75,0.9470000000000001,4.967257192174534,4.694802343498072
JR,q,0.75,0.9480000000000001,5.047623866081482,4.683347665103703
JR,q,0.75,0.9490000000000001,5.132377081970628,4.67310613062495
JR,q,0.75,0.9500000000000001,5.221915513366466,4.664108452249448
JR,q,0.75,0.9510000000000001,5.316536833977997,4.656382559513276
JR,q,0.75,0.9520000000000001,5.416431310915185,4.6499796303043555
JR,q,0.75,0.9530000000000001,5.521920604809751,4.644929195808127
JR,q,0.75,0.9540000000000001,5.633331897548061,4.641232555271036
JR,q,0.75,0.9550000000000001,5.750997394644992,4.638863091365861
JR,q,0.75,0.9560000000000001,5.875254325243945,4.637785465851253
JR,q,0.75,0.9570000000000001,6.006444942116833,4.637973283443566
JR,q,0.75,0.9580000000000001,6.144916521664089,4.639396057843795
JR,q,0.75,0.9590000000000001,6.2910213639146635,4.641999094860361
JR,q,0.75,0.96,6.445004857476899,4.645710695028523
JR,q,0.75,0.961,6.606729731534431,4.650460666611072
JR,q,0.75,0.962,6.776543056471989,4.656148861962293
JR,q,0.75,0.963,6.954637143654521,4.662683526165583
JR,q,0.75,0.964,7.1409544013467405,4.669966979228276
JR,q,0.75,0.965,7.33518733471312,4.677883337469858
JR,q,0.75,0.966,7.536778545817896,4.686305806876364
JR,q,0.75,0.967,7.744920733625062,4.695096015983351
JR,q,0.75,0.968,7.958556693998375,4.7041159369059455
JR,q,0.75,0.969,8.176425700506758,4.713262593667816
JR,q,0.75,0.97,8.397393524233241,4.722439459008317
JR,q,0.75,0.971,8.620276121715065,4.731548092536032
JR,q,0.75,0.972,8.843720013702367,4.740473520759637
JR,q,0.75,0.973,9.066205783068897,4.749070977848074
JR,q,0.75,0.974,9.286048074812033,4.757182375367534
JR,q,0.75,0.975,9.501395596052777,4.7646603061789445
JR,q,0.75,0.976,9.710231116035747,4.771403243425345
JR,q,0.75,0.977,9.910371466129188,4.7773338526856755
JR,q,0.75,0.978,10.099697270259586,4.7823956624649835
JR,q,0.75,0.979,10.277004230826599,4.786528999992787
JR,q,0.75,0.98,10.441187120446607,4.78966641344394
JR,q,0.75,0.981,10.591166018454881,4.791723144284434
JR,q,0.75,0.982,10.725900606258335,4.792616162501055
JR,q,0.75,0.983,10.844390167335503,4.792292729632347
JR,q,0.75,0.984,10.945673587236556,4.790735706027827
JR,q,0.75,0.985,11.02882935358329,4.7879253108337485
JR,q,0.75,0.986,11.092983864934311,4.7838456923767705
JR,q,0.75,0.987,11.137799634465878,4.778482735365295
JR,q,0.75,0.988,11.163407056862583,4.7718160275804715
JR,q,0.75,0.989,11.169920077010845,4.76383630146251
JR,q,0.75,0.99,11.15748690391813,4.754560625645816
JR,q,0.75,0.991,11.126290010712937,4.744022689746448
JR,q,0.75,0.992,11.076546134644822,4.7322503052099485
JR,q,0.75,0.993,11.00850627708436,4.719279245112689
JR,q,0.75,0.994,10.92245572747124,4.705146744633204
JR,q,0.75,0.995,10.818860350215642,4.6898890368129145
JR,q,0.75,0.996,10.698528956700411,4.673550159781479
JR,q,0.75,0.997,10.562290122561075,4.656190451617672
JR,q,0.75,0.998,10.41096718080165,4.6378684062906155
JR,q,0.75,0.999,10.245378221794649,4.618658014701583
JR,q,0.75,1.0,10.066336093281066,4.598648883301886
JR,q,0.75,1.0010000000000001,9.874648400370381,4.577921939161916
JR,q,0.75,1.002,9.671117505540634,4.556551764025404
JR,q,0.75,1.0030000000000001,9.45655621114159,4.534620064689034
JR,q,0.75,1.004,9.232056506828998,4.51220671433129
JR,q,0.75,1.0050000000000001,8.998682264138283,4.4893822649644
JR,q,0.75,1.006,8.757453724395612,4.466237982611324
JR,q,0.75,1.0070000000000001,8.509416922630512,4.442870711045877
JR,q,0.75,1.008,8.255643687576299,4.41936311944293
JR,q,0.75,1.0090000000000001,7.997231641669654,4.3957973384918745
JR,q,0.75,1.01,7.735304201051051,4.372262475527839
JR,q,0.75,1.0110000000000001,7.471010575564309,4.348840159705568
JR,q,0.75,1.012,7.2055661025278095,4.325610880332411
JR,q,0.75,1.0130000000000001,6.9402449493050895,4.302653027420031
JR,q,0.75,1.014,6.676171549949029,4.280040635220159
JR,q,0.75,1.0150000000000001,6.41451081640159,4.257844393579418
JR,q,0.75,1.016,6.15648162241793,4.23612533827344
JR,q,0.75,1.0170000000000001,5.903356803565938,4.214957987860801
JR,q,0.75,1.018,5.656463157226684,4.194420479076588
JR,q,0.75,1.0190000000000001,5.417181442593975,4.1745859579280165
JR,q,0.75,1.02,5.1869462705283365,4.155525104514615
JR,q,0.75,1.0210000000000001,4.966896852400723,4.137305549683693
JR,q,0.75,1.022,4.758062273438043,4.119968323900738
JR,q,0.75,1.0230000000000001,4.5616111617011335,4.103543594474192
JR,q,0.75,1.024,4.3785695247796,4.088083419866269
JR,q,0.75,1.025,4.209820749791454,4.073629483097683
JR,q,0.75,1.026,4.056105603383315,4.060217748066251
JR,q,0.75,1.027,3.918022231730454,4.047885765721482
JR,q,0.75,1.028,3.796026160536581,4.036656739709958
JR,q,0.75,1.029,3.6904302950340977,4.0265335798430355
JR,q,0.75,1.03,3.601391283712644,4.017495309039172
JR,q,0.75,1.031,3.5287797836440262,4.00952267747351
JR,q,0.75,1.032,3.4722548240331754,4.002596846443319
JR,q,0.75,1.033,3.4312724990864254,3.9967064833503034
JR,q,0.75,1.034,3.4050758101869256,3.9918434296689513
JR,q,0.75,1.035,3.3926946658947017,3.987987596780383
JR,q,0.75,1.036,3.392920637890306,3.9851123200275294
JR,q,0.75,1.037,3.4042627019582525,3.9831726532012484
JR,q,0.75,1.038,3.4250780640461365,3.982112845554459
JR,q,0.75,1.039,3.4535892811958355,3.9818829866194174
JR,q,0.75,1.04,3.487883754848248,3.982444783257031
JR,q,0.75,1.041,3.525878839047447,3.9837477829905223
JR,q,0.75,1.042,3.5652390936378424,3.9857443035316553
JR,q,0.75,1.043,3.6042658727383454,3.988376470939926
JR,q,0.75,1.044,3.641443783888281,3.991588773007187
JR,q,0.75,1.045,3.6753055544548303,3.995332218697661
JR,q,0.75,1.046,3.7044320316331003,3.9995722055135055
JR,q,0.75,1.047,3.7274521824460614,4.0042593832693125
JR,q,0.75,1.048,3.743043093744607,4.009340252546931
JR,q,0.75,1.049,3.750204261362409,4.014778386015956
JR,q,0.75,1.05,3.7491918954267938,4.020538685665134
JR,q,0.75,1.051,3.7405336520925303,4.026589925819119
JR,q,0.75,1.052,3.724661028745267,4.032899894261951
JR,q,0.75,1.053,3.701909429998688,4.039430677806909
JR,q,0.75,1.054,3.6725181676944665,4.04614448232056
JR,q,0.75,1.055,3.6366305991890275,4.05302112049988
JR,q,0.75,1.056,3.594776412268521,4.060040208781009
JR,q,0.75,1.057,3.548194178192338,4.067187697433747
JR,q,0.75,1.058,3.497905992416907,4.074461313886835
JR,q,0.75,1.059,3.4447378541529687,4.081849767441329
JR,q,0.75,1.06,3.3893196663655125,4.089326018587488
JR,q,0.75,1.061,3.3320852357738495,4.096853057951395
JR,q,0.75,1.062,3.2732750479804036,4.104408707059213
JR,q,0.75,1.063,3.2133647072557174,4.111988342785138
JR,q,0.75,1.064,3.152994358035908,4.11959310927781
JR,q,0.75,1.065,3.092581521373983,4.127212634647087
JR,q,0.75,1.066,3.032449104512043,4.134814471460211
JR,q,0.75,1.067,2.972825400881387,4.142362520501907
JR,q,0.75,1.068,2.9138440901023994,4.149823485379312
JR,q,0.75,1.069,2.8555442379846667,4.1571935510252835
JR,q,0.75,1.07,2.797870296526863,4.164467435558514
JR,q,0.75,1.071,2.7408954845282185,4.171639091576423
JR,q,0.75,1.072,2.684836777286783,4.178683885075484
JR,q,0.75,1.073,2.629564724466899,4.185559158379873
JR,q,0.75,1.074,2.574984225611024,4.192207937452921
JR,q,0.75,1.075,2.521042250174389,4.198583046382906
JR,q,0.75,1.076,2.467727837524917,4.204635842191392
JR,q,0.75,1.077,2.4150720969432964,4.210318538500357
JR,q,0.75,1.078,2.363148207622915,4.215599568560284
JR,q,0.75,1.079,2.312071418669923,4.220444477390093
JR,q,0.75,1.08,2.2619767764480034,4.224802825667357
JR,q,0.75,1.081,2.212774381847849,4.22862795838991
JR,q,0.75,1.082,2.164298650641408,4.231883393410981
JR,q,0.75,1.083,2.116445828425908,4.234524771639598
JR,q,0.75,1.084,2.0691742788294505,4.236496042802266
JR,q,0.75,1.085,2.022504483511103,4.237759375880336
JR,q,0.75,1.086,1.976519042160806,4.238278768719472
JR,q,0.75,1.087,1.931362672499466,4.238021811517757
JR,q,0.75,1.088,1.8872422102788615,4.236965853474385
JR,q,0.75,1.089,1.8444266092817347,4.235085566427255
JR,q,0.75,1.09,1.8030714924894955,4.232357738703612
JR,q,0.75,1.091,1.7629684821289633,4.2287636446107095
JR,q,0.75,1.092,1.724052809737712,4.2242866088658335
JR,q,0.75,1.093,1.6862992587385914,4.218905476034047
JR,q,0.75,1.094,1.6497173549415933,4.212608454140176
JR,q,0.75,1.095,1.614351366543909,4.205395316762106
JR,q,0.75,1.096,1.5802803041298734,4.1972657815864824
JR,q,0.75,1.097,1.5476179206710219,4.188231408300307
JR,q,0.75,1.098,1.5165127115260306,4.1783120119578046
JR,q,0.75,1.099,1.487142847123736,4.167538848411365
JR,q,0.75,1.1,1.4594956746103493,4.155939587608956
JR,q,0.75,1.101,1.4334542308160705,4.143529911770168
JR,q,0.75,1.102,1.4089598724592873,4.1303411351988055
JR,q,0.75,1.103,1.385975736727528,4.116419856540043
JR,q,0.75,1.104,1.3644867412774193,4.101823669871178
JR,q,0.75,1.105,1.3444995842347156,4.08662806480989
JR,q,0.75,1.106,1.3260427441942788,4.070913737835965
JR,q,0.75,1.107,1.3091664802200969,4.054758506231783
JR,q,0.75,1.108,1.2939428318452606,4.038240930677622
JR,q,0.75,1.109,1.2804319245199371,4.021437656696874
JR,q,0.75,1.11,1.2685230405942347,4.004412340953429
JR,q,0.75,1.111,1.25811701563571,3.9872410717833535
JR,q,0.75,1.112,1.2491371234303106,3.970008437645759
JR,q,0.75,1.113,1.241522141680039,3.952795491354244
JR,q,0.75,1.114,1.2352263520029378,3.935679501116447
JR,q,0.75,1.115,1.2302195399331017,3.9187291485448146
JR,q,0.75,1.116,1.226486994920668,3.902016597164172
JR,q,0.75,1.117,1.2240295103318202,3.88561174160352
JR,q,0.75,1.118,1.2228633834487912,3.8695821768062397
JR,q,0.75,1.119,1.222995740310716,3.853986866459398
JR,q,0.75,1.12,1.2243141379282312,3.8388813405244644
JR,q,0.75,1.121,1.226725178054875,3.8243120523009986
JR,q,0.75,1.122,1.2301518380183465,3.810332486451731
JR,q,0.75,1.123,1.23452748449116,3.7970096837565386
JR,q,0.75,1.124,1.2397958734906567,3.784403653875846
JR,q,0.75,1.125,1.2459111503789932,3.7725626907280176
JR,q,0.75,1.1260000000000001,1.252837849863151,3.7615292962949884
JR,q,0.75,1.127,1.2605508959949274,3.751343462861545
JR,q,0.75,1.1280000000000001,1.2690356021709492,3.7420466831234718
JR,q,0.75,1.129,1.2782876711326523,3.733686210788875
JR,q,0.75,1.1300000000000001,1.2882688095847223,3.726303341315023
JR,q,0.75,1.131,1.298886628517356,3.719931115338444
JR,q,0.75,1.1320000000000001,1.3100799394020894,3.7145900975371204
JR,q,0.75,1.133,1.3217937450071613,3.7102962937045394
JR,q,0.75,1.1340000000000001,1.333979115332304,3.7070658825251788
JR,q,0.75,1.135,1.3465931876087263,3.704910434221314
JR,q,0.75,1.1360000000000001,1.3595991662991294,3.7038444676288473
JR,q,0.75,1.137,1.372966323097689,3.703873154177359
JR,q,0.75,1.1380000000000001,1.3866699969300713,3.7049884645836255
JR,q,0.75,1.139,1.4006915939534208,3.7071769964918615
JR,q,0.75,1.1400000000000001,1.415018587556374,3.710411782178387
JR,q,0.75,1.141,1.4296426586758866,3.714656632174342
JR,q,0.75,1.1420000000000001,1.4445154092393269,3.7198786756472146
JR,q,0.75,1.143,1.4595900186413475,3.726042497902344
JR,q,0.75,1.1440000000000001,1.474833752243896,3.733104152840647
JR,q,0.75,1.145,1.4902168540489873,3.7410150348125506
JR,q,0.75,1.1460000000000001,1.505712546698735,3.749714291771761
JR,q,0.75,1.147,1.5212970314753216,3.7591365891637736
JR,q,0.75,1.1480000000000001,1.536949488301028,3.7692215094282706
JR,q,0.75,1.149,1.5526520757382056,3.779904907810991
JR,q,0.75,1.1500000000000001,1.568389930989302,3.7911131510863396
JR,q,0.75,1.151,1.5841511698968356,3.8027761953791783
JR,q,0.75,1.1520000000000001,1.5999268869434227,3.814825285576471
JR,q,0.75,1.153,1.615711155251749,3.827186800214835
JR,q,0.75,1.154,1.6315005823748527,3.839797646699891
JR,q,0.75,1.155,1.6472723616919067,3.8526078659612892
JR,q,0.75,1.156,1.6630029271549418,3.86557592583708
JR,q,0.75,1.157,1.67867813577329,3.8786707173844506
JR,q,0.75,1.158,1.694285430280094,3.8918680849263283
JR,q,0.75,1.159,1.7098138391323374,3.905145168203924
JR,q,0.75,1.16,1.725253976510818,3.9184946957271665
JR,q,0.75,1.161,1.7405980423201695,3.9319256857862914
JR,q,0.75,1.162,1.7558398221888423,3.9454478575665677
JR,q,0.75,1.163,1.7709746874691241,3.959083935723379
JR,q,0.75,1.164,1.7859995952371168,3.9728503605093604
JR,q,0.75,1.165,1.800913088292762,3.9867758730428045
JR,q,0.75,1.166,1.8157152951598121,4.000908117654591
JR,q,0.75,1.167,1.830407930085863,4.015298548238537
JR,q,0.75,1.168,1.844992246043395,4.029993590618113
JR,q,0.75,1.169,1.8594534276558297,4.045029964919306
JR,q,0.75,1.17,1.873783514182982,4.060438301778598
JR,q,0.75,1.171,1.8879783612737189,4.076242594834221
JR,q,0.75,1.172,1.9020349372262197,4.092471593208937
JR,q,0.75,1.173,1.9159513229879992,4.109157219453547
JR,q,0.75,1.174,1.9297267121558845,4.12632047761235
JR,q,0.75,1.175,1.9433614109760362,4.143961949477171
JR,q,0.75,1.176,1.95685683834393,4.162070761775945
JR,q,0.75,1.177,1.970215525804373,4.180626912524956
JR,q,0.75,1.178,1.9834411175514886,4.199608793210417
JR,q,0.75,1.179,1.9965377483088997,4.219007181754627
JR,q,0.75,1.18,2.009503309459177,4.238813676326693
JR,q,0.75,1.181,2.0223339161641376,4.259010891008652
JR,q,0.75,1.182,2.0350271551768717,4.279586732923416
JR,q,0.75,1.183,2.047581822292359,4.30054081817674
JR,q,0.75,1.184,2.059997922347439,4.321866922684752
JR,q,0.75,1.185,2.0722766692208396,4.343549346426993
JR,q,0.75,1.186,2.0844204858331508,4.365556569637755
JR,q,0.75,1.187,2.0964330041468457,4.38787025521978
JR,q,0.75,1.188,2.1083190651662664,4.41047672401221
JR,q,0.75,1.189,2.120084718937634,4.433361240590347
JR,q,0.75,1.19,2.1317366728571083,4.45650466051134
JR,q,0.75,1.191,2.1432747091364366,4.479892883221972
JR,q,0.75,1.192,2.154694245994244,4.503507920518201
JR,q,0.75,1.193,2.1659921674855194,4.52732861173602
JR,q,0.75,1.194,2.1771669048183737,4.551326994295214
JR,q,0.75,1.195,2.1882184363540627,4.575465240730037
JR,q,0.75,1.196,2.1991482876069646,4.5996900037122534
JR,q,0.75,1.197,2.2099595312446008,4.623953919284997
JR,q,0.75,1.198,2.220656787087617,4.648206261843463
JR,q,0.75,1.199,2.2312462221097995,4.67237258163535
JR,q,0.75,1.2,2.241735550438062,4.696410038252959
JR,q,0.75,1.201,2.252134033352459,4.720279492976442
JR,q,0.75,1.202,2.2624463696698935,4.743930026114199
JR,q,0.75,1.203,2.272665761100712,4.767299604617938
JR,q,0.75,1.204,2.282787807655383,4.790315304549293
JR,q,0.75,1.205,2.2928098059192354,4.812901223768542
JR,q,0.75,1.206,2.3027307375005677,4.83498054881515
JR,q,0.75,1.207,2.3125512690306587,4.856473583244517
JR,q,0.75,1.208,2.3222737521637504,4.877302954972231
JR,q,0.75,1.209,2.3319022235770714,4.897410086352196
JR,q,0.75,1.21,2.341442404970812,4.9167580651377305
JR,q,0.75,1.211,2.350901703068144,4.935299129959149
JR,q,0.75,1.212,2.360289209615209,4.952968330439919
JR,q,0.75,1.213,2.369614907987916,4.969688117399093
JR,q,0.75,1.214,2.378876169038802,4.9853935451724745
JR,q,0.75,1.215,2.388066277585456,5.000015578740247
JR,q,0.75,1.216,2.397181422705026,5.013478849597757
JR,q,0.75,1.217,2.406219491865923,5.02572209431532
JR,q,0.75,1.218,2.4151800709278106,5.03671212430879
JR,q,0.75,1.219,2.424064444141615,5.0464288539365585
JR,q,0.75,1.22,2.4328755941495146,5.054854583576415
JR,q,0.75,1.221,2.4416182019849524,5.061970851846965
JR,q,0.75,1.222,2.45029864707262,5.067761794122091
JR,q,0.75,1.223,2.4589250072284767,5.072219616325249
JR,q,0.75,1.224,2.4675070586597294,5.075339726270449
JR,q,0.75,1.225,2.4760519179779608,5.077117499823833
JR,q,0.75,1.226,2.484552167803179,5.077563202759422
JR,q,0.75,1.227,2.493002613460934,5.0767302575123505
JR,q,0.75,1.228,2.501400001025567,5.074671796986717
JR,q,0.75,1.229,2.509742763412285,5.071437173600784
JR,q,0.75,1.23,2.5180310203771517,5.067069469031396
JR,q,0.75,1.231,2.5262665785170904,5.061617883778102
JR,q,0.75,1.232,2.5344529312698816,5.055137951835007
JR,q,0.75,1.233,2.542595258914172,5.047682119643488
JR,q,0.75,1.234,2.550700428569459,5.039303576052127
JR,q,0.75,1.235,2.5587769941961054,5.030070439264114
JR,q,0.75,1.236,2.566835181711598,5.02004931193107
JR,q,0.75,1.237,2.5748772699662736,5.00929555313641
JR,q,0.75,1.238,2.58289520057648,4.997853601347678
JR,q,0.75,1.239,2.590884551225477,4.98576248475616
JR,q,0.75,1.24,2.5988425661654966,4.973062521172992
JR,q,0.75,1.241,2.6067681562177554,4.9597857620917845
JR,q,0.75,1.242,2.61466189877244,4.945962052482613
JR,q,0.75,1.243,2.622526037788721,4.931610741380683
JR,q,0.75,1.244,2.6303644837947404,4.916751702833157
JR,q,0.75,1.245,2.6381828138876227,4.901422797218087
JR,q,0.75,1.246,2.645988271733465,4.885655595289694
JR,q,0.75,1.247,2.6537897675673463,4.869474104696884
JR,q,0.75,1.248,2.6615974067221977,4.8529133616907245
JR,q,0.75,1.249,2.6694094467110916,4.836007992864878
JR,q,0.75,1.25,2.6772187107509673,4.818810680902697
JR,q,0.75,1.2510000000000001,2.6850212389898664,4.80138862838254
JR,q,0.75,1.252,2.692814739047761,4.783828356954845
JR,q,0.75,1.2530000000000001,2.700598586016571,4.7662370506896785
JR,q,0.75,1.254,2.708373822460144,4.748719671312156
JR,q,0.75,1.2550000000000001,2.7161431584142766,4.731387498001695
JR,q,0.75,1.256,2.7239109713866956,4.714344755963183
JR,q,0.75,1.2570000000000001,2.731683306357073,4.697689645444265
JR,q,0.75,1.258,2.739467875777013,4.681511720279179
JR,q,0.75,1.2590000000000001,2.7472740595700635,4.6659063913351
JR,q,0.75,1.26,2.755111474894089,4.650977846847729
JR,q,0.75,1.2610000000000001,2.7629757852812444,4.63681838274206
JR,q,0.75,1.262,2.77086074968346,4.623508261514381
JR,q,0.75,1.2630000000000001,2.7787628449573556,4.611102986322827
JR,q,0.75,1.264,2.7866802687908034,4.599630268559978
JR,q,0.75,1.2650000000000001,2.794612939702939,4.589124725603478
JR,q,0.75,1.266,2.8025624970441454,4.579609458019431
JR,q,0.75,1.2670000000000001,2.81053230099607,4.571093935260944
JR,q,0.75,1.268,2.8185274325716114,4.563575919641227
JR,q,0.75,1.2690000000000001,2.826554693614929,4.5570260617871785
JR,q,0.75,1.27,2.8346226068014335,4.551391460850548
JR,q,0.75,1.2710000000000001,2.8427414156378004,4.546627781604085
JR,q,0.75,1.272,2.8509201047103754,4.5427177523952285
JR,q,0.75,1.2730000000000001,2.8591526559097247,4.539642980175424
JR,q,0.75,1.274,2.8674336415291695,4.537361326520049
JR,q,0.75,1.2750000000000001,2.8757599859567806,4.535808819001932
JR,q,0.75,1.276,2.884130484620459,4.53490986883569
JR,q,0.75,1.2770000000000001,2.892545803987945,4.534580958161932
JR,q,0.75,1.278,2.9010084815668096,4.534755062696761
JR,q,0.75,1.2790000000000001,2.9095229259044646,4.535376751685568
JR,q,0.75,1.28,2.9180954165881494,4.536395076437441
JR,q,0.75,1.281,2.926734104244944,4.537745305418425
JR,q,0.75,1.282,2.9354490105417654,4.539344504475125
JR,q,0.75,1.283,2.9442520281853564,4.541103899854562
JR,q,0.75,1.284,2.9531513175557524,4.542944851233185
JR,q,0.75,1.285,2.9621397119071737,4.5448069017501815
JR,q,0.75,1.286,2.971212464734559,4.5466318954749125
JR,q,0.75,1.287,2.980367116936561,4.548330322936611
JR,q,0.75,1.288,2.98960337849563,4.549791348738141
JR,q,0.75,1.289,2.99892312847799,4.550945695585629
JR,q,0.75,1.29,3.008330415033658,4.551753176371525
JR,q,0.75,1.291,3.0178314553964314,4.552188653128351
JR,q,0.75,1.292,3.027434635883897,4.552221786781803
JR,q,0.75,1.293,3.037150511897423,4.5517990261959165
JR,q,0.75,1.294,3.0469918079221685,4.550867966288946
JR,q,0.75,1.295,3.056973388715945,4.549400757557232
JR,q,0.75,1.296,3.0671012491193945,4.547397661654465
JR,q,0.75,1.297,3.077367907605599,4.544862672903928
JR,q,0.75,1.298,3.0877694006927365,4.541814127942129
JR,q,0.75,1.299,3.0983044646440527,4.538267856017461
JR,q,0.75,1.3,3.108974535467876,4.534228389735348
JR,q,0.75,1.301,3.1197837489176012,4.5297111449764955
JR,q,0.75,1.302,3.13073894049171,4.5247641744723035
JR,q,0.75,1.303,3.141849645433744,4.519424105215753
JR,q,0.75,1.304,3.1531280987323362,4.513705299835905
JR,q,0.75,1.305,3.1645892351211793,4.507614708418252
JR,q,0.75,1.306,3.1762506890790565,4.501163590435653
JR,q,0.75,1.307,3.1881314358223216,4.494369844910839
JR,q,0.75,1.308,3.200232548793597,4.487247061488659
JR,q,0.75,1.309,3.21254753322014,4.479799840276059
JR,q,0.75,1.31,3.2250742045149465,4.472034880838198
JR,q,0.75,1.311,3.2378140166262894,4.463937728386406
JR,q,0.75,1.312,3.25077206203774,4.455490832868355
JR,q,0.75,1.313,3.2639570717681448,4.446674388701815
JR,q,0.75,1.314,3.2773814153716536,4.437484420690152
JR,q,0.75,1.315,3.291061100937691,4.427938699338872
JR,q,0.75,1.316,3.3050157750909803,4.4180482316081
JR,q,0.75,1.317,3.3192687229915236,4.4078052284305915
JR,q,0.75,1.318,3.3338468683346205,4.3972068967882665
JR,q,0.75,1.319,3.3487695424618473,4.386253207777904
JR,q,0.75,1.32,3.3640312014825984,4.374945729443902
JR,q,0.75,1.321,3.3796291831077863,4.363314061019189
JR,q,0.75,1.322,3.3955661865410627,4.351414316509737
JR,q,0.75,1.323,3.4118502664059234,4.339306079300853
JR,q,0.75,1.324,3.428494832745735,4.327051998261509
JR,q,0.75,1.325,3.4455186510237086,4.3147102168681934
JR,q,0.75,1.326,3.4629458421229273,4.3023374035217365
JR,q,0.75,1.327,3.480805882346317,4.289988004828096
JR,q,0.75,1.328,3.4991336034166762,4.277713847918729
JR,q,0.75,1.329,3.517969192476646,4.2655677921507955
JR,q,0.75,1.33,3.5373508860925207,4.25362026418264
JR,q,0.75,1.331,3.557281669109946,4.241954607924579
JR,q,0.75,1.332,3.577760343604277,4.230640071994083
JR,q,0.75,1.333,3.598794507233678,4.219733316368837
JR,q,0.75,1.334,3.6204004120375513,4.209273493556798
JR,q,0.75,1.335,3.642602964436497,4.1993068747414375
JR,q,0.75,1.336,3.6654357252323524,4.189880613266854
JR,q,0.75,1.337,3.6889409096081542,4.181055421058296
JR,q,0.75,1.338,3.713169387128177,4.172878385047334
JR,q,0.75,1.339,3.738180681737892,4.16540055608662
JR,q,0.75,1.34,3.7640429717640096,4.158659440515577
JR,q,0.75,1.341,3.79081916769861,4.15268314899118
JR,q,0.75,1.342,3.8185201401334132,4.1474897598635865
JR,q,0.75,1.343,3.847154613187249,4.143094077818758
JR,q,0.75,1.344,3.8767466259688512,4.139513352140499
JR,q,0.75,1.345,3.9073355072156373,4.136746694272892
JR,q,0.75,1.346,3.9389758752937594,4.134794121000944
JR,q,0.75,1.347,3.971737638198052,4.133646834954527
JR,q,0.75,1.348,4.0057059935520885,4.1332775550661065
JR,q,0.75,1.349,4.040981428608121,4.133664801221397
JR,q,0.75,1.35,4.077679720247143,4.134781986229722
JR,q,0.75,1.351,4.115929578600616,4.13660232550015
JR,q,0.75,1.352,4.15580807230057,4.1390898499989115
JR,q,0.75,1.353,4.197339802059839,4.142197200276074
JR,q,0.75,1.354,4.24057362291035,4.145884818355829
JR,q,0.75,1.355,4.28558679676272,4.150107383133858
JR,q,0.75,1.356,4.332484992406344,4.154832987821318
JR,q,0.75,1.357,4.381402285509301,4.160029923300467
JR,q,0.75,1.358,4.432501158618453,4.165648404742899
JR,q,0.75,1.359,4.485972501159347,4.17162912646476
JR,q,0.75,1.36,4.54203560943631,4.1779299753878725
JR,q,0.75,1.361,4.60093267118506,4.184518323066228
JR,q,0.75,1.362,4.662817821026161,4.19135822659898
JR,q,0.75,1.363,4.727782577143567,4.198424002612426
JR,q,0.75,1.364,4.795961877493517,4.2056966051392495
JR,q,0.75,1.365,4.867536383210325,4.213155759609865
JR,q,0.75,1.366,4.942732478606498,4.220751290427341
JR,q,0.75,1.367,5.021822271172607,4.228444670690431
JR,q,0.75,1.368,5.105123591577424,4.236226381438828
JR,q,0.75,1.369,5.192999993667786,4.244094866390987
JR,q,0.75,1.37,5.285860754468729,4.2520441736922425
JR,q,0.75,1.371,5.384028487652727,4.260075335343876
JR,q,0.75,1.372,5.487682581948011,4.268180065018698
JR,q,0.75,1.373,5.597171349028231,4.276340875244877
JR,q,0.75,1.374,5.712838884053624,4.28455996941241
JR,q,0.75,1.375,5.835021342338621,4.292851162546685
JR,q,0.75,1.3760000000000001,5.964046939352044,4.301225738225058
JR,q,0.75,1.377,6.100235950716888,4.309688279086945
JR,q,0.75,1.3780000000000001,6.243900712210557,4.318226759600763
JR,q,0.75,1.379,6.395345619764619,4.3268129775457975
JR,q,0.75,1.3800000000000001,6.554798139382716,4.335429576180975
JR,q,0.75,1.381,6.7220651038050345,4.3440717293882045
JR,q,0.75,1.3820000000000001,6.897394918972182,4.3527338803172615
JR,q,0.75,1.383,7.08091155989762,4.36139876262524
JR,q,0.75,1.3840000000000001,7.272472136253628,4.370031655345846
JR,q,0.75,1.385,7.471666892370986,4.378595536703636
JR,q,0.75,1.3860000000000001,7.677819207239305,4.38704110554937
JR,q,0.75,1.387,7.889985594506685,4.395314625608173
JR,q,0.75,1.3880000000000001,8.10695570248007,4.403383931053323
JR,q,0.75,1.389,8.327310149243925,4.4112279857512835
JR,q,0.75,1.3900000000000001,8.549809563730948,4.418817239221848
JR,q,0.75,1.391,8.7731650641085,4.426131466670963
JR,q,0.75,1.3920000000000001,8.995938907367186,4.433139053971535
JR,q,0.75,1.393,9.216552745476285,4.43980574227396
JR,q,0.75,1.3940000000000001,9.433287625384153,4.446094902060677
JR,q,0.75,1.395,9.644283989017824,4.451961300312866
JR,q,0.75,1.3960000000000001,9.847541673283398,4.457374101467109
JR,q,0.75,1.397,10.040919910065668,4.462302784832656
JR,q,0.75,1.3980000000000001,10.222410789092446,4.46672184946243
JR,q,0.75,1.399,10.390914494635286,4.470609047101922
JR,q,0.75,1.4000000000000001,10.545406143237418,4.473948888497552
JR,q,0.75,1.401,10.684896589181669,4.476724017007836
JR,q,0.75,1.4020000000000001,10.808440374133596,4.478922396157585
JR,q,0.75,1.403,10.915135727141243,4.480532329028891
JR,q,0.75,1.4040000000000001,11.004124564635351,4.4815449519484645
JR,q,0.75,1.405,11.074592490429168,4.481964215231359
JR,q,0.75,1.4060000000000001,11.125789282908475,4.48178914482229
JR,q,0.75,1.407,11.157546538633149,4.4810098274523895
JR,q,0.75,1.408,11.170061080580268,4.47964974855065
JR,q,0.75,1.409,11.163519952953726,4.4777490651210705
JR,q,0.75,1.41,11.13814111856426,4.475336722881154
JR,q,0.75,1.411,11.094173458829426,4.47244128140211
JR,q,0.75,1.412,11.031896773773646,4.469086838201539
JR,q,0.75,1.413,10.951621782028127,4.465299905762916
JR,q,0.75,1.414,10.853690952848233,4.46111523037543
JR,q,0.75,1.415,10.738653555981147,4.4565696227474145
JR,q,0.75,1.416,10.607360749140923,4.4516817476325645
JR,q,0.75,1.417,10.46066940230238,4.4464605882473425
JR,q,0.75,1.418,10.29943016260986,4.4409026015355995
JR,q,0.75,1.419,10.124487454376977,4.435003984814742
JR,q,0.75,1.42,9.936679479086887,4.428761827390525
JR,q,0.75,1.421,9.736838215392005,4.422186978414708
JR,q,0.75,1.422,9.525789419114304,4.41529907454073
JR,q,0.75,1.423,9.30437411415742,4.408117106551656
JR,q,0.75,1.424,9.073721683651192,4.400664970421617
JR,q,0.75,1.425,8.834894193826875,4.392974001444496
JR,q,0.75,1.426,8.588917114758278,4.385073808336954
JR,q,0.75,1.427,8.336846880748784,4.3769813744876975
JR,q,0.75,1.428,8.079770890331812,4.368714541111739
JR,q,0.75,1.429,7.818807506270355,4.360298359828009
JR,q,0.75,1.43,7.555106055557461,4.35176585357537
JR,q,0.75,1.431,7.289846829415735,4.343169052283545
JR,q,0.75,1.432,7.024261254532954,4.334566240377254
JR,q,0.75,1.433,6.759635521362947,4.326010196020437
JR,q,0.75,1.434,6.497122798675436,4.317540929585556
JR,q,0.75,1.435,6.23790168163616,4.309179680192241
JR,q,0.75,1.436,5.98319582200892,4.300943013324532
JR,q,0.75,1.437,5.734273928155115,4.292844927319397
JR,q,0.75,1.438,5.492449765034202,4.284918607486714
JR,q,0.75,1.439,5.259082154203249,4.277186470558067
JR,q,0.75,1.44,5.035574973817347,4.269646798758602
JR,q,0.75,1.441,4.823099424272765,4.262289517790528
JR,q,0.75,1.442,4.622589655997871,4.255127386005404
JR,q,0.75,1.443,4.435153976057087,4.248172088525587
JR,q,0.75,1.444,4.2617489609601975,4.241430163220796
JR,q,0.75,1.445,4.103177258676315,4.234909695622384
JR,q,0.75,1.446,3.960087588634206,4.228609772196098
JR,q,0.75,1.447,3.832974741722005,4.222521193893107
JR,q,0.75,1.448,3.7221795802874666,4.2166571466756695
JR,q,0.75,1.449,3.6278890381377487,4.211015920322754
JR,q,0.75,1.45,3.550110063600002,4.2055836872446095
JR,q,0.75,1.451,3.4885560767281767,4.200339687113407
JR,q,0.75,1.452,3.4427368457363663,4.195260064875243
JR,q,0.75,1.453,3.411954961655603,4.190322373655839
JR,q,0.75,1.454,3.3953024900741333,4.185509370712
JR,q,0.75,1.455,3.391660971137348,4.1808163144081725
JR,q,0.75,1.456,3.399661736070481,4.1762276727557435
JR,q,0.75,1.457,3.417668004108812,4.171730917375676
JR,q,0.75,1.458,3.443929852869008,4.167306567863945
JR,q,0.75,1.459,3.4765878146633433,4.162939091741877
JR,q,0.75,1.46,3.513672719855176,4.15861638800242
JR,q,0.75,1.461,3.553085235854251,4.154326016324803
JR,q,0.75,1.462,3.5925892991197017,4.150079779854442
JR,q,0.75,1.463,3.6305430565489445,4.145883495029601
JR,q,0.75,1.464,3.6654979858960495,4.141754093033137
JR,q,0.75,1.465,3.6960766780742347,4.137696895087679
JR,q,0.75,1.466,3.7209728371558057,4.1337128522936295
JR,q,0.75,1.467,3.738951280372195,4.129796639626932
JR,q,0.75,1.468,3.7488803314569665,4.125952294217731
JR,q,0.75,1.469,3.7504869460624377,4.122186651510735
JR,q,0.75,1.47,3.7442698246433928,4.118518132787873
JR,q,0.75,1.471,3.730677659371173,4.114965184375595
JR,q,0.75,1.472,3.710074081870463,4.111523393299146
JR,q,0.75,1.473,3.6827376632192728,4.108189687006003
JR,q,0.75,1.474,3.6488619139489717,4.104958654491451
JR,q,0.75,1.475,3.6087761685840576,4.101835552830592
JR,q,0.75,1.476,3.563622851049912,4.098832436143844
JR,q,0.75,1.477,3.514484582443165,4.095977525940927
JR,q,0.75,1.478,3.462240196719865,4.093299396976019
JR,q,0.75,1.479,3.4075712047922337,4.090819777940353
JR,q,0.75,1.48,3.3509617945287467,4.088560250330094
JR,q,0.75,1.481,3.2926988307540643,4.0865342804641624
JR,q,0.75,1.482,3.233109490634874,4.084751813679954
JR,q,0.75,1.483,3.172904780112276,4.083230914687221
JR,q,0.75,1.484,3.1125385929560867,4.081997109210073
JR,q,0.75,1.485,3.0523629156998116,4.081073243832916
JR,q,0.75,1.486,2.9926342137755952,4.080478881803166
JR,q,0.75,1.487,2.933513431514136,4.080238609706552
JR,q,0.75,1.488,2.875065992144769,4.080374497887359
JR,q,0.75,1.489,2.8172617977953855,4.080905950598134
JR,q,0.75,1.49,2.7600788109296417,4.081850002305796
JR,q,0.75,1.491,2.7038026520855496,4.083230220502629
JR,q,0.75,1.492,2.6483426499438103,4.085077853614281
JR,q,0.75,1.493,2.5935938264135583,4.087419086886124
JR,q,0.75,1.494,2.5394927767089346,4.09027330575888
JR,q,0.75,1.495,2.486017669348982,4.0936475126160214
JR,q,0.75,1.496,2.433188246157746,4.097550656500516
JR,q,0.75,1.497,2.3810658222641763,4.102027572582029
JR,q,0.75,1.498,2.3297532861022177,4.10712360924183
JR,q,0.75,1.499,2.279392595805687,4.112860625684883
JR,q,0.75,1.5,2.2299668263066224,4.119244704863735
JR,q,0.75,1.5010000000000001,2.181300883386154,4.126282507302417
JR,q,0.75,1.502,2.1332743752056906,4.133971763454182
JR,q,0.75,1.5030000000000001,2.085829132350428,4.142305778512265
JR,q,0.75,1.504,2.0389692078294406,4.151280052318743
JR,q,0.75,1.5050000000000001,1.9927608770755967,4.1608879196872115
JR,q,0.75,1.506,1.9473326379456353,4.171110721321671
JR,q,0.75,1.5070000000000001,1.9028752107200955,4.181920628466044
JR,q,0.75,1.508,1.859641538103391,4.193281891749299
JR,q,0.75,1.5090000000000001,1.8178701131732637,4.205158754155675
JR,q,0.75,1.51,1.777388796209852,4.217527981061853
JR,q,0.75,1.5110000000000001,1.7381010417919658,4.230365417112271
JR,q,0.75,1.512,1.6999726018545438,4.243651240900492
JR,q,0.75,1.5130000000000001,1.6630040865768132,4.257368384185407
JR,q,0.75,1.514,1.627230964382357,4.2715058420570715
JR,q,0.75,1.5150000000000001,1.5927235619390512,4.286038817188486
JR,q,0.75,1.516,1.5595870641591185,4.300935527735737
JR,q,0.75,1.5170000000000001,1.52796151419908,4.316170051356389
JR,q,0.75,1.518,1.4980218134598013,4.331742585927857
JR,q,0.75,1.5190000000000001,1.4698386600766833,4.347671443127667
JR,q,0.75,1.52,1.4432771078812525,4.3639554325766285
JR,q,0.75,1.5210000000000001,1.4182729086929449,4.3805839443921215
JR,q,0.75,1.522,1.3947838719574923,4.397548782245149
JR,q,0.75,1.5230000000000001,1.3727896377030726,4.41484037403799
JR,q,0.75,1.524,1.3522916765403448,4.432440263670099
JR,q,0.75,1.5250000000000001,1.3333132896624162,4.450356681552038
JR,q,0.75,1.526,1.3158996088448722,4.468605856817262
JR,q,0.75,1.5270000000000001,1.300117596445749,4.487198158185713
JR,q,0.75,1.528,1.2860457399396275,4.506125527266384
JR,q,0.75,1.5290000000000001,1.273611910813882,4.525361789930694
JR,q,0.75,1.53,1.2627040728632952,4.544875980264249
JR,q,0.75,1.5310000000000001,1.2532416851759463,4.564652253158973
JR,q,0.75,1.532,1.2451597459478752,4.5846889663616555
JR,q,0.75,1.5330000000000001,1.2384087924830665,4.6049872753182735
JR,q,0.75,1.534,1.232954901193465,4.6255456850765
JR,q,0.75,1.5350000000000001,1.2287796875989612,4.646355548429323
JR,q,0.75,1.536,1.2258803063274053,4.6674003345052
JR,q,0.75,1.537,1.2242694511145933,4.688651523775062
JR,q,0.75,1.538,1.2239676404089117,4.710083438068079
JR,q,0.75,1.539,1.2248871450899843,4.731671129444258
JR,q,0.75,1.54,1.2269237418285641,4.753376259501624
JR,q,0.75,1.541,1.229997741703138,4.775176855928898
JR,q,0.75,1.542,1.2340398766232612,4.797049722624596
JR,q,0.75,1.543,1.2389912993295384,4.818970892172638
JR,q,0.75,1.544,1.244803583393642,4.840914322281262
JR,q,0.75,1.545,1.2514387232183006,4.862847100166152
JR,q,0.75,1.546,1.2588691340373028,4.884721411266882
JR,q,0.75,1.547,1.2670776519154945,4.906491723374031
JR,q,0.75,1.548,1.276057533748788,4.9281157095225065
JR,q,0.75,1.549,1.2857899850588188,4.949556826547164
JR,q,0.75,1.55,1.296182011686886,4.970786327020625
JR,q,0.75,1.551,1.3071677685838345,4.991773111752105
JR,q,0.75,1.552,1.3186906066728223,5.012463005063049
JR,q,0.75,1.553,1.3306999703069655,5.032804085225491
JR,q,0.75,1.554,1.3431513972693487,5.0527527029301424
JR,q,0.75,1.555,1.3560065187730137,5.072269349584264
JR,q,0.75,1.556,1.3692330594609805,5.091308399853364
JR,q,0.75,1.557,1.3828048374062192,5.1098082323760075
JR,q,0.75,1.558,1.3967017641116746,5.127705090555229
JR,q,0.75,1.559,1.4109098445102468,5.144935745180561
JR,q,0.75,1.56,1.4254211611423848,5.161452709258904
JR,q,0.75,1.561,1.4402002368143973,5.177190304881777
JR,q,0.75,1.562,1.455192399522372,5.192083518654114
JR,q,0.75,1.563,1.470364026123307,5.206079899608073
JR,q,0.75,1.564,1.485684488596375,5.219124848670256
JR,q,0.75,1.565,1.5011261540429066,5.23114822720432
JR,q,0.75,1.566,1.5166643846864107,5.242093760905607
JR,q,0.75,1.567,1.5322775378725475,5.251925157144225
JR,q,0.75,1.568,1.5479469660691616,5.260609372203736
JR,q,0.75,1.569,1.5636570168662471,5.268105212084825
JR,q,0.75,1.57,1.5793950329759805,5.274378331805929
JR,q,0.75,1.571,1.5951513522326897,5.2794022371776235
JR,q,0.75,1.572,1.6109193075928845,5.283160896520576
JR,q,0.75,1.573,1.626695227135226,5.285644100840194
JR,q,0.75,1.574,1.6424631771267482,5.286847117254037
JR,q,0.75,1.575,1.6581950016653173,5.286773831621704
JR,q,0.75,1.576,1.6738760719272943,5.285443844101504
JR,q,0.75,1.577,1.689493381252599,5.282870510664378
JR,q,0.75,1.578,1.7050355106326642,5.279060276664565
JR,q,0.75,1.579,1.7204926287104079,5.274033419612874
JR,q,0.75,1.58,1.7358564917802592,5.2678086695143564
JR,q,0.75,1.581,1.7511204437881323,5.2604046892183085
JR,q,0.75,1.582,1.7662794163314537,5.251829137665192
JR,q,0.75,1.583,1.781329928659134,5.24207905757804
JR,q,0.75,1.584,1.7962700876715973,5.231167455715494
JR,q,0.75,1.585,1.8110995879207512,5.2191142452383295
JR,q,0.75,1.586,1.825819711610015,5.205951259651159
JR,q,0.75,1.587,1.840432860241605,5.191712864166575
JR,q,0.75,1.588,1.8549271642191392,5.176438975996213
JR,q,0.75,1.589,1.869292014981946,5.16017169469451
JR,q,0.75,1.59,1.8835229892138834,5.142955172562319
JR,q,0.75,1.591,1.897616772269274,5.1248252348631045
JR,q,0.75,1.592,1.9115711581729289,5.105817465675655
JR,q,0.75,1.593,1.925385049620124,5.085991251295507
JR,q,0.75,1.594,1.9390584579766257,5.065395007565783
JR,q,0.75,1.595,1.9525925032786633,5.0440658535720955
JR,q,0.75,1.596,1.9659894142329586,5.022058475859228
JR,q,0.75,1.597,1.9792525282166964,4.999435743356719
JR,q,0.75,1.598,1.9923861404030396,4.97625785545189
JR,q,0.75,1.599,2.005389820595646,4.952595209978648
JR,q,0.75,1.6,2.0182593741244768,4.92851173723419
JR,q,0.75,1.601,2.0309921168705496,4.904091216526284
JR,q,0.75,1.602,2.0435865691748902,4.8794289342485895
JR,q,0.75,1.603,2.056042455838506,4.854616814186555
JR,q,0.75,1.604,2.068360706122411,4.829760149456556
JR,q,0.75,1.605,2.0805434537476017,4.804964885404313
JR,q,0.75,1.606,2.092594036895083,4.7803352700068835
JR,q,0.75,1.607,2.104516998205842,4.755969720144995
JR,q,0.75,1.608,2.116318084780872,4.731962213048609
JR,q,0.75,1.609,2.128004114584562,4.708403444736846
JR,q,0.75,1.61,2.1395770143801287,4.685398652640133
JR,q,0.75,1.611,2.151032236428992,4.663046400931586
JR,q,0.75,1.612,2.162366328496154,4.641416096043733
JR,q,0.75,1.613,2.1735773827412537,4.620570181167268
JR,q,0.75,1.614,2.184665035718601,4.600565758800478
JR,q,0.75,1.615,2.1956304683771424,4.581447179106389
JR,q,0.75,1.616,2.206476406060493,4.563248285295371
JR,q,0.75,1.617,2.2172071185069093,4.545959750480651
JR,q,0.75,1.618,2.22782841984931,4.529560331934831
JR,q,0.75,1.619,2.2383476686152615,4.5140247122470765
JR,q,0.75,1.62,2.248773767726988,4.499320204199227
JR,q,0.75,1.621,2.2591139254172816,4.485390130546263
JR,q,0.75,1.622,2.2693624060477933,4.472165637947652
JR,q,0.75,1.623,2.2795142220024376,4.459585249328639
JR,q,0.75,1.624,2.2895663017882666,4.447588380716792
JR,q,0.75,1.625,2.2995172574161433,4.43611350191249
JR,q,0.75,1.6260000000000001,2.309367384400765,4.425105599599036
JR,q,0.75,1.627,2.3191186617606436,4.4145124274187255
JR,q,0.75,1.6280000000000001,2.328774752018122,4.404271193262589
JR,q,0.75,1.629,2.3383410011993604,4.39432074434295
JR,q,0.75,1.6300000000000001,2.347824438834347,4.384600754781424
JR,q,0.75,1.631,2.3572337779568904,4.3750819153549365
JR,q,0.75,1.6320000000000001,2.366579311152912,4.365755662557654
JR,q,0.75,1.633,2.3758621031649394,4.356611020630214
JR,q,0.75,1.6340000000000001,2.385074640339263,4.34763255492713
JR,q,0.75,1.635,2.394212741841441,4.338794689048828
JR,q,0.75,1.6360000000000001,2.4032739241670917,4.330082134896261
JR,q,0.75,1.637,2.412257401141872,4.321494225078102
JR,q,0.75,1.6380000000000001,2.4211640839215005,4.313052654354104
JR,q,0.75,1.639,2.429996580991735,4.30477619684271
JR,q,0.75,1.6400000000000001,2.438759198168391,4.296690222872594
JR,q,0.75,1.641,2.447457938597327,4.288819679887459
JR,q,0.75,1.6420000000000001,2.456100502754459,4.281163172742314
JR,q,0.75,1.643,2.464696288445745,4.273715270720729
JR,q,0.75,1.6440000000000001,2.4732544011680995,4.266491619808921
JR,q,0.75,1.645,2.4817695422460013,4.259510831482405
JR,q,0.75,1.6460000000000001,2.4902356403680592,4.25280028385082
JR,q,0.75,1.647,2.498649072939698,4.246375216157591
JR,q,0.75,1.6480000000000001,2.5070079037773154,4.240247102382001
JR,q,0.75,1.649,2.5153118831082613,4.234400841615661
JR,q,0.75,1.6500000000000001,2.5235624475708605,4.228791349264571
JR,q,0.75,1.651,2.531762720214393,4.223388235113814
JR,q,0.75,1.6520000000000001,2.539917510499108,4.218162299606954
JR,q,0.75,1.653,2.548033314296214,4.213096462509184
JR,q,0.75,1.6540000000000001,2.5561183138878882,4.208157764177333
JR,q,0.75,1.655,2.564182377967264,4.203310548124147
JR,q,0.75,1.6560000000000001,2.57223148167214,4.198530898865732
JR,q,0.75,1.657,2.5802575634649414,4.193802947226503
JR,q,0.75,1.6580000000000001,2.58825570428904,4.189130389457787
JR,q,0.75,1.659,2.596222783347925,4.1845294057358355
JR,q,0.75,1.6600000000000001,2.604157346127545,4.180018403887297
JR,q,0.75,1.661,2.6120596043963067,4.175608295371934
JR,q,0.75,1.6620000000000001,2.6199314362050776,4.171313735183683
JR,q,0.75,1.663,2.627776385887179,4.167153678296
JR,q,0.75,1.6640000000000001,2.6355996640583967,4.163158546130405
JR,q,0.75,1.665,2.643408147616971,4.159375776626972
JR,q,0.75,1.666,2.6512103797436026,4.15585327446583
JR,q,0.75,1.667,2.659016552154331,4.152610438252503
JR,q,0.75,1.668,2.6668288189899876,4.149682103457046
JR,q,0.75,1.669,2.674639195196099,4.1470971586059
JR,q,0.75,1.67,2.6824433557548235,4.144891130526027
JR,q,0.75,1.671,2.6902386425630604,4.1430996662821205
JR,q,0.75,1.672,2.698024064432432,4.1417448989782795
JR,q,0.75,1.673,2.7058002970893016,4.140836192513524
JR,q,0.75,1.674,2.7135696831747564,4.140374033686653
JR,q,0.75,1.675,2.7213362322446235,4.1403575270933946
JR,q,0.75,1.676,2.729105620769455,4.140788355881283
JR,q,0.75,1.677,2.736885192134541,4.141655928245112
JR,q,0.75,1.678,2.7446839566399013,4.142947668900565
JR,q,0.75,1.679,2.7525122382557616,4.1446316741428335
JR,q,0.75,1.68,2.760369118720813,4.1466656603705685
JR,q,0.75,1.681,2.768247417530294,4.1489892712412635
JR,q,0.75,1.682,2.7761432342724737,4.151546373729769
JR,q,0.75,1.683,2.7840543882394235,4.15427280906612
JR,q,0.75,1.684,2.7919804184270025,4.15709950041959
JR,q,0.75,1.685,2.7999225835348707,4.159951559138269
JR,q,0.75,1.686,2.807883861966476,4.162740417983774
JR,q,0.75,1.687,2.8158689518290667,4.165386220277054
JR,q,0.75,1.688,2.82388427093368,4.167824299433639
JR,q,0.75,1.689,2.8319379567951537,4.16998380686768
JR,q,0.75,1.69,2.8400398666321136,4.171798925930374
JR,q,0.75,1.691,2.8482004164373844,4.173241520341745
JR,q,0.75,1.692,2.8564163889620544,4.174272022959817
JR,q,0.75,1.693,2.8646814233914184,4.174848964848255
JR,q,0.75,1.694,2.872992033358916,4.174940501144521
JR,q,0.75,1.695,2.8813466013098408,4.174531372718422
JR,q,0.75,1.696,2.8897453785013276,4.17363027743842
JR,q,0.75,1.697,2.8981904850023663,4.172251883230776
JR,q,0.75,1.698,2.9066859096937883,4.170419505197811
JR,q,0.75,1.699,2.915237510268281,4.1681526813132415
JR,q,0.75,1.7,2.923853013230369,4.165465056250957
JR,q,0.75,1.701,2.932542013896436,4.1623840597478985
JR,q,0.75,1.702,2.9413159763947063,4.158943275487235
JR,q,0.75,1.703,2.9501855024291204,4.15518311110123
JR,q,0.75,1.704,2.959145434775848,4.151150745879289
JR,q,0.75,1.705,2.9681901539219817,4.146894919221844
JR,q,0.75,1.706,2.977316722145148,4.142455387885961
JR,q,0.75,1.707,2.9865243668885673,4.137872071333488
JR,q,0.75,1.708,2.9958144807610325,4.133182844763676
JR,q,0.75,1.709,3.005190621536933,4.128426882549853
JR,q,0.75,1.71,3.0146585121562284,4.123647305882348
JR,q,0.75,1.711,3.024226040724476,4.118877223355873
JR,q,0.75,1.712,3.0339032605128025,4.1141450620381255
JR,q,0.75,1.713,3.0437023899579305,4.109482440895764
JR,q,0.75,1.714,3.0536378126621586,4.1049015803218705
JR,q,0.75,1.715,3.0637197322952234,4.100431906794393
JR,q,0.75,1.716,3.0739411953270137,4.096113651421584
JR,q,0.75,1.717,3.084297547995978,4.091972371651396
JR,q,0.75,1.718,3.094786923976989,4.0880227448766595
JR,q,0.75,1.719,3.1054101499440954,4.084273888349796
JR,q,0.75,1.72,3.116170745570502,4.08072854081959
JR,q,0.75,1.721,3.1270749235285895,4.077383445261395
JR,q,0.75,1.722,3.1381315894898933,4.074245233401093
JR,q,0.75,1.723,3.149352342125125,4.071322671537669
JR,q,0.75,1.724,3.1607514731041535,4.0686188749624845
JR,q,0.75,1.725,3.17234596709602,4.066128383119416
JR,q,0.75,1.726,3.184155238630198,4.0638379427987505
JR,q,0.75,1.727,3.1961856106057076,4.061734885535487
JR,q,0.75,1.728,3.208429922514911,4.059794229234219
JR,q,0.75,1.729,3.2208851732689667,4.0580055392731325
JR,q,0.75,1.73,3.233551988360459,4.056354169374378
JR,q,0.75,1.731,3.2464346198634146,4.054817870282179
JR,q,0.75,1.732,3.259540946433282,4.053370024663157
JR,q,0.75,1.733,3.2728824733069524,4.051969461055268
JR,q,0.75,1.734,3.286474332302742,4.050603473518146
JR,q,0.75,1.735,3.3003352818204075,4.049262474438034
JR,q,0.75,1.736,3.3144877068411294,4.047945789419946
JR,q,0.75,1.737,3.328957618927532,4.046656381215737
JR,q,0.75,1.738,3.3437689103126496,4.045388284124684
JR,q,0.75,1.739,3.358919236777343,4.044123686992209
JR,q,0.75,1.74,3.374404503646724,4.042849609763295
JR,q,0.75,1.741,3.3902261744805107,4.041577316477515
JR,q,0.75,1.742,3.4063910460337725,4.04030562136972
JR,q,0.75,1.743,3.4229112482569706,4.039054970692174
JR,q,0.75,1.744,3.4398042442959214,4.037842979136791
JR,q,0.75,1.745,3.4570928304918285,4.03668297256252
JR,q,0.75,1.746,3.4748051363812524,4.035586000218222
JR,q,0.75,1.747,3.4929746246961413,4.034555541487049
JR,q,0.75,1.748,3.511640091363799,4.033594078677572
JR,q,0.75,1.749,3.5308427234146698,4.032695535800328
JR,q,0.75,1.75,3.5505931659806844,4.0318753288811084
JR,q,0.75,1.7510000000000001,3.570888336541829,4.03114744849274
JR,q,0.75,1.752,3.591733793384419,4.030520353226026
JR,q,0.75,1.7530000000000001,3.6131437055540556,4.030010765065183
JR,q,0.75,1.754,3.6351408528555833,4.029629157543528
JR,q,0.75,1.7550000000000001,3.6577566258531307,4.029372305731764
JR,q,0.75,1.756,3.6810310258700683,4.029236424937405
JR,q,0.75,1.7570000000000001,3.705012664989051,4.029214265720368
JR,q,0.75,1.758,3.7297587660519778,4.029301624465024
JR,q,0.75,1.7590000000000001,3.7553351626600318,4.029520987012334
JR,q,0.75,1.76,3.78181020588539,4.02991864920185
JR,q,0.75,1.7610000000000001,3.8092051514475296,4.030530496983493
JR,q,0.75,1.762,3.8375252945879064,4.03137930637053
JR,q,0.75,1.7630000000000001,3.866790949385273,4.032478594413846
JR,q,0.75,1.764,3.8970376308954515,4.0338322113599085
JR,q,0.75,1.7650000000000001,3.9283160551513916,4.0354453650140405
JR,q,0.75,1.766,3.9606921391631116,4.037341726413678
JR,q,0.75,1.7670000000000001,3.9942470009177584,4.039557433585861
JR,q,0.75,1.768,4.029076959379548,4.04213086637584
JR,q,0.75,1.7690000000000001,4.065293534489824,4.045098004982355
JR,q,0.75,1.77,4.1030231907000605,4.048479062035345
JR,q,0.75,1.7710000000000001,4.142363562158599,4.052281965301053
JR,q,0.75,1.772,4.183340376937879,4.0565126302752414
JR,q,0.75,1.7730000000000001,4.225995382936884,4.06117063975716
JR,q,0.75,1.774,4.270398569588956,4.066258990607168
JR,q,0.75,1.7750000000000001,4.3166481678618585,4.07177604186534
JR,q,0.75,1.776,4.364870650257707,4.077718918348358
JR,q,0.75,1.7770000000000001,4.4152207308130444,4.084080057706143
JR,q,0.75,1.778,4.4678813650987586,4.090834657282843
JR,q,0.75,1.7790000000000001,4.523063750220174,4.097957142039068
JR,q,0.75,1.78,4.581006626662773,4.105432029706487
JR,q,0.75,1.7810000000000001,4.641896939253136,4.113253853227363
JR,q,0.75,1.782,4.705822982750771,4.121395963058942
JR,q,0.75,1.7830000000000001,4.772907481160088,4.129811731168632
JR,q,0.75,1.784,4.843318792075154,4.138447197663445
JR,q,0.75,1.7850000000000001,4.9172709066798115,4.14725833050204
JR,q,0.75,1.786,4.995023449747549,4.156210213118875
JR,q,0.75,1.7870000000000001,5.076881679641637,4.165292128322775
JR,q,0.75,1.788,5.163196488314988,4.174507828192658
JR,q,0.75,1.7890000000000001,5.2543644013102995,4.183846903142483
JR,q,0.75,1.79,5.35076324145057,4.193285159771388
JR,q,0.75,1.7910000000000001,5.45255509425442,4.202790205398854
JR,q,0.75,1.792,5.560065948299504,4.2123280121735664
JR,q,0.75,1.793,5.673639431944263,4.221867996033534
JR,q,0.75,1.794,5.7936128701026695,4.231397389443085
JR,q,0.75,1.795,5.920317284244137,4.240905302565915
JR,q,0.75,1.796,6.054077392393715,4.250372230662602
JR,q,0.75,1.797,6.195211609131853,4.259766133082939
JR,q,0.75,1.798,6.344032045594652,4.269052899239308
JR,q,0.75,1.799,6.500830694644404,4.278213474405761
JR,q,0.75,1.8,6.665458385162122,4.287225478953042
JR,q,0.75,1.801,6.838079379039768,4.2960641044672805
JR,q,0.75,1.802,7.018893279557591,4.304700188999379
JR,q,0.75,1.803,7.20783466603627,4.31311580339366
JR,q,0.75,1.804,7.404573093837243,4.321293077448584
JR,q,0.75,1.805,7.608513094362363,4.329225114969831
JR,q,0.75,1.806,7.8187941750542524,4.336909506835656
JR,q,0.75,1.807,8.034290819395938,4.344348448968624
JR,q,0.75,1.808,8.253629098896276,4.351544470533567
JR,q,0.75,1.809,8.475526903348783,4.358505066514229
JR,q,0.75,1.81,8.698747354090429,4.3652426434284495
JR,q,0.75,1.811,8.92189778061425,4.371771342260282
JR,q,0.75,1.812,9.143441885382302,4.378102406454099
JR,q,0.75,1.813,9.361699743825254,4.384253052326519
JR,q,0.75,1.814,9.574847804342781,4.390234971455126
JR,q,0.75,1.815,9.78091888830319,4.396038654073535
JR,q,0.75,1.816,9.977802190043784,4.401668988864846
JR,q,0.75,1.817,10.163352785547694,4.407128666991596
JR,q,0.75,1.818,10.336275874056764,4.412412067723738
JR,q,0.75,1.819,10.495548270842466,4.417504597673189
JR,q,0.75,1.82,10.640158740762082,4.422399062976408
JR,q,0.75,1.821,10.769139276456743,4.427072141664986
JR,q,0.75,1.822,10.881565098351665,4.431485232111525
JR,q,0.75,1.823,10.976554654655928,4.435595765621033
JR,q,0.75,1.824,11.053269621362695,4.439359616515315
JR,q,0.75,1.825,11.110915190076373,4.442747533239074
JR,q,0.75,1.826,11.149096808771496,4.445735931847019
JR,q,0.75,1.827,11.167997196708644,4.448305425325246
JR,q,0.75,1.828,11.167786810553821,4.450440640531057
JR,q,0.75,1.829,11.148667441561834,4.452113094049967
JR,q,0.75,1.83,11.110872215576308,4.453296951651421
JR,q,0.75,1.831,11.054665593029716,4.453981194785914
JR,q,0.75,1.832,10.980343368943306,4.454158268226359
JR,q,0.75,1.833,10.8882326729272,4.45383486993856
JR,q,0.75,1.834,10.77878268599987,4.453027766168879
JR,q,0.75,1.835,10.652802295417468,4.4517593232621335
JR,q,0.75,1.836,10.511147568977613,4.4500547421201855
JR,q,0.75,1.837,10.354667454113045,4.447944961515045
JR,q,0.75,1.838,10.184204775556557,4.44546694806677
JR,q,0.75,1.839,10.000596235341268,4.442664990839441
JR,q,0.75,1.84,9.804672412800327,4.439587966394663
JR,q,0.75,1.841,9.597257764567239,4.4362685488213325
JR,q,0.75,1.842,9.379172018287909,4.432740448350532
JR,q,0.75,1.843,9.1514636159344,4.4290343521975934
JR,q,0.75,1.844,8.915243023264086,4.425181938739225
JR,q,0.75,1.845,8.671527599555231,4.421211738741352
JR,q,0.75,1.846,8.4213650034923,4.417141330796281
JR,q,0.75,1.847,8.165833193166403,4.412985287135784
JR,q,0.75,1.848,7.906040426074837,4.408746067080035
JR,q,0.75,1.849,7.64312525912155,4.404422640456879
JR,q,0.75,1.85,7.378256548616674,4.400018872508926
JR,q,0.75,1.851,7.112640796737635,4.395557096420987
JR,q,0.75,1.852,6.847575344864456,4.391071711295969
JR,q,0.75,1.853,6.584229162748009,4.386594975591624
JR,q,0.75,1.854,6.323768521985732,4.382150864226329
JR,q,0.75,1.855,6.067405898824992,4.37775485592496
JR,q,0.75,1.856,5.816399974162621,4.373440269941182
JR,q,0.75,1.857,5.572055633545364,4.369252412693611
JR,q,0.75,1.858,5.335723967169439,4.3652600937232515
JR,q,0.75,1.859,5.108802269880972,4.361546213955732
JR,q,0.75,1.86,4.892573059583384,4.358178045217728
JR,q,0.75,1.861,4.6879437831548145,4.355211166902349
JR,q,0.75,1.862,4.496043809572665,4.3526848254858015
JR,q,0.75,1.863,4.3178755882544095,4.350629809002902
JR,q,0.75,1.864,4.154289363195296,4.349077487571352
JR,q,0.75,1.865,4.005983172968648,4.348077208939709
JR,q,0.75,1.866,3.8735028507255933,4.347664555094586
JR,q,0.75,1.867,3.7572420241953175,4.347879207473356
JR,q,0.75,1.868,3.657442115684816,4.348752841286239
JR,q,0.75,1.869,3.574182995033766,4.3502858611298345
JR,q,0.75,1.87,3.5072671328025713,4.3524779911932345
JR,q,0.75,1.871,3.456270987155282,4.355311763199412
JR,q,0.75,1.872,3.420568975412106,4.3587588007469655
JR,q,0.75,1.873,3.3993245598200765,4.362781242606034
JR,q,0.75,1.874,3.391490247552923,4.367339193999083
JR,q,0.75,1.875,3.3957880704963372,4.372401172069381
JR,q,0.75,1.8760000000000001,3.4106488791208633,4.377946299960553
JR,q,0.75,1.877,3.4343625247375265,4.383941958372768
JR,q,0.75,1.8780000000000001,3.4651066733414986,4.390335278512643
JR,q,0.75,1.879,3.500944922970632,4.397072488082428
JR,q,0.75,1.8800000000000001,3.5398236749474528,4.404106806462759
JR,q,0.75,1.881,3.5794751085059,4.411375662778883
JR,q,0.75,1.8820000000000001,3.6181146065436067,4.418807355969978
JR,q,0.75,1.883,3.6542526758904827,4.426331817825685
JR,q,0.75,1.8840000000000001,3.6864699578340847,4.433883118316247
JR,q,0.75,1.885,3.713417228119539,4.44140710159082
JR,q,0.75,1.8860000000000001,3.7338153969496126,4.448854422258691
JR,q,0.75,1.887,3.7464588520124806,4.456191983931743
JR,q,0.75,1.8880000000000001,3.750745489211038,4.463386546810486
JR,q,0.75,1.889,3.7470931133692282,4.470391937632391
JR,q,0.75,1.8900000000000001,3.735952182095147,4.477166114849002
JR,q,0.75,1.891,3.7176897990048037,4.483673838316982
JR,q,0.75,1.8920000000000001,3.6925897137220964,4.489908861014788
JR,q,0.75,1.893,3.6608523218788296,4.495872736307465
JR,q,0.75,1.8940000000000001,3.6226850010643474,4.5015759960508515
JR,q,0.75,1.895,3.579074318920325,4.5070381190256015
JR,q,0.75,1.8960000000000001,3.5311675631778616,4.5122879128738616
JR,q,0.75,1.897,3.47989482540598,4.517363835436349
JR,q,0.75,1.8980000000000001,3.4259891620163554,4.522315982675377
JR,q,0.75,1.899,3.3699865942633593,4.52720245530958
JR,q,0.75,1.9000000000000001,3.3122261082439906,4.5320866368294555
JR,q,0.75,1.901,3.2529626932960927,4.537034522286598
JR,q,0.75,1.9020000000000001,3.1928931857816103,4.54211132502594
JR,q,0.75,1.903,3.132532233566655,4.547375245423705
JR,q,0.75,1.9040000000000001,3.072263775200428,4.552895016395291
JR,q,0.75,1.905,3.0123738038279697,4.5587386942807555
JR,q,0.75,1.9060000000000001,2.953050367190043,4.564966036977396
JR,q,0.75,1.907,2.8943835676232386,4.57162136364025
JR,q,0.75,1.9080000000000001,2.836365562059866,4.578746132795247
JR,q,0.75,1.909,2.7789296199922173,4.586364048094024
JR,q,0.75,1.9100000000000001,2.722359125561823,4.594480934528729
JR,q,0.75,1.911,2.6666330473598165,4.603103640196972
JR,q,0.75,1.9120000000000001,2.6116398583008564,4.612230737335139
JR,q,0.75,1.913,2.557308668130167,4.621845278652558
JR,q,0.75,1.9140000000000001,2.503609223423437,4.631915148092774
JR,q,0.75,1.915,2.450551907586915,4.642398507588041
JR,q,0.75,1.9160000000000001,2.3981877408573204,4.65325567105438
JR,q,0.75,1.917,2.3466083803019266,4.664445554707781
JR,q,0.75,1.9180000000000001,2.2959489151202117,4.675933250059931
JR,q,0.75,1.919,2.2462530677683468,4.687678653787729
JR,q,0.75,1.92,2.1973484472655613,4.699642055100227
JR,q,0.75,1.921,2.149100040174412,4.711790385877341
JR,q,0.75,1.922,2.1014353934698793,4.724080805968033
JR,q,0.75,1.923,2.054344614539291,4.736479415189503
JR,q,0.75,1.924,2.007880371182411,4.748959649200981
JR,q,0.75,1.925,1.962157891611355,4.761515043471871
JR,q,0.75,1.926,1.9173549644506664,4.774141143533864
JR,q,0.75,1.927,1.8737119387372463,4.7868315128507195
JR,q,0.75,1.928,1.8315027310867595,4.799566028750484
JR,q,0.75,1.929,1.7906234162633599,4.812341135367501
JR,q,0.75,1.93,1.7509425574499087,4.825152226655231
JR,q,0.75,1.931,1.7124183280235457,4.837975038804956
JR,q,0.75,1.932,1.675044012788752,4.850793761282092
JR,q,0.75,1.933,1.6388480079772556,4.863600547250088
JR,q,0.75,1.934,1.6038938212481124,4.876392600873257
JR,q,0.75,1.935,1.5702800716876366,4.889158717694345
JR,q,0.75,1.936,1.5381404898094626,4.9018781373533855
JR,q,0.75,1.937,1.5076439175544847,4.91452237831304
JR,q,0.75,1.938,1.4789161565807243,4.927066584383191
JR,q,0.75,1.939,1.451829894462981,4.939477581365739
JR,q,0.75,1.94,1.4263108554690653,4.951699342483027
JR,q,0.75,1.941,1.4023126577347762,4.963674439942692
JR,q,0.75,1.942,1.3798108511539233,4.975351062673996
JR,q,0.75,1.943,1.358802917378302,4.986664278317546
JR,q,0.75,1.944,1.3393082698177183,4.99753639757784
JR,q,0.75,1.945,1.3213682536399594,5.0078790496206365
JR,q,0.75,1.946,1.3050461457708264,5.0176034878510904
JR,q,0.75,1.947,1.290425440999499,5.026618103931837
JR,q,0.75,1.948,1.2774751242467604,5.03481894540273
JR,q,0.75,1.949,1.2660731434864214,5.042105343861793
JR,q,0.75,1.95,1.2561358571748045,5.0483855390945465
JR,q,0.75,1.951,1.247595232315442,5.053572828144464
JR,q,0.75,1.952,1.240398844459107,5.057581621272395
JR,q,0.75,1.953,1.2345098777037897,5.060322562260762
JR,q,0.75,1.954,1.2299071246947104,5.061727523852273
JR,q,0.75,1.955,1.2265849866243146,5.061753951458388
JR,q,0.75,1.956,1.2245534732322776,5.060375536334781
JR,q,0.75,1.957,1.2238368181609127,5.05758287932151
JR,q,0.75,1.958,1.2243745259956054,5.053392562169091
JR,q,0.75,1.959,1.2260530317225342,5.0478678743379355
JR,q,0.75,1.96,1.228790353553685,5.041065142945267
JR,q,0.75,1.961,1.2325149911167168,5.033037398722614
JR,q,0.75,1.962,1.2371659254549519,5.023845877206309
JR,q,0.75,1.963,1.2426926190273848,5.013587543350971
JR,q,0.75,1.964,1.2490550157086782,5.002368739427838
JR,q,0.75,1.965,1.2562235407891649,4.990301226596758
JR,q,0.75,1.966,1.2641791009748413,4.977512273298023
JR,q,0.75,1.967,1.2729130843873797,4.964128542743278
JR,q,0.75,1.968,1.2824162292605559,4.950276735332497
JR,q,0.75,1.969,1.2926025373353394,4.936084844010224
JR,q,0.75,1.97,1.303400139883645,4.921664646880606
JR,q,0.75,1.971,1.3147508943068154,4.907135848355988
JR,q,0.75,1.972,1.32660279954559,4.892606083683984
JR,q,0.75,1.973,1.3389099960801252,4.87818015193731
JR,q,0.75,1.974,1.3516327659299687,4.863959272671586
JR,q,0.75,1.975,1.3647375326540878,4.850030119299799
JR,q,0.75,1.976,1.378196861350843,4.836467546421786
JR,q,0.75,1.977,1.3919894586580117,4.823346344164417
JR,q,0.75,1.978,1.4061001727527627,4.810714939308813
JR,q,0.75,1.979,1.4205199933516859,4.798604284434888
JR,q,0.75,1.98,1.4352236869504944,4.787035448897408
JR,q,0.75,1.981,1.4501516334241655,4.77601069749881
JR,q,0.75,1.982,1.4652687976892942,4.765522585613696
JR,q,0.75,1.983,1.480543732050151,4.75555880132514
JR,q,0.75,1.984,1.495948013303411,4.746100104285231
JR,q,0.75,1.985,1.5114562427381828,4.737116746078887
JR,q,0.75,1.986,1.5270460461359812,4.728573938345046
JR,q,0.75,1.987,1.5426980737707563,4.720431960939933
JR,q,0.75,1.988,1.5583960004088642,4.712671351112255
JR,q,0.75,1.989,1.5741265253090941,4.705281246498536
JR,q,0.75,1.99,1.5898793722226423,4.6982312736083855
JR,q,0.75,1.991,1.6056472893931386,4.691491701921511
JR,q,0.75,1.992,1.6214260495566206,4.685029551164963
JR,q,0.75,1.993,1.6372016241025227,4.678814811589013
JR,q,0.75,1.994,1.6529406678215555,4.6728276712463535
JR,q,0.75,1.995,1.6686310502514532,4.667063259104887
JR,q,0.75,1.996,1.6842623698668748,4.661526469151587
JR,q,0.75,1.997,1.6998251642250661,4.656215154723296
JR,q,0.75,1.998,1.7153109099658272,4.6511194442981285
JR,q,0.75,1.999,1.730712022811547,4.6462296594847246
JR,q,0.75,2.0,1.7460218575671678,4.641546347433325
JR,q,1.0,0.0,0.0,0.0
JR,q,1.0,0.001,0.017990921313896083,0.018002475960441043
JR,q,1.0,0.002,0.06699730565049196,0.06703365766126548
JR,q,1.0,0.003,0.14045973885441188,0.14052275362939093
JR,q,1.0,0.004,0.2327758925253963,0.23285947520073352
JR,q,1.0,0.005,0.3391467665575065,0.3392401849813528
JR,q,1.0,0.006,0.4556763216494468,0.4557662918425279
JR,q,1.0,0.007,0.5790872052282761,0.5791584926671066
JR,q,1.0,0.008,0.7065458469540349,0.7065828080401786
JR,q,1.0,0.009000000000000001,0.8356705126035322,0.8356608586261755
JR,q,1.0,0.01,0.9646679688934109,0.964600507513152
JR,q,1.0,0.011,1.0921240480795442,1.0919872799662131
JR,q,1.0,0.012,1.2168226999259575,1.2166064826933354
JR,q,1.0,0.013000000000000001,1.337744059358272,1.3374399633427603
JR,q,1.0,0.014,1.4540858664838612,1.4536953107434285
JR,q,1.0,0.015,1.5654015560618453,1.5649231683857847
JR,q,1.0,0.016,1.6714127902277987,1.6708442643616563
JR,q,1.0,0.017,1.7718992783103384,1.7712392019610257
JR,q,1.0,0.018000000000000002,1.8666984640568238,1.8659462952429609
JR,q,1.0,0.019,1.9557055147810125,1.9548620392050364
JR,q,1.0,0.02,2.038903600270405,2.0379851101288087
JR,q,1.0,0.021,2.116486925105935,2.1154996017010115
JR,q,1.0,0.022,2.1887020134002735,2.187649982406133
JR,q,1.0,0.023,2.2557870681479426,2.2546739337722226
JR,q,1.0,0.024,2.3179719712253117,2.316800669875142
JR,q,1.0,0.025,2.375478283390603,2.374250937338551
JR,q,1.0,0.026000000000000002,2.428519244283886,2.427237416310886
JR,q,1.0,0.027,2.4773105035022436,2.4759934918657653
JR,q,1.0,0.028,2.522175632474855,2.5208361730764444
JR,q,1.0,0.029,2.5634658626924933,2.5621127022303454
JR,q,1.0,0.03,2.6015071801121255,2.6001450531873904
JR,q,1.0,0.031,2.6366039893199096,2.6352340205668323
JR,q,1.0,0.032,2.669039113531198,2.667659476422918
JR,q,1.0,0.033,2.699073794590533,2.69768037024489
JR,q,1.0,0.034,2.7269476929716507,2.725534728956989
JR,q,1.0,0.035,2.752878887777479,2.751441373700408
JR,q,1.0,0.036000000000000004,2.777068575182264,2.7756260223487015
JR,q,1.0,0.037,2.7997753921795407,2.7983350112934624
JR,q,1.0,0.038,2.8212118814870024,2.8197751261338944
JR,q,1.0,0.039,2.841556696710787,2.8401272757855685
JR,q,1.0,0.04,2.860978759055259,2.85956220868167
JR,q,1.0,0.041,2.8796372573230067,2.8782405846670813
JR,q,1.0,0.042,2.8976816479148413,2.896312974998381
JR,q,1.0,0.043000000000000003,2.9152516548298033,2.9139201695753996
JR,q,1.0,0.044,2.932477269665156,2.931197577771792
JR,q,1.0,0.045,2.949495050491377,2.9482672487757484
JR,q,1.0,0.046,2.966383601962658,2.9652035199728926
JR,q,1.0,0.047,2.9831733587490397,2.982045108626687
JR,q,1.0,0.048,2.999901539832936,2.998835248616859
JR,q,1.0,0.049,3.01661224731011,3.0156236869321362
JR,q,1.0,0.05,3.0333564663896695,3.0324666836702416
JR,q,1.0,0.051000000000000004,3.0501920653940715,3.04942701203791
JR,q,1.0,0.052000000000000005,3.067183795759119,3.066573818347066
JR,q,1.0,0.053,3.084403292033961,3.083974385116861
JR,q,1.0,0.054,3.101909333797149,3.10166563865294
JR,q,1.0,0.055,3.1196704737891845,3.1196234765339392
JR,q,1.0,0.056,3.1376401110632104,3.1378087218882653
JR,q,1.0,0.057,3.155789186260005,3.156199037712641
JR,q,1.0,0.058,3.1741061909314414,3.1747898527406693
JR,q,1.0,0.059000000000000004,3.192597167540486,3.193594361442814
JR,q,1.0,0.06,3.2112857094612024,3.212643524026417
JR,q,1.0,0.061,3.2302129609787493,3.231986050811655
JR,q,1.0,0.062,3.249437617289379,3.251681264440261
JR,q,1.0,0.063,3.26901760284518,3.2717619033350194
JR,q,1.0,0.064,3.2889083458247463,3.2921934301208307
JR,q,1.0,0.065,3.3090597770117345,3.312932718561914
JR,q,1.0,0.066,3.329442234328202,3.3339564768378147
JR,q,1.0,0.067,3.350043665310112,3.3552600817826645
JR,q,1.0,0.068,3.3708696271073384,3.3768575788851796
JR,q,1.0,0.069,3.3919432864836643,3.3987816822886576
JR,q,1.0,0.07,3.4133054198167794,3.4210837747909784
JR,q,1.0,0.07100000000000001,3.435014413098285,3.4438337367559946
JR,q,1.0,0.07200000000000001,3.457145702714429,3.4671045234462485
JR,q,1.0,0.073,3.479721111677929,3.49090978188826
JR,q,1.0,0.074,3.5027042263275625,3.515226932035044
JR,q,1.0,0.075,3.5260832506011264,3.5400528697574503
JR,q,1.0,0.076,3.549861675856617,3.565402365654727
JR,q,1.0,0.077,3.5740582808722294,3.591307936150754
JR,q,1.0,0.078,3.598707131846359,3.617819843494069
JR,q,1.0,0.079,3.6238575823975987,3.64500609575784
JR,q,1.0,0.08,3.649574273564741,3.6729524468398806
JR,q,1.0,0.081,3.675937133806779,3.7017623627774805
JR,q,1.0,0.082,3.703035676791513,3.7315337246005345
JR,q,1.0,0.083,3.730890349095046,3.762287880106839
JR,q,1.0,0.084,3.7594952810496056,3.794039839165854
JR,q,1.0,0.085,3.7888647361352454,3.826827179636518
JR,q,1.0,0.08600000000000001,3.8190301981093624,3.860709220584246
JR,q,1.0,0.08700000000000001,3.8500403710066973,3.8957670222809218
JR,q,1.0,0.088,3.8819611791393323,3.932103386204897
JR,q,1.0,0.089,3.9148757670966927,3.9698428550409988
JR,q,1.0,0.09,3.9488844997455477,4.009131712680516
JR,q,1.0,0.091,3.9841049622300098,4.0501305421659
JR,q,1.0,0.092,4.020659473123377,4.092958136372062
JR,q,1.0,0.093,4.058588442283151,4.137687522098193
JR,q,1.0,0.094,4.097911987003822,4.184395291720489
JR,q,1.0,0.095,4.1386770997389135,4.233185091749025
JR,q,1.0,0.096,4.180957591944576,4.284186823979448
JR,q,1.0,0.097,4.224854094079588,4.337556645492974
JR,q,1.0,0.098,4.270494055605353,4.393476968656383
JR,q,1.0,0.099,4.3180317449859,4.4521564611220334
JR,q,1.0,0.1,4.367648249687887,4.5138169925038145
JR,q,1.0,0.101,4.419551471517699,4.578584886713486
JR,q,1.0,0.10200000000000001,4.47392759151913,4.646668746462339
JR,q,1.0,0.10300000000000001,4.530846535479807,4.718237671116393
JR,q,1.0,0.10400000000000001,4.59039396213643,4.793427503578857
JR,q,1.0,0.105,4.652699909705685,4.872358403916879
JR,q,1.0,0.106,4.717938795884219,4.955135086632149
JR,q,1.0,0.107,4.786329417848664,5.041846750840923
JR,q,1.0,0.108,4.858134952255613,5.1325670802740175
JR,q,1.0,0.109,4.933662955241637,5.227354031105448
JR,q,1.0,0.11,5.013265362423281,5.326206598230646
JR,q,1.0,0.111,5.097302166715593,5.429095637162455
JR,q,1.0,0.112,5.185956773211043,5.535986092610574
JR,q,1.0,0.113,5.279459586982174,5.646809831212044
JR,q,1.0,0.114,5.378085017896456,5.761410540288779
JR,q,1.0,0.115,5.482139609850418,5.879552431199462
JR,q,1.0,0.116,5.591962040769661,6.0009246597296375
JR,q,1.0,0.117,5.7079231226088485,6.125141573217487
JR,q,1.0,0.11800000000000001,5.830425801351711,6.251742784337011
JR,q,1.0,0.11900000000000001,5.959905157011039,6.380256567959798
JR,q,1.0,0.12,6.096774303892586,6.510301261377087
JR,q,1.0,0.121,6.2408559165544855,6.6414394172146585
JR,q,1.0,0.122,6.39261622801942,6.773317004014356
JR,q,1.0,0.123,6.552583838140659,6.905550946905723
JR,q,1.0,0.124,6.721063780531519,7.03768070234723
JR,q,1.0,0.125,6.898137522565359,7.169169231564623
JR,q,1.0,0.126,7.083662965375584,7.299408100513269
JR,q,1.0,0.127,7.277274443855646,7.427720637594816
JR,q,1.0,0.128,7.478382726659038,7.553447242768788
JR,q,1.0,0.129,7.686175016199305,7.676027599665734
JR,q,1.0,0.13,7.89961800298984,7.7949992755514526
JR,q,1.0,0.131,8.117687377727059,7.909933950892127
JR,q,1.0,0.132,8.33946005448653,8.02043228254339
JR,q,1.0,0.133,8.56382101250193,8.126087328519796
JR,q,1.0,0.134,8.789452985538588,8.226442492732426
JR,q,1.0,0.135,9.014836461893495,8.32098772511183
JR,q,1.0,0.136,9.23824968439531,8.409169531434504
JR,q,1.0,0.137,9.457768650404342,8.490465668063614
JR,q,1.0,0.138,9.671267111812565,8.56439231335127
JR,q,1.0,0.139,9.876416575043613,8.630619188164633
JR,q,1.0,0.14,10.071043667483881,8.6889608506328
JR,q,1.0,0.14100000000000001,10.25404757579961,8.739237081443282
JR,q,1.0,0.14200000000000002,10.42426530580958,8.781282761319627
JR,q,1.0,0.14300000000000002,10.580555046135622,8.814938698812204
JR,q,1.0,0.14400000000000002,10.721812234944302,8.840024941198802
JR,q,1.0,0.145,10.846969559946935,8.856349824770158
JR,q,1.0,0.146,10.954996958399573,8.863748231985399
JR,q,1.0,0.147,11.044901617103005,8.862101926209629
JR,q,1.0,0.148,11.115740053829738,8.851412891579864
JR,q,1.0,0.149,11.16715126239865,8.831776537805853
JR,q,1.0,0.15,11.199230470424249,8.803361975509945
JR,q,1.0,0.151,11.212055054456176,8.76635851502423
JR,q,1.0,0.152,11.205738329802621,8.72095386392558
JR,q,1.0,0.153,11.180429550530286,8.667351506852594
JR,q,1.0,0.154,11.136313909464421,8.605775192536361
JR,q,1.0,0.155,11.0736125381888,8.536503703897575
JR,q,1.0,0.156,10.992582740014521,8.45983766276551
JR,q,1.0,0.157,10.893684206609077,8.37612547767602
JR,q,1.0,0.158,10.77772107592135,8.285785079958327
JR,q,1.0,0.159,10.645513119897782,8.189326463592614
JR,q,1.0,0.16,10.49787473478582,8.087290300217612
JR,q,1.0,0.161,10.335614941133915,7.980260765113721
JR,q,1.0,0.162,10.159537383791523,7.8688498618223806
JR,q,1.0,0.163,9.970440331909106,7.753674432181596
JR,q,1.0,0.164,9.769116678938136,7.635358859884604
JR,q,1.0,0.165,9.556377495837552,7.5145657932618155
JR,q,1.0,0.166,9.33332402411977,7.391910832468728
JR,q,1.0,0.167,9.101013259439124,7.268076653427425
JR,q,1.0,0.168,8.860469466398605,7.143733321929164
JR,q,1.0,0.169,8.612739427392803,7.019546240372522
JR,q,1.0,0.17,8.358892442607893,6.8961752114116
JR,q,1.0,0.171,8.100020330021646,6.7742553493917566
JR,q,1.0,0.17200000000000001,7.837237425403423,6.654389347782329
JR,q,1.0,0.17300000000000001,7.5716805823141655,6.537145257148606
JR,q,1.0,0.17400000000000002,7.304572249502259,6.423052067566203
JR,q,1.0,0.17500000000000002,7.0371694587426585,6.312568960329722
JR,q,1.0,0.176,6.770585994966396,6.206085427488603
JR,q,1.0,0.177,6.505988502826906,6.103931038087547
JR,q,1.0,0.178,6.244602522793304,6.006372553468684
JR,q,1.0,0.179,5.987712491150379,5.913586612956559
JR,q,1.0,0.18,5.736661739998576,5.8256682025859705
JR,q,1.0,0.181,5.492852497254017,5.742638522664968
JR,q,1.0,0.182,5.257735333705565,5.664440003865071
JR,q,1.0,0.183,5.03240768825842,5.590955642811641
JR,q,1.0,0.184,4.81799770708006,5.521965845601219
JR,q,1.0,0.185,4.615678706048172,5.45716133782728
JR,q,1.0,0.186,4.426498166009161,5.3961820208209055
JR,q,1.0,0.187,4.251377732778156,5.3386283199227735
JR,q,1.0,0.188,4.091113217139011,5.284077522303297
JR,q,1.0,0.189,3.9463745948442934,5.232099726383898
JR,q,1.0,0.19,3.8177060066152997,5.182249396227142
JR,q,1.0,0.191,3.705514196171684,5.134072752280101
JR,q,1.0,0.192,3.6099458324098777,5.087172602988581
JR,q,1.0,0.193,3.53095575982087,5.0411392512097875
JR,q,1.0,0.194,3.468297828073819,4.995589808090917
JR,q,1.0,0.195,3.421510889815927,4.950214295447111
JR,q,1.0,0.196,3.38991878880411,4.904734169224992
JR,q,1.0,0.197,3.3726040697801345,4.858857944084468
JR,q,1.0,0.198,3.3683759465228675,4.812326796084733
JR,q,1.0,0.199,3.3758463018238025,4.764921064133368
JR,q,1.0,0.2,3.3934417166201776,4.716414287632038
JR,q,1.0,0.201,3.4194034699949682,4.666645823472271
JR,q,1.0,0.202,3.451747027728633,4.615547776456441
JR,q,1.0,0.203,3.4883723512210487,4.563087517791746
JR,q,1.0,0.20400000000000001,3.5273594808408113,4.509216319495243
JR,q,1.0,0.20500000000000002,3.566831471781267,4.453894277758087
JR,q,1.0,0.20600000000000002,3.604947404413913,4.397073489307278
JR,q,1.0,0.20700000000000002,3.639902384288387,4.338707129929285
JR,q,1.0,0.20800000000000002,3.6699272922958492,4.27879875538512
JR,q,1.0,0.209,3.693213428837442,4.217422555247669
JR,q,1.0,0.21,3.709172417038868,4.154689699387227
JR,q,1.0,0.211,3.717795796874949,4.090781923089529
JR,q,1.0,0.212,3.7190199784832707,4.025905427005305
JR,q,1.0,0.213,3.7127262421641767,3.9602117814547313
JR,q,1.0,0.214,3.6987407383807636,3.8938154992906875
JR,q,1.0,0.215,3.676834487758885,3.826832962201183
JR,q,1.0,0.216,3.6469748097424652,3.75941290647178
JR,q,1.0,0.217,3.6103722010264594,3.6917446120557047
JR,q,1.0,0.218,3.5681643358559203,3.624032338310312
JR,q,1.0,0.219,3.521272721210744,3.5564532684354346
JR,q,1.0,0.22,3.4704361073931036,3.489174002231743
JR,q,1.0,0.221,3.4162104880274846,3.4223712834801354
JR,q,1.0,0.222,3.3589691000606514,3.3561979796370105
JR,q,1.0,0.223,3.299202333769026,3.29081590719764
JR,q,1.0,0.224,3.2377816571957307,3.2264183291408997
JR,q,1.0,0.225,3.1753869225064495,3.163142471119852
JR,q,1.0,0.226,3.112554376440647,3.1011110063242326
JR,q,1.0,0.227,3.049676728006272,3.0404493470506724
JR,q,1.0,0.228,2.9870031484797455,2.981264911846046
JR,q,1.0,0.229,2.9246392714059777,2.9236871500557866
JR,q,1.0,0.23,2.862547533957743,2.8678471794324567
JR,q,1.0,0.231,2.800977748246492,2.81385304597829
JR,q,1.0,0.232,2.7401985347941107,2.7618055310268677
JR,q,1.0,0.233,2.6801731887977702,2.7117801097988017
JR,q,1.0,0.234,2.620884602764743,2.66384470636958
JR,q,1.0,0.23500000000000001,2.5623352665124024,2.6180342092211997
JR,q,1.0,0.23600000000000002,2.5045472671682276,2.574394526077624
JR,q,1.0,0.23700000000000002,2.4475622891697935,2.532956551272237
JR,q,1.0,0.23800000000000002,2.3914416142647834,2.493744712468077
JR,q,1.0,0.23900000000000002,2.336278710983539,2.456771824238026
JR,q,1.0,0.24,2.2821925892016903,2.4220311963377283
JR,q,1.0,0.241,2.2290152154050737,2.389503481345272
JR,q,1.0,0.242,2.176584071203285,2.359151357578747
JR,q,1.0,0.243,2.1248049092125605,2.3309029204034406
JR,q,1.0,0.244,2.073651753055799,2.30467194927791
JR,q,1.0,0.245,2.0231668973625503,2.2803856985517807
JR,q,1.0,0.246,1.9734609077690077,2.2579827768072143
JR,q,1.0,0.247,1.9247126209180276,2.237398496010439
JR,q,1.0,0.248,1.8771691444591116,2.218558871496671
JR,q,1.0,0.249,1.8311082845551674,2.2013740059656426
JR,q,1.0,0.25,1.7864140861478823,2.1857360979215943
JR,q,1.0,0.251,1.7429500954155799,2.1715360516412874
JR,q,1.0,0.252,1.7006653677810348,2.158691244093854
JR,q,1.0,0.253,1.6595501438323677,2.147100975205127
JR,q,1.0,0.254,1.6196358493230356,2.1366719557657787
JR,q,1.0,0.255,1.5809950951718363,2.1273239112200635
JR,q,1.0,0.256,1.5437416774629096,2.11899906864341
JR,q,1.0,0.257,1.5080305774457345,2.1116516857298335
JR,q,1.0,0.258,1.4740579615351272,2.1052541745246156
JR,q,1.0,0.259,1.441966710878277,2.0997723133500217
JR,q,1.0,0.26,1.4116124364071032,2.0951435815189523
JR,q,1.0,0.261,1.3829194717163302,2.0912937320954956
JR,q,1.0,0.262,1.3558431478778719,2.088173365069511
JR,q,1.0,0.263,1.3303633230584326,2.08576100921662
JR,q,1.0,0.264,1.3064843825195123,2.084056944187334
JR,q,1.0,0.265,1.2842352386174003,2.0830823215462995
JR,q,1.0,0.266,1.2636693308031806,2.0828592875506287
JR,q,1.0,0.267,1.2448646256227276,2.083403180164551
JR,q,1.0,0.268,1.2279200129071821,2.084738669361235
JR,q,1.0,0.269,1.2127938573564112,2.08691537704109
JR,q,1.0,0.27,1.1993582537578158,2.089948388409466
JR,q,1.0,0.271,1.1875263011829693,2.093855296372395
JR,q,1.0,0.272,1.1772282944032657,2.0986577923716982
JR,q,1.0,0.273,1.1684117238899177,2.1043731248096167
JR,q,1.0,0.274,1.1610412758139583,2.111032003548136
JR,q,1.0,0.275,1.1550988320462476,2.1186817858730866
JR,q,1.0,0.276,1.1505834701574598,2.1273757960324833
JR,q,1.0,0.277,1.147511463418092,2.1371497789509046
JR,q,1.0,0.278,1.145909858879893,2.1480274184362966
JR,q,1.0,0.279,1.1456906715688815,2.1600315571388062
JR,q,1.0,0.28,1.146737058683323,2.173170753295581
JR,q,1.0,0.281,1.1489606179439784,2.1874439562704384
JR,q,1.0,0.28200000000000003,1.1522846969732576,2.2028524687478037
JR,q,1.0,0.28300000000000003,1.1566443932952177,2.2194019455593423
JR,q,1.0,0.28400000000000003,1.1619865543355647,2.237088586802725
JR,q,1.0,0.28500000000000003,1.168269777421651,2.255908425166705
JR,q,1.0,0.28600000000000003,1.1754644097824771,2.275853808255213
JR,q,1.0,0.28700000000000003,1.1835525485486897,2.2969148505922146
JR,q,1.0,0.28800000000000003,1.1925280407525856,2.3190742135218274
JR,q,1.0,0.289,1.2023627881739243,2.3423155539305744
JR,q,1.0,0.29,1.2129513557008682,2.366616422685931
JR,q,1.0,0.291,1.2242211249013666,2.391948727176279
JR,q,1.0,0.292,1.2361081165594907,2.4182935498090825
JR,q,1.0,0.293,1.2485554207877758,2.4456388180632898
JR,q,1.0,0.294,1.2615131970272282,2.4739770502866194
JR,q,1.0,0.295,1.2749386740473163,2.5033055353796785
JR,q,1.0,0.296,1.2887961499459788,2.533619015366306
JR,q,1.0,0.297,1.30305699214962,2.5649138911114515
JR,q,1.0,0.298,1.3176996374131145,2.597212067347083
JR,q,1.0,0.299,1.3327095918197989,2.6305378400536426
JR,q,1.0,0.3,1.3480765684072802,2.6649062356926505
JR,q,1.0,0.301,1.363743325040173,2.7003275071246953
JR,q,1.0,0.302,1.37965676074751,2.73681320130854
JR,q,1.0,0.303,1.3957783192955118,2.7743668796272396
JR,q,1.0,0.304,1.4120730105295332,2.812991382403977
JR,q,1.0,0.305,1.428509410374069,2.852685024903032
JR,q,1.0,0.306,1.4450596608327495,2.8934329578173754
JR,q,1.0,0.307,1.4616994699883432,2.935222947013825
JR,q,1.0,0.308,1.4784081120027555,2.978035178807525
JR,q,1.0,0.309,1.4951684271170285,3.021828459670946
JR,q,1.0,0.31,1.511966821651344,3.0665403467370727
JR,q,1.0,0.311,1.5287932680050167,3.1120910586899266
JR,q,1.0,0.312,1.5456413046565016,3.1583681909069843
JR,q,1.0,0.313,1.5625048941440105,3.2052298148220455
JR,q,1.0,0.314,1.5793506835058153,3.2525065070297097
JR,q,1.0,0.315,1.5961557664782693,3.3000250820420485
JR,q,1.0,0.316,1.6129040136578983,3.347605788494759
JR,q,1.0,0.317,1.6295810754176157,3.395061091105504
JR,q,1.0,0.318,1.646174381906718,3.4421957936826124
JR,q,1.0,0.319,1.6626731430508892,3.4888057219476325
JR,q,1.0,0.32,1.6790683485522,3.534684113335739
JR,q,1.0,0.321,1.6953527678891063,3.5796099790189224
JR,q,1.0,0.322,1.7115209503164492,3.623345946575335
JR,q,1.0,0.323,1.7275692248654564,3.6656679802640992
JR,q,1.0,0.324,1.7434957003437428,3.706382477016925
JR,q,1.0,0.325,1.7593002653353085,3.745304782002191
JR,q,1.0,0.326,1.774984588200537,3.7822649024797177
JR,q,1.0,0.327,1.7905451080835384,3.8171141898468743
JR,q,1.0,0.328,1.8059642740273434,3.8497194406983204
JR,q,1.0,0.329,1.8212362920269483,3.879960296775937
JR,q,1.0,0.33,1.8363570936307854,3.907724194913554
JR,q,1.0,0.331,1.8513237279696724,3.9329190820211353
JR,q,1.0,0.332,1.8661343617568056,3.9554856513096217
JR,q,1.0,0.333,1.880788279287768,3.975376733691352
JR,q,1.0,0.334,1.89528588244052,3.9925644101907123
JR,q,1.0,0.335,1.9096286906754094,4.007039525874998
JR,q,1.0,0.336,1.9238193410351645,4.018806530002121
JR,q,1.0,0.337,1.9378615881448944,4.027886572045086
JR,q,1.0,0.338,1.951757009502432,4.0343101017206635
JR,q,1.0,0.339,1.9655016606841347,4.038119244153488
JR,q,1.0,0.34,1.9790928081410777,4.039378498233624
JR,q,1.0,0.341,1.992528904979861,4.038161231565989
JR,q,1.0,0.342,2.0058095908881173,4.0345466728305635
JR,q,1.0,0.343,2.0189356921345056,4.028628760807599
JR,q,1.0,0.34400000000000003,2.031909221568716,4.020512786123737
JR,q,1.0,0.34500000000000003,2.0447333786214656,4.01031225615656
JR,q,1.0,0.34600000000000003,2.0574125493045026,3.9981465659715405
JR,q,1.0,0.34700000000000003,2.069952306210602,3.984132225638384
JR,q,1.0,0.34800000000000003,2.0823593617227645,3.9683970456614968
JR,q,1.0,0.34900000000000003,2.094636888437797,3.951064852763651
JR,q,1.0,0.35000000000000003,2.1067808781448325,3.9322585974023956
JR,q,1.0,0.35100000000000003,2.1187879933255407,3.912112668872138
JR,q,1.0,0.352,2.1306564605697726,3.8907693308186424
JR,q,1.0,0.353,2.142386070575558,3.8683820887668814
JR,q,1.0,0.354,2.1539781781491025,3.8451132346704084
JR,q,1.0,0.355,2.165435702204791,3.821124884363566
JR,q,1.0,0.356,2.1767631257651865,3.7965793633443967
JR,q,1.0,0.357,2.187966495961031,3.771639440064612
JR,q,1.0,0.358,2.199053424031245,3.7464609439230347
JR,q,1.0,0.359,2.2100330853229253,3.721198632181077
JR,q,1.0,0.36,2.220912843300185,3.696014761307209
JR,q,1.0,0.361,2.2316871624846533,3.6710768752815226
JR,q,1.0,0.362,2.242351225474621,3.6465595056658087
JR,q,1.0,0.363,2.2529021364916972,3.622633877201632
JR,q,1.0,0.364,2.2633387267834046,3.599465104363168
JR,q,1.0,0.365,2.2736615546231773,3.577212791519238
JR,q,1.0,0.366,2.2838729053103606,3.55602426820693
JR,q,1.0,0.367,2.293976791170213,3.536033864336955
JR,q,1.0,0.368,2.3039789515539035,3.5173718395402163
JR,q,1.0,0.369,2.3138868528385137,3.5001547374549915
JR,q,1.0,0.37,2.323709688427037,3.484491323580409
JR,q,1.0,0.371,2.3334580673327094,3.470478242639455
JR,q,1.0,0.372,2.343131637480138,3.458185929250047
JR,q,1.0,0.373,2.3527232233888253,3.4476632096834345
JR,q,1.0,0.374,2.362228877402861,3.4389340368265096
JR,q,1.0,0.375,2.371646394047883,3.4320020419132193
JR,q,1.0,0.376,2.380975310031072,3.426848724093223
JR,q,1.0,0.377,2.3902169042411567,3.4234367995859727
JR,q,1.0,0.378,2.3993741977484113,3.421709127301499
JR,q,1.0,0.379,2.408451953804654,3.4215904015032486
JR,q,1.0,0.38,2.4174566778432514,3.4229802662864826
JR,q,1.0,0.381,2.4263966174791127,3.4257519655408055
JR,q,1.0,0.382,2.435281762508696,3.42976289588614
JR,q,1.0,0.383,2.4441199783965333,3.4348675597496947
JR,q,1.0,0.384,2.4529042541230637,3.4409116668301816
JR,q,1.0,0.385,2.4616292062340186,3.4477310394066008
JR,q,1.0,0.386,2.4702915112963724,3.455163745692961
JR,q,1.0,0.387,2.4788895821391996,3.463056757994553
JR,q,1.0,0.388,2.4874235678536727,3.47127488657694
JR,q,1.0,0.389,2.49589535379306,3.4797074428073067
JR,q,1.0,0.39,2.504308561572732,3.4882590961612356
JR,q,1.0,0.391,2.512668549070155,3.4968434385996416
JR,q,1.0,0.392,2.520982410424896,3.5053979872468966
JR,q,1.0,0.393,2.5292589760386193,3.51388493848889
JR,q,1.0,0.394,2.5375087864176242,3.522296400065355
JR,q,1.0,0.395,2.5457339575166555,3.5306610586491747
JR,q,1.0,0.396,2.5539263518403765,3.539018689222888
JR,q,1.0,0.397,2.562081505991844,3.547419481845949
JR,q,1.0,0.398,2.570196662870108,3.5559205368628137
JR,q,1.0,0.399,2.5782707716702085,3.5645915699920057
JR,q,1.0,0.4,2.586304487883179,3.573521339169477
JR,q,1.0,0.401,2.594300173296044,3.5828191754853806
JR,q,1.0,0.402,2.6022618959918202,3.592601279749586
JR,q,1.0,0.403,2.610195430349518,3.60297335384767
JR,q,1.0,0.404,2.6181082570441356,3.6140359306166574
JR,q,1.0,0.405,2.6260095630466678,3.6258814863012305
JR,q,1.0,0.406,2.6339095172615496,3.638593943557821
JR,q,1.0,0.40700000000000003,2.641805370192213,3.652260996217783
JR,q,1.0,0.40800000000000003,2.6496900687316853,3.666976078397419
JR,q,1.0,0.40900000000000003,2.657559687211334,3.682821592364904
JR,q,1.0,0.41000000000000003,2.665411987948958,3.6998690148924256
JR,q,1.0,0.41100000000000003,2.6732464212487907,3.7181804785521915
JR,q,1.0,0.41200000000000003,2.6810641254015013,3.73781077621825
JR,q,1.0,0.41300000000000003,2.6888679266841913,3.7588096136769455
JR,q,1.0,0.41400000000000003,2.6966623393603966,3.7812151074770064
JR,q,1.0,0.41500000000000004,2.7044535656800868,3.805059517948393
JR,q,1.0,0.41600000000000004,2.712249495879665,3.8303636268905956
JR,q,1.0,0.417,2.7200597081819704,3.8571433222284806
JR,q,1.0,0.418,2.7278933342599396,3.88540784974117
JR,q,1.0,0.419,2.7357447683564637,3.9151547444206227
JR,q,1.0,0.42,2.7436080732321866,3.9463771383014064
JR,q,1.0,0.421,2.7514798102291134,3.979063199146951
JR,q,1.0,0.422,2.759358256812804,4.0131889996510814
JR,q,1.0,0.423,2.7672434065723626,4.048717741082242
JR,q,1.0,0.424,2.775136969220448,4.085605726153107
JR,q,1.0,0.425,2.783042370593265,4.12380478657732
JR,q,1.0,0.426,2.7909647526505696,4.163261912267373
JR,q,1.0,0.427,2.798910973475667,4.20391585182901
JR,q,1.0,0.428,2.806889607275413,4.245693341325295
JR,q,1.0,0.429,2.814910944380212,4.2885123539336965
JR,q,1.0,0.43,2.8229827842083584,4.332287139063491
JR,q,1.0,0.431,2.831098017886733,4.376926418430238
JR,q,1.0,0.432,2.8392515895687715,4.422335244542734
JR,q,1.0,0.433,2.8474405539819703,4.4684114281025025
JR,q,1.0,0.434,2.8556637921390093,4.515055596048685
JR,q,1.0,0.435,2.8639220113377526,4.562162142908715
JR,q,1.0,0.436,2.872217745161249,4.609625489683953
JR,q,1.0,0.437,2.8805553534777344,4.657329096547997
JR,q,1.0,0.438,2.888941022440625,4.705165078173063
JR,q,1.0,0.439,2.8973827644885257,4.753042012348858
JR,q,1.0,0.44,2.9058904183452237,4.800870731044215
JR,q,1.0,0.441,2.914475649019694,4.84857726213298
JR,q,1.0,0.442,2.923144494545016,4.89609217085074
JR,q,1.0,0.443,2.9318893089882274,4.943349611480303
JR,q,1.0,0.444,2.9407056698735268,4.990282339871627
JR,q,1.0,0.445,2.949591240995158,5.0368256900012325
JR,q,1.0,0.446,2.95854575671585,5.082920299430742
JR,q,1.0,0.447,2.9675710219668123,5.128516243313697
JR,q,1.0,0.448,2.9766709122477417,5.173582895559039
JR,q,1.0,0.449,2.9858513736268155,5.2180959190049325
JR,q,1.0,0.45,2.995120422740696,5.262033842021684
JR,q,1.0,0.451,3.0044881467945266,5.30536408484863
JR,q,1.0,0.452,3.013966703561937,5.348079723594904
JR,q,1.0,0.453,3.0235701555240544,5.390160299717736
JR,q,1.0,0.454,3.0333018085174466,5.431578552248337
JR,q,1.0,0.455,3.043154294801366,5.472305283578778
JR,q,1.0,0.456,3.0531238189102394,5.512323356311421
JR,q,1.0,0.457,3.0632091027807316,5.551616115445882
JR,q,1.0,0.458,3.073411385751745,5.590141848480727
JR,q,1.0,0.459,3.0837344245644163,5.627852240814044
JR,q,1.0,0.46,3.0941844933621216,5.6647023471181965
JR,q,1.0,0.461,3.1047703836904708,5.7006494955423195
JR,q,1.0,0.462,3.115503404497314,5.735643184379572
JR,q,1.0,0.463,3.126397382132735,5.769628387249324
JR,q,1.0,0.464,3.1374686603490543,5.802547484787077
JR,q,1.0,0.465,3.1487342902874675,5.834351959656856
JR,q,1.0,0.466,3.16019322539668,5.864988030343077
JR,q,1.0,0.467,3.1718391810281337,5.894367532238976
JR,q,1.0,0.468,3.1836698445970186,5.922393283667207
JR,q,1.0,0.46900000000000003,3.195686210097102,5.948994405098023
JR,q,1.0,0.47000000000000003,3.2078925781007315,5.974098502087466
JR,q,1.0,0.47100000000000003,3.220296555758825,5.9976229243003765
JR,q,1.0,0.47200000000000003,3.232909056800884,6.019485243507945
JR,q,1.0,0.47300000000000003,3.2457443015349825,6.039630735306385
JR,q,1.0,0.47400000000000003,3.2588198168477747,6.058036335900075
JR,q,1.0,0.47500000000000003,3.272156436204491,6.074671992105567
JR,q,1.0,0.47600000000000003,3.2857782996489364,6.08950465143624
JR,q,1.0,0.47700000000000004,3.2997020747824006,6.102516482223549
JR,q,1.0,0.47800000000000004,3.3139215992301194,6.11371692330908
JR,q,1.0,0.47900000000000004,3.3284337201679994,6.123117582400883
JR,q,1.0,0.48,3.343240023716273,6.130738033190527
JR,q,1.0,0.481,3.358346829716565,6.136613432320239
JR,q,1.0,0.482,3.3737651917318883,6.140803916434034
JR,q,1.0,0.483,3.389510897046648,6.14339177776824
JR,q,1.0,0.484,3.405604466666639,6.144444913704912
JR,q,1.0,0.485,3.422071155319046,6.144036842166046
JR,q,1.0,0.486,3.438940951452445,6.142259746102542
JR,q,1.0,0.487,3.456248577236804,6.139207853903604
JR,q,1.0,0.488,3.4740282643948244,6.1349747678426505
JR,q,1.0,0.489,3.4922829525541816,6.129653019728669
JR,q,1.0,0.49,3.5110096529881916,6.123336457192429
JR,q,1.0,0.491,3.530213030839655,6.11612860609898
JR,q,1.0,0.492,3.5499051866564213,6.108128270970709
JR,q,1.0,0.493,3.570105656391397,6.099399570635884
JR,q,1.0,0.494,3.590841411402538,6.090001476391125
JR,q,1.0,0.495,3.6121468584528564,6.0800093004173155
JR,q,1.0,0.496,3.634063839710414,6.069498046617971
JR,q,1.0,0.497,3.656641632748327,6.05852018775512
JR,q,1.0,0.498,3.6799369505447643,6.047116892467397
JR,q,1.0,0.499,3.7040070685657898,6.035325464759725
JR,q,1.0,0.5,3.728865489150985,6.023172404387605
JR,q,1.0,0.501,3.7545150178296436,6.0106809787855955
JR,q,1.0,0.502,3.780971285173244,5.99786248856317
JR,q,1.0,0.503,3.808262732179172,5.984746371390894
JR,q,1.0,0.504,3.8364306102707157,5.97138374947211
JR,q,1.0,0.505,3.86552898129707,5.957836349741139
JR,q,1.0,0.506,3.8956247175333343,5.944170089561021
JR,q,1.0,0.507,3.9267975016805137,5.930447324294618
JR,q,1.0,0.508,3.959139826865517,5.916734000873966
JR,q,1.0,0.509,3.9927569328948227,5.90308425324572
JR,q,1.0,0.51,4.027734189979882,5.889556881057651
JR,q,1.0,0.511,4.064090226260228,5.876229116929709
JR,q,1.0,0.512,4.101853618897355,5.863238970545162
JR,q,1.0,0.513,4.141076592349665,5.850736023922601
JR,q,1.0,0.514,4.181835018372462,5.838880482170866
JR,q,1.0,0.515,4.224228416017951,5.827829045784495
JR,q,1.0,0.516,4.268379951635244,5.817732697820783
JR,q,1.0,0.517,4.314436438870357,5.808716230378561
JR,q,1.0,0.518,4.362568338666207,5.800911840671145
JR,q,1.0,0.519,4.412969759262617,5.794428422881094
JR,q,1.0,0.52,4.46582068765727,5.789361680581762
JR,q,1.0,0.521,4.521192491709049,5.785824160804709
JR,q,1.0,0.522,4.5791663402449245,5.7839075510575935
JR,q,1.0,0.523,4.6398649425700995,5.783668908018201
JR,q,1.0,0.524,4.703452541244838,5.785130801919028
JR,q,1.0,0.525,4.770134912084456,5.788309050719999
JR,q,1.0,0.526,4.8401593641593355,5.793187291528864
JR,q,1.0,0.527,4.913814739794913,5.799724287006436
JR,q,1.0,0.528,4.991431414571682,5.80784909647554
JR,q,1.0,0.529,5.0733737031158705,5.817494777469757
JR,q,1.0,0.53,5.159859444713723,5.828571995443992
JR,q,1.0,0.531,5.2510913685855485,5.840940999620091
JR,q,1.0,0.532,5.3473337905217235,5.85444653701909
JR,q,1.0,0.533,5.448879710882992,5.8689175920842835
JR,q,1.0,0.534,5.556050814600471,5.884130663928423
JR,q,1.0,0.535,5.669197471175635,5.899831361875081
JR,q,1.0,0.536,5.788698734680342,5.915749681214642
JR,q,1.0,0.537,5.914962343756806,5.931589155250687
JR,q,1.0,0.538,6.048424721617616,5.947112422677485
JR,q,1.0,0.539,6.189144360176363,5.962117891477481
JR,q,1.0,0.54,6.337161799621389,5.9763807790248435
JR,q,1.0,0.541,6.493102776083919,5.9896469863465684
JR,q,1.0,0.542,6.657371879031193,6.001680018113198
JR,q,1.0,0.543,6.830144774328866,6.01226950462035
JR,q,1.0,0.544,7.011368204241022,6.021226357008736
JR,q,1.0,0.545,7.20075998743016,6.02841832979806
JR,q,1.0,0.546,7.397809018957205,6.033734800066395
JR,q,1.0,0.547,7.601775270281503,6.037085795469096
JR,q,1.0,0.548,7.811689789260821,6.03839581765947
JR,q,1.0,0.549,8.026420396573428,6.037587072929131
JR,q,1.0,0.55,8.24505551015708,6.034589562812009
JR,q,1.0,0.551,8.466573744601504,6.029386218509031
JR,q,1.0,0.552,8.68975183177621,6.022016879477466
JR,q,1.0,0.553,8.91317530860638,6.012544674743898
JR,q,1.0,0.554,9.135238517072882,6.0010189010335555
JR,q,1.0,0.555,9.354144604212266,5.987469045780457
JR,q,1.0,0.556,9.56790552211676,5.971912412272911
JR,q,1.0,0.557,9.774342027934274,5.95435138791441
JR,q,1.0,0.558,9.971116747078334,5.934794934769366
JR,q,1.0,0.559,10.15668104284357,5.913303039620446
JR,q,1.0,0.56,10.329971474046417,5.88996202731047
JR,q,1.0,0.561,10.489855687575645,5.864853136182303
JR,q,1.0,0.562,10.635239727797423,5.838045401152947
JR,q,1.0,0.5630000000000001,10.765068036555338,5.809597479236171
JR,q,1.0,0.5640000000000001,10.878323453170403,5.779570706863848
JR,q,1.0,0.5650000000000001,10.974027214441023,5.748004191038257
JR,q,1.0,0.5660000000000001,11.051238954643035,5.714888804269691
JR,q,1.0,0.5670000000000001,11.10922506696157,5.680217424958402
JR,q,1.0,0.5680000000000001,11.148001080301368,5.644011815347563
JR,q,1.0,0.5690000000000001,11.167646195251681,5.606300136228154
JR,q,1.0,0.5700000000000001,11.16826430898719,5.567115202869755
JR,q,1.0,0.5710000000000001,11.1499949437545,5.526481131524729
JR,q,1.0,0.5720000000000001,11.113013246872145,5.484410144774105
JR,q,1.0,0.5730000000000001,11.057529990730576,5.440927249989701
JR,q,1.0,0.5740000000000001,10.983791572792173,5.396082227526104
JR,q,1.0,0.5750000000000001,10.892114551546227,5.349915099775939
JR,q,1.0,0.5760000000000001,10.783174059863182,5.3024667077829895
JR,q,1.0,0.577,10.657791990502474,5.253813345630171
JR,q,1.0,0.578,10.516781665277591,5.204019720470187
JR,q,1.0,0.579,10.360951682255076,5.153160619402477
JR,q,1.0,0.58,10.191105915754465,5.101350155733713
JR,q,1.0,0.581,10.0080435163483,5.04873047667387
JR,q,1.0,0.582,9.81255891086213,4.995446894196122
JR,q,1.0,0.583,9.605441802374513,4.941659933352853
JR,q,1.0,0.584,9.387621238992674,4.88755661554099
JR,q,1.0,0.585,9.160231749606686,4.833339186768086
JR,q,1.0,0.586,8.924283707802802,4.779216331847969
JR,q,1.0,0.587,8.680808889670397,4.725389489564261
JR,q,1.0,0.588,8.43086291551819,4.672049734212934
JR,q,1.0,0.589,8.175525249874246,4.61939374091185
JR,q,1.0,0.59,7.915899201485958,4.567611270818324
JR,q,1.0,0.591,7.65311192332007,4.516903894484155
JR,q,1.0,0.592,7.38832377797258,4.467474557080704
JR,q,1.0,0.593,7.122824717442736,4.4195405062903905
JR,q,1.0,0.594,6.857762304354367,4.373309474228586
JR,q,1.0,0.595,6.594275632430955,4.328927670193825
JR,q,1.0,0.596,6.3335601607847725,4.286528385250545
JR,q,1.0,0.597,6.076867713916904,4.246212525636799
JR,q,1.0,0.598,5.82550648171722,4.208063771903372
JR,q,1.0,0.599,5.580841019464401,4.172157409334562
JR,q,1.0,0.6,5.34429224782593,4.138578418411793
JR,q,1.0,0.601,5.1171748298162605,4.107393796032321
JR,q,1.0,0.602,4.900464633214089,4.078637148670217
JR,q,1.0,0.603,4.695378375947996,4.052314393346426
JR,q,1.0,0.604,4.503019753735003,4.028392515159513
JR,q,1.0,0.605,4.324356136810138,4.006828105589683
JR,q,1.0,0.606,4.160218569926393,3.9875668412108123
JR,q,1.0,0.607,4.011301772354766,3.9705585881172345
JR,q,1.0,0.608,3.878164137884248,3.9557537593832057
JR,q,1.0,0.609,3.7612277348218157,3.943086607069207
JR,q,1.0,0.61,3.6607782893936864,3.9324651426698414
JR,q,1.0,0.611,3.576877037163932,3.9237765360417693
JR,q,1.0,0.612,3.509311530759746,3.9169231572690926
JR,q,1.0,0.613,3.457688510858027,3.9118059452644007
JR,q,1.0,0.614,3.421400755439425,3.9083327225642432
JR,q,1.0,0.615,3.3996270797883454,3.9063959742950125
JR,q,1.0,0.616,3.3913275175361406,3.9058682796870428
JR,q,1.0,0.617,3.3951802894124867,3.906594799856852
JR,q,1.0,0.618,3.409653341440883,3.9084282929757443
JR,q,1.0,0.619,3.4330689363202147,3.9112587302606414
JR,q,1.0,0.62,3.4636022636402792,3.9149682347488004
JR,q,1.0,0.621,3.4992808836041256,3.919433218074121
JR,q,1.0,0.622,3.5378295167247202,3.924530747248988
JR,q,1.0,0.623,3.577291839383154,3.9301226593918996
JR,q,1.0,0.624,3.616037633598804,3.9360518442814523
JR,q,1.0,0.625,3.6524881519364314,3.942194751504905
JR,q,1.0,0.626,3.6851161175061335,3.948445105545491
JR,q,1.0,0.627,3.7124457239633877,3.9546911066992374
JR,q,1.0,0.628,3.7330526355090186,3.960828413827313
JR,q,1.0,0.629,3.7456564868963724,3.966750380504954
JR,q,1.0,0.63,3.7500765599237447,3.972371995370475
JR,q,1.0,0.631,3.7467489502748563,3.9776164244503205
JR,q,1.0,0.632,3.7360335616721265,3.9824214110467744
JR,q,1.0,0.633,3.7182041191266606,3.9867220993235226
JR,q,1.0,0.634,3.693448168938234,3.990460386503604
JR,q,1.0,0.635,3.6618670786952805,3.9935641444680297
JR,q,1.0,0.636,3.623726992595497,3.9959858465326388
JR,q,1.0,0.637,3.5802259127899383,3.99768947711922
JR,q,1.0,0.638,3.5324595547113997,3.9986434327909346
JR,q,1.0,0.639,3.481316941063417,3.998830866191658
JR,q,1.0,0.64,3.427492342977903,3.9982476864828795
JR,q,1.0,0.641,3.371485280015131,3.9968799236643138
JR,q,1.0,0.642,3.313600520163746,3.994707860376683
JR,q,1.0,0.643,3.254216847075927,3.9917179361911694
JR,q,1.0,0.644,3.194063827236061,3.9879063153900676
JR,q,1.0,0.645,3.1336355059536665,3.98328699493328
JR,q,1.0,0.646,3.0733175396888157,3.9778906046615883
JR,q,1.0,0.647,3.013389187203602,3.9717449148497637
JR,q,1.0,0.648,2.9540233095621247,3.96486634525958
JR,q,1.0,0.649,2.895286370130494,3.957277774497998
JR,q,1.0,0.65,2.8371384345768274,3.9490019893451485
JR,q,1.0,0.651,2.7795949381014076,3.9400734117561984
JR,q,1.0,0.652,2.7229508500404815,3.9305431724092013
JR,q,1.0,0.653,2.6671100319761045,3.9204558934127345
JR,q,1.0,0.654,2.6119835997184584,3.9098615021142047
JR,q,1.0,0.655,2.557519982496858,3.898801024544978
JR,q,1.0,0.656,2.5037049229597574,3.8873146603874074
JR,q,1.0,0.657,2.45056147717475,3.875443860819907
JR,q,1.0,0.658,2.3981500146285644,3.863246166766114
JR,q,1.0,0.659,2.3465682182270697,3.850760418517798
JR,q,1.0,0.66,2.2959514370083767,3.8380066629870657
JR,q,1.0,0.661,2.246239669014054,3.8249979169806103
JR,q,1.0,0.662,2.197254888658591,3.8117457060157345
JR,q,1.0,0.663,2.1488812481716675,3.798264572693006
JR,q,1.0,0.664,2.1010666022723807,3.784576233139327
JR,q,1.0,0.665,2.053822508169267,3.770705251695323
JR,q,1.0,0.666,2.007224225560286,3.756674483260137
JR,q,1.0,0.667,1.9614107166328267,3.742514428148614
JR,q,1.0,0.668,1.9165846460637095,3.7282397257208992
JR,q,1.0,0.669,1.8730123810191817,3.7138362716206745
JR,q,1.0,0.67,1.8308800161096777,3.699305834891499
JR,q,1.0,0.671,1.78997942768164,3.6846575801562
JR,q,1.0,0.672,1.7502358566277696,3.6699016927787316
JR,q,1.0,0.673,1.7116203278185687,3.6550666750811875
JR,q,1.0,0.674,1.6741398735816828,3.6401912829761467
JR,q,1.0,0.675,1.6378375337019184,3.62532012067516
JR,q,1.0,0.676,1.6027923554212276,3.6105007258961472
JR,q,1.0,0.677,1.5691193934387169,3.5957626892430983
JR,q,1.0,0.678,1.5369697099106432,3.58112390586104
JR,q,1.0,0.679,1.5065287947060728,3.5666036382764745
JR,q,1.0,0.68,1.4778145097285078,3.5522284052636426
JR,q,1.0,0.681,1.45070160414084,3.5380294811513653
JR,q,1.0,0.682,1.4251312527302247,3.524039595834664
JR,q,1.0,0.683,1.4010669176173867,3.5102877555502197
JR,q,1.0,0.684,1.3784943482566403,3.4968058354044143
JR,q,1.0,0.685,1.357421581435874,3.483637480005604
JR,q,1.0,0.686,1.3378789412765526,3.470819325334723
JR,q,1.0,0.687,1.319919039233726,3.458377114757228
JR,q,1.0,0.6880000000000001,1.3036167740960192,3.446332274095935
JR,q,1.0,0.6890000000000001,1.2890439238215388,3.4347075070059367
JR,q,1.0,0.6900000000000001,1.2761005421461764,3.423526418640376
JR,q,1.0,0.6910000000000001,1.2646840582244367,3.412819944238815
JR,q,1.0,0.6920000000000001,1.2547174228459301,3.4026233891853632
JR,q,1.0,0.6930000000000001,1.2461394342475192,3.3929655908122567
JR,q,1.0,0.6940000000000001,1.2389047381133187,3.3838923977702597
JR,q,1.0,0.6950000000000001,1.2329838275746994,3.37547316597873
JR,q,1.0,0.6960000000000001,1.2283630432102877,3.3677586757680955
JR,q,1.0,0.6970000000000001,1.2250445730459605,3.3607958603573
JR,q,1.0,0.6980000000000001,1.2230464525548497,3.354626735122425
JR,q,1.0,0.6990000000000001,1.2223813159694865,3.3492853625069294
JR,q,1.0,0.7000000000000001,1.2229395643850198,3.3448137360929593
JR,q,1.0,0.7010000000000001,1.2246248839514005,3.341265747714839
JR,q,1.0,0.7020000000000001,1.2273590137318484,3.3387007049972306
JR,q,1.0,0.7030000000000001,1.2310743816147873,3.3371680894143707
JR,q,1.0,0.704,1.2357141043138533,3.3367070231187395
JR,q,1.0,0.705,1.2412319873678888,3.3373392556579096
JR,q,1.0,0.706,1.2475925251409432,3.3390734024738653
JR,q,1.0,0.707,1.254770900822276,3.341923202345937
JR,q,1.0,0.708,1.2627529864263538,3.3459052250439267
JR,q,1.0,0.709,1.2715353427928493,3.351036744439659
JR,q,1.0,0.71,1.2810791478360608,3.3573239016382157
JR,q,1.0,0.711,1.2912899594301113,3.3647579886950414
JR,q,1.0,0.712,1.3021049124422044,3.3733231311615826
JR,q,1.0,0.713,1.3134675547004004,3.3829950552233448
JR,q,1.0,0.714,1.3253277397528436,3.393744546231726
JR,q,1.0,0.715,1.33764162686776,3.405541360590188
JR,q,1.0,0.716,1.3503716810334545,3.4183551363363938
JR,q,1.0,0.717,1.3634866729583193,3.4321479657012706
JR,q,1.0,0.718,1.3769616790708241,3.446880063711855
JR,q,1.0,0.719,1.3907780815195219,3.4625031999514597
JR,q,1.0,0.72,1.40492356817305,3.4789575398218586
JR,q,1.0,0.721,1.4193888289270822,3.496179554147096
JR,q,1.0,0.722,1.4341204944255734,3.514103504247272
JR,q,1.0,0.723,1.449072152427318,3.5326629462849395
JR,q,1.0,0.724,1.4642097919732642,3.5517875874256206
JR,q,1.0,0.725,1.4795025273412614,3.5713982398346436
JR,q,1.0,0.726,1.4949225980460579,3.5914118926639396
JR,q,1.0,0.727,1.5104453688393011,3.6117442755570823
JR,q,1.0,0.728,1.526049329709536,3.632315480175543
JR,q,1.0,0.729,1.5417160958822076,3.653048620497994
JR,q,1.0,0.73,1.5574304078196577,3.6738605747275916
JR,q,1.0,0.731,1.5731801312211302,3.6946648579310226
JR,q,1.0,0.732,1.5889562570227662,3.7153761136364976
JR,q,1.0,0.733,1.6047529013976032,3.7359121741967916
JR,q,1.0,0.734,1.620565429855609,3.756204148629629
JR,q,1.0,0.735,1.6363655765934992,3.77618925513991
JR,q,1.0,0.736,1.6521316632561351,3.7958045913492025
JR,q,1.0,0.737,1.6678490743823353,3.81498882362847
JR,q,1.0,0.738,1.6835048084454054,3.833689764789771
JR,q,1.0,0.739,1.6990874778531393,3.8518560479583845
JR,q,1.0,0.74,1.7145873089478196,3.8694363685267312
JR,q,1.0,0.741,1.7299961420062204,3.8863785033750187
JR,q,1.0,0.742,1.7453074312395995,3.902634207976286
JR,q,1.0,0.743,1.760516244793708,3.918166711069383
JR,q,1.0,0.744,1.775619264748784,3.9329451613671877
JR,q,1.0,0.745,1.7906147871195528,3.9469391626191306
JR,q,1.0,0.746,1.80550272185523,3.9601153856887517
JR,q,1.0,0.747,1.8202845928395215,3.9724458141778696
JR,q,1.0,0.748,1.8349592926371239,3.9839075726291484
JR,q,1.0,0.749,1.8495105076249452,3.9944836171091165
JR,q,1.0,0.75,1.863931706430011,4.004166382754739
JR,q,1.0,0.751,1.8782187474800272,4.012958585637005
JR,q,1.0,0.752,1.8923685797039784,4.020860971149142
JR,q,1.0,0.753,1.9063792425321227,4.027879551012188
JR,q,1.0,0.754,1.9202498658959937,4.034026805494909
JR,q,1.0,0.755,1.9339806702284008,4.039322792561997
JR,q,1.0,0.756,1.9475729664634294,4.043792608015898
JR,q,1.0,0.757,1.9610291560364406,4.047467540397805
JR,q,1.0,0.758,1.974352730884069,4.050388785190121
JR,q,1.0,0.759,1.9875468306825343,4.052616316242042
JR,q,1.0,0.76,2.000608049940085,4.054213062682376
JR,q,1.0,0.761,2.0135329398129906,4.055240679354273
JR,q,1.0,0.762,2.026319345749261,4.0557618305543315
JR,q,1.0,0.763,2.0389662942684743,4.055839689278888
JR,q,1.0,0.764,2.051473992961785,4.055541597099072
JR,q,1.0,0.765,2.063843830491917,4.054941182003029
JR,q,1.0,0.766,2.07607837659317,4.054116888751438
JR,q,1.0,0.767,2.088181382071412,4.053152778463633
JR,q,1.0,0.768,2.1001577788040873,4.052133349115976
JR,q,1.0,0.769,2.1120136797402105,4.051142117947113
JR,q,1.0,0.77,2.1237548841683855,4.05026164214783
JR,q,1.0,0.771,2.1353791048178885,4.049572106920137
JR,q,1.0,0.772,2.1468821082513103,4.049154031895115
JR,q,1.0,0.773,2.1582611990502145,4.0490875545931075
JR,q,1.0,0.774,2.1695152147040706,4.0494499393450925
JR,q,1.0,0.775,2.1806445256102522,4.050317899626295
JR,q,1.0,0.776,2.191651035074038,4.051769420747352
JR,q,1.0,0.777,2.202538179308611,4.053878891678329
JR,q,1.0,0.778,2.2133109274350593,4.056715580328519
JR,q,1.0,0.779,2.2239757814823737,4.060346688382888
JR,q,1.0,0.78,2.234540776387451,4.0648342372989825
JR,q,1.0,0.781,2.2450152895681965,4.070242973062393
JR,q,1.0,0.782,2.255400034342508,4.076644121049457
JR,q,1.0,0.783,2.265688507100352,4.0841039575873
JR,q,1.0,0.784,2.2758767825524036,4.092681324259418
JR,q,1.0,0.785,2.2859626154802997,4.102426976463855
JR,q,1.0,0.786,2.2959454407366353,4.1133827520802235
JR,q,1.0,0.787,2.3058263732449698,4.125583579191037
JR,q,1.0,0.788,2.3156082079998193,4.139065823027482
JR,q,1.0,0.789,2.3252954200666647,4.153864087666247
JR,q,1.0,0.79,2.3348941645819434,4.170009554922648
JR,q,1.0,0.791,2.344412276753057,4.187529026631497
JR,q,1.0,0.792,2.353859271858367,4.20644436183354
JR,q,1.0,0.793,2.3632436170964195,4.226766234008273
JR,q,1.0,0.794,2.3725592386325065,4.2485007200939515
JR,q,1.0,0.795,2.3818005661575534,4.2716455274565455
JR,q,1.0,0.796,2.3909642636910413,4.296181645944523
JR,q,1.0,0.797,2.400048691454088,4.322077317628623
JR,q,1.0,0.798,2.4090539058694524,4.349309396467158
JR,q,1.0,0.799,2.4179816595615327,4.3778526554550385
JR,q,1.0,0.8,2.4268354013563678,4.407688545543508
JR,q,1.0,0.801,2.4356202762816332,4.438804499218492
JR,q,1.0,0.802,2.4443431255666472,4.471181451704084
JR,q,1.0,0.803,2.4530124866423657,4.504789486771716
JR,q,1.0,0.804,2.4616385867485353,4.539579970930898
JR,q,1.0,0.805,2.470224303637525,4.575499581567589
JR,q,1.0,0.806,2.4787617360779266,4.612502697498741
JR,q,1.0,0.807,2.4872464138542782,4.650536653098335
JR,q,1.0,0.808,2.495675555478857,4.689532761627135
JR,q,1.0,0.809,2.50404806819168,4.729421419043605
JR,q,1.0,0.81,2.512364547960508,4.770133495142353
JR,q,1.0,0.811,2.520627279480842,4.8115845332440506
JR,q,1.0,0.812,2.528840236175926,4.853680285201971
JR,q,1.0,0.8130000000000001,2.5370090801967433,4.896327294158009
JR,q,1.0,0.8140000000000001,2.5451411624220204,4.939413042030832
JR,q,1.0,0.8150000000000001,2.5532455224582242,4.982818922565027
JR,q,1.0,0.8160000000000001,2.561332165409453,5.026430822714491
JR,q,1.0,0.8170000000000001,2.5693983840201975,5.070120280876129
JR,q,1.0,0.8180000000000001,2.577437181537432,5.113745067512266
JR,q,1.0,0.8190000000000001,2.585444602044783,5.157159051025645
JR,q,1.0,0.8200000000000001,2.5934183580167423,5.200203821630919
JR,q,1.0,0.8210000000000001,2.6013578303186686,5.242718750306424
JR,q,1.0,0.8220000000000001,2.609264068206788,5.284543749194229
JR,q,1.0,0.8230000000000001,2.6171397893281907,5.325516797643137
JR,q,1.0,0.8240000000000001,2.6249893797208355,5.365484375345845
JR,q,1.0,0.8250000000000001,2.632818893813545,5.404311864944499
JR,q,1.0,0.8260000000000001,2.640636054426009,5.441856683775592
JR,q,1.0,0.8270000000000001,2.648450252768785,5.477974602144563
JR,q,1.0,0.8280000000000001,2.6562702756172247,5.512513825956553
JR,q,1.0,0.8290000000000001,2.664090206419469,5.545310395098624
JR,q,1.0,0.8300000000000001,2.6719041470981018,5.576216816947786
JR,q,1.0,0.8310000000000001,2.67970860870589,5.605104475833772
JR,q,1.0,0.8320000000000001,2.687501768284725,5.631872770708775
JR,q,1.0,0.833,2.695283468865623,5.656451884270478
JR,q,1.0,0.834,2.7030552194687316,5.678790536844948
JR,q,1.0,0.835,2.7108201951033206,5.698832995317579
JR,q,1.0,0.836,2.7185832367677873,5.716536487581696
JR,q,1.0,0.837,2.726350851449657,5.7318613619729515
JR,q,1.0,0.838,2.7341312121255794,5.744772523770085
JR,q,1.0,0.839,2.741934157761332,5.755245366086294
JR,q,1.0,0.84,2.749766857534412,5.76327599522062
JR,q,1.0,0.841,2.7576219097795973,5.768887280255817
JR,q,1.0,0.842,2.765494291763883,5.772131751589362
JR,q,1.0,0.843,2.7733809660784825,5.773066207088221
JR,q,1.0,0.844,2.781280609081685,5.771734373702515
JR,q,1.0,0.845,2.789193610898853,5.768197995329175
JR,q,1.0,0.846,2.797122075422425,5.762512862147344
JR,q,1.0,0.847,2.805069820311913,5.754739323342826
JR,q,1.0,0.848,2.813042376993905,5.7449532879350365
JR,q,1.0,0.849,2.821046990662061,5.733241953252957
JR,q,1.0,0.85,2.8290926202771205,5.719696927089614
JR,q,1.0,0.851,2.8371899385668926,5.704425531925859
JR,q,1.0,0.852,2.8453442096430104,5.687540139396449
JR,q,1.0,0.853,2.85354766548489,5.669160614628302
JR,q,1.0,0.854,2.8617958793044815,5.649422769657731
JR,q,1.0,0.855,2.8700863000881385,5.628457995648424
JR,q,1.0,0.856,2.878418230795866,5.606403180610855
JR,q,1.0,0.857,2.8867928283613127,5.583409855536894
JR,q,1.0,0.858,2.89521310369178,5.559635382034611
JR,q,1.0,0.859,2.903683921668215,5.5352275904092725
JR,q,1.0,0.86,2.912212001145213,5.510318136794964
JR,q,1.0,0.861,2.920805914951019,5.485055178907306
JR,q,1.0,0.862,2.929476089887525,5.4595955101824245
JR,q,1.0,0.863,2.9382347264832704,5.434088525572702
JR,q,1.0,0.864,2.9470847614128655,5.408676472922038
JR,q,1.0,0.865,2.9560187737649892,5.383502313100543
JR,q,1.0,0.866,2.9650327537411942,5.35871704500177
JR,q,1.0,0.867,2.974124828876564,5.334449513766304
JR,q,1.0,0.868,2.9832952640397123,5.310807615384957
JR,q,1.0,0.869,2.9925464614327844,5.287895305006361
JR,q,1.0,0.87,3.001882960591458,5.265813689339612
JR,q,1.0,0.871,3.0113114383849386,5.2446683505074585
JR,q,1.0,0.872,3.0208407090159666,5.224570517267645
JR,q,1.0,0.873,3.0304817240208095,5.205626219945993
JR,q,1.0,0.874,3.040247572269268,5.187937631007761
JR,q,1.0,0.875,3.0501526557363197,5.171584900812361
JR,q,1.0,0.876,3.0601969770025716,5.156604673700218
JR,q,1.0,0.877,3.0703737285204524,5.143005896971728
JR,q,1.0,0.878,3.080679671019223,5.130771754924817
JR,q,1.0,0.879,3.0911142091946977,5.119886168443862
JR,q,1.0,0.88,3.1016793917092556,5.110318863833483
JR,q,1.0,0.881,3.112379911191829,5.102009137945663
JR,q,1.0,0.882,3.123223104237911,5.094887302448704
JR,q,1.0,0.883,3.1342189514095526,5.088856310543013
JR,q,1.0,0.884,3.1453800772353624,5.08378929151765
JR,q,1.0,0.885,3.15672175021051,5.079530793005686
JR,q,1.0,0.886,3.1682618827967213,5.075961769715153
JR,q,1.0,0.887,3.180016752196096,5.072972495497913
JR,q,1.0,0.888,3.191982023255409,5.070421689994786
JR,q,1.0,0.889,3.2041525028254356,5.068159492248017
JR,q,1.0,0.89,3.216526861899472,5.066029079612482
JR,q,1.0,0.891,3.2291073103734362,5.063876875524385
JR,q,1.0,0.892,3.241899597045867,5.061568900492589
JR,q,1.0,0.893,3.2549130096179253,5.059022436849515
JR,q,1.0,0.894,3.2681603746933923,5.05614270953558
JR,q,1.0,0.895,3.281658057778673,5.052831669964608
JR,q,1.0,0.896,3.295425963282793,5.049025015396814
JR,q,1.0,0.897,3.3094875345173973,5.0446596179932275
JR,q,1.0,0.898,3.323869437576065,5.0396874280410735
JR,q,1.0,0.899,3.3385829882778335,5.034078972124215
JR,q,1.0,0.9,3.3536216918864423,5.027823513188946
JR,q,1.0,0.901,3.3689840401115405,5.020885675015027
JR,q,1.0,0.902,3.3846736943939493,5.013235672168566
JR,q,1.0,0.903,3.400699485905669,5.004907048207074
JR,q,1.0,0.904,3.4170754155498697,4.995984375858172
JR,q,1.0,0.905,3.4338206539609004,4.986568508589581
JR,q,1.0,0.906,3.4509595415042846,4.976736192920079
JR,q,1.0,0.907,3.4685215882767193,4.966564051208805
JR,q,1.0,0.908,3.4865414741060774,4.956098390113701
JR,q,1.0,0.909,3.505059048551406,4.9453741760798975
JR,q,1.0,0.91,3.5241050263003393,4.934448341440743
JR,q,1.0,0.911,3.5436769261475245,4.923386993611848
JR,q,1.0,0.912,3.5637752323983602,4.912247294892594
JR,q,1.0,0.913,3.5844087199337067,4.901085739933382
JR,q,1.0,0.914,3.6055944535419386,4.889968048276701
JR,q,1.0,0.915,3.627357787918952,4.878942093754321
JR,q,1.0,0.916,3.649732367668158,4.868042021357837
JR,q,1.0,0.917,3.672760127300487,4.85729962567637
JR,q,1.0,0.918,3.6964912912343872,4.846733658869427
JR,q,1.0,0.919,3.7209843737958255,4.836333718114925
JR,q,1.0,0.92,3.7463061397670208,4.826074702552009
JR,q,1.0,0.921,3.7725080309336017,4.815959359634626
JR,q,1.0,0.922,3.7995944806354673,4.806001764571256
JR,q,1.0,0.923,3.8275760134239256,4.796231028227128
JR,q,1.0,0.924,3.8564777023870027,4.786674212540252
JR,q,1.0,0.925,3.886339169149444,4.777396426537818
JR,q,1.0,0.926,3.9172145838727115,4.768470911919202
JR,q,1.0,0.927,3.9491726652549857,4.75995154790224
JR,q,1.0,0.928,3.9822966805311646,4.751869069226656
JR,q,1.0,0.929,4.0166844454728645,4.744216779558254
JR,q,1.0,0.93,4.052448324388418,4.73698140058326
JR,q,1.0,0.931,4.0897095434432735,4.730169529450389
JR,q,1.0,0.932,4.128526040219419,4.723831484547905
JR,q,1.0,0.933,4.168921408409645,4.718020760321207
JR,q,1.0,0.934,4.21094490310469,4.712791852670465
JR,q,1.0,0.935,4.2546727919982175,4.708184099295781
JR,q,1.0,0.936,4.300208355386814,4.704201146518779
JR,q,1.0,0.937,4.347681886169995,4.700823949378253
JR,q,1.0,0.9380000000000001,4.39725068985019,4.698038264235957
JR,q,1.0,0.9390000000000001,4.449099084532765,4.695820006009188
JR,q,1.0,0.9400000000000001,4.503438400926003,4.694129292448288
JR,q,1.0,0.9410000000000001,4.5604973983695345,4.692936915793393
JR,q,1.0,0.9420000000000001,4.620406482005593,4.692222827396487
JR,q,1.0,0.9430000000000001,4.683251497373909,4.691957656660739
JR,q,1.0,0.9440000000000001,4.749162137742685,4.692090019345133
JR,q,1.0,0.9450000000000001,4.8183129264228395,4.692559436159796
JR,q,1.0,0.9460000000000001,4.890923216768007,4.693315281046181
JR,q,1.0,0.9470000000000001,4.967257192174534,4.694295932159817
JR,q,1.0,0.9480000000000001,5.047623866081482,4.695459961114952
JR,q,1.0,0.9490000000000001,5.132377081970628,4.696749454198245
JR,q,1.0,0.9500000000000001,5.221915513366466,4.69809638583165
JR,q,1.0,0.9510000000000001,5.316536833977997,4.699438961776765
JR,q,1.0,0.9520000000000001,5.416431310915185,4.700717920107931
JR,q,1.0,0.9530000000000001,5.521920604809751,4.701862507932336
JR,q,1.0,0.9540000000000001,5.633331897548061,4.702810588631882
JR,q,1.0,0.9550000000000001,5.750997394644992,4.703509236666756
JR,q,1.0,0.9560000000000001,5.875254325243945,4.703922545830206
JR,q,1.0,0.9570000000000001,6.006444942116833,4.704023618087556
JR,q,1.0,0.9580000000000001,6.144916521664089,4.703795212225774
JR,q,1.0,0.9590000000000001,6.2910213639146635,4.703234906147526
JR,q,1.0,0.96,6.445004857476899,4.702334176934354
JR,q,1.0,0.961,6.606729731534431,4.701072386496415
JR,q,1.0,0.962,6.776543056471989,4.699436040834425
JR,q,1.0,0.963,6.954637143654521,4.697421828524532
JR,q,1.0,0.964,7.1409544013467405,4.695048673483747
JR,q,1.0,0.965,7.33518733471312,4.6923511143191075
JR,q,1.0,0.966,7.536778545817896,4.689378043666966
JR,q,1.0,0.967,7.744920733625062,4.686175981243904
JR,q,1.0,0.968,7.958556693998375,4.682773521192192
JR,q,1.0,0.969,8.176425700506758,4.679191954710407
JR,q,1.0,0.97,8.397393524233241,4.67546658931801
JR,q,1.0,0.971,8.620276121715065,4.671622331342722
JR,q,1.0,0.972,8.843720013702367,4.667679860181534
JR,q,1.0,0.973,9.066205783068897,4.663669073834212
JR,q,1.0,0.974,9.286048074812033,4.6596116195168875
JR,q,1.0,0.975,9.501395596052777,4.655516235792014
JR,q,1.0,0.976,9.710231116035747,4.651398233838297
JR,q,1.0,0.977,9.910371466129188,4.647266282682063
JR,q,1.0,0.978,10.099697270259586,4.643128176804714
JR,q,1.0,0.979,10.277004230826599,4.638983754834763
JR,q,1.0,0.98,10.441187120446607,4.634844990770697
JR,q,1.0,0.981,10.591166018454881,4.630723379198153
JR,q,1.0,0.982,10.725900606258335,4.626617442816708
JR,q,1.0,0.983,10.844390167335503,4.622503250327273
JR,q,1.0,0.984,10.945673587236556,4.61835787043241
JR,q,1.0,0.985,11.02882935358329,4.61416129041636
JR,q,1.0,0.986,11.092983864934311,4.609887061023179
JR,q,1.0,0.987,11.137799634465878,4.605524967127311
JR,q,1.0,0.988,11.163407056862583,4.601062568374272
JR,q,1.0,0.989,11.169920077010845,4.596497260991488
JR,q,1.0,0.99,11.15748690391813,4.591838016140967
JR,q,1.0,0.991,11.126290010712937,4.5870951521739345
JR,q,1.0,0.992,11.076546134644822,4.582264323602183
JR,q,1.0,0.993,11.00850627708436,4.577330199396051
JR,q,1.0,0.994,10.92245572747124,4.572279638129689
JR,q,1.0,0.995,10.818860350215642,4.567105129065301
JR,q,1.0,0.996,10.698528956700411,4.561816546158731
JR,q,1.0,0.997,10.562290122561075,4.556435897170466
JR,q,1.0,0.998,10.41096718080165,4.551008897010358
JR,q,1.0,0.999,10.245378221794649,4.5455656325483575
JR,q,1.0,1.0,10.066336093281066,4.5401210150930815
JR,q,1.0,1.0010000000000001,9.874648400370381,4.53469526455725
JR,q,1.0,1.002,9.671117505540634,4.529293068032431
JR,q,1.0,1.0030000000000001,9.45655621114159,4.523924341303277
JR,q,1.0,1.004,9.232056506828998,4.5186086603423705
JR,q,1.0,1.0050000000000001,8.998682264138283,4.513365837680235
JR,q,1.0,1.006,8.757453724395612,4.508239245929826
JR,q,1.0,1.0070000000000001,8.509416922630512,4.503263735052141
JR,q,1.0,1.008,8.255643687576299,4.4984502323267215
JR,q,1.0,1.0090000000000001,7.997231641669654,4.493804840979535
JR,q,1.0,1.01,7.735304201051051,4.48933421110967
JR,q,1.0,1.0110000000000001,7.471010575564309,4.485047976829953
JR,q,1.0,1.012,7.2055661025278095,4.480953789813523
JR,q,1.0,1.0130000000000001,6.9402449493050895,4.477052703569687
JR,q,1.0,1.014,6.676171549949029,4.473343175857718
JR,q,1.0,1.0150000000000001,6.41451081640159,4.469821527698105
JR,q,1.0,1.016,6.15648162241793,4.466478945644532
JR,q,1.0,1.0170000000000001,5.903356803565938,4.463300492435195
JR,q,1.0,1.018,5.656463157226684,4.4602716827437385
JR,q,1.0,1.0190000000000001,5.417181442593975,4.457356328861268
JR,q,1.0,1.02,5.1869462705283365,4.4545080036881854
JR,q,1.0,1.0210000000000001,4.966896852400723,4.451676541108316
JR,q,1.0,1.022,4.758062273438043,4.448826996685267
JR,q,1.0,1.0230000000000001,4.5616111617011335,4.44593686105195
JR,q,1.0,1.024,4.3785695247796,4.4429881353803315
JR,q,1.0,1.025,4.209820749791454,4.439951366825932
JR,q,1.0,1.026,4.056105603383315,4.436792035138995
JR,q,1.0,1.027,3.918022231730454,4.433469742121753
JR,q,1.0,1.028,3.796026160536581,4.429938218847059
JR,q,1.0,1.029,3.6904302950340977,4.4261719525762935
JR,q,1.0,1.03,3.601391283712644,4.422155203296915
JR,q,1.0,1.031,3.5287797836440262,4.417879408596064
JR,q,1.0,1.032,3.4722548240331754,4.413339909111425
JR,q,1.0,1.033,3.4312724990864254,4.408520881773702
JR,q,1.0,1.034,3.4050758101869256,4.403402584041867
JR,q,1.0,1.035,3.3926946658947017,4.397976085146584
JR,q,1.0,1.036,3.392920637890306,4.392242924452323
JR,q,1.0,1.037,3.4042627019582525,4.386190018141937
JR,q,1.0,1.038,3.4250780640461365,4.379817791627595
JR,q,1.0,1.039,3.4535892811958355,4.373132145791519
JR,q,1.0,1.04,3.487883754848248,4.366140092521174
JR,q,1.0,1.041,3.525878839047447,4.358846223634222
JR,q,1.0,1.042,3.5652390936378424,4.351254047621064
JR,q,1.0,1.043,3.6042658727383454,4.343383067812927
JR,q,1.0,1.044,3.641443783888281,4.335247015640988
JR,q,1.0,1.045,3.6753055544548303,4.326872821889207
JR,q,1.0,1.046,3.7044320316331003,4.318286746811095
JR,q,1.0,1.047,3.7274521824460614,4.309503799645101
JR,q,1.0,1.048,3.743043093744607,4.30052791460808
JR,q,1.0,1.049,3.750204261362409,4.29137469445652
JR,q,1.0,1.05,3.7491918954267938,4.2820523908531705
JR,q,1.0,1.051,3.7405336520925303,4.272586562924113
JR,q,1.0,1.052,3.724661028745267,4.262996442079571
JR,q,1.0,1.053,3.701909429998688,4.253304115317981
JR,q,1.0,1.054,3.6725181676944665,4.24352318974253
JR,q,1.0,1.055,3.6366305991890275,4.233676516758023
JR,q,1.0,1.056,3.594776412268521,4.223799942627084
JR,q,1.0,1.057,3.548194178192338,4.213924034838988
JR,q,1.0,1.058,3.497905992416907,4.204096808544932
JR,q,1.0,1.059,3.4447378541529687,4.194367700217086
JR,q,1.0,1.06,3.3893196663655125,4.184778925107713
JR,q,1.0,1.061,3.3320852357738495,4.17536042927894
JR,q,1.0,1.062,3.2732750479804036,4.1661422244165545
JR,q,1.0,1.063,3.2133647072557174,4.157160055927242
JR,q,1.0,1.064,3.152994358035908,4.148453928047686
JR,q,1.0,1.065,3.092581521373983,4.1400722732471715
JR,q,1.0,1.066,3.032449104512043,4.132065153065248
JR,q,1.0,1.067,2.972825400881387,4.1244677557268945
JR,q,1.0,1.068,2.9138440901023994,4.11730559322882
JR,q,1.0,1.069,2.8555442379846667,4.110623699677718
JR,q,1.0,1.07,2.797870296526863,4.104457070726346
JR,q,1.0,1.071,2.7408954845282185,4.098834427505912
JR,q,1.0,1.072,2.684836777286783,4.093785133474048
JR,q,1.0,1.073,2.629564724466899,4.089337114762061
JR,q,1.0,1.074,2.574984225611024,4.085512384257769
JR,q,1.0,1.075,2.521042250174389,4.082342886591619
JR,q,1.0,1.076,2.467727837524917,4.079853055578045
JR,q,1.0,1.077,2.4150720969432964,4.0780576302258496
JR,q,1.0,1.078,2.363148207622915,4.076970841955119
JR,q,1.0,1.079,2.312071418669923,4.076586811581296
JR,q,1.0,1.08,2.2619767764480034,4.076887026816338
JR,q,1.0,1.081,2.212774381847849,4.077861377498262
JR,q,1.0,1.082,2.164298650641408,4.0794945301651735
JR,q,1.0,1.083,2.116445828425908,4.081753710267856
JR,q,1.0,1.084,2.0691742788294505,4.084595780001154
JR,q,1.0,1.085,2.022504483511103,4.087969043267283
JR,q,1.0,1.086,1.976519042160806,4.091822070912982
JR,q,1.0,1.087,1.931362672499466,4.096102897010026
JR,q,1.0,1.088,1.8872422102788615,4.100755243654677
JR,q,1.0,1.089,1.8444266092817347,4.105714581297517
JR,q,1.0,1.09,1.8030714924894955,4.110908830637173
JR,q,1.0,1.091,1.7629684821289633,4.116266426486282
JR,q,1.0,1.092,1.724052809737712,4.121725836275024
JR,q,1.0,1.093,1.6862992587385914,4.127236949936439
JR,q,1.0,1.094,1.6497173549415933,4.13274955601318
JR,q,1.0,1.095,1.614351366543909,4.138207957119162
JR,q,1.0,1.096,1.5802803041298734,4.1435695008163735
JR,q,1.0,1.097,1.5476179206710219,4.148796443622125
JR,q,1.0,1.098,1.5165127115260306,4.1538606530130435
JR,q,1.0,1.099,1.487142847123736,4.158752288745226
JR,q,1.0,1.1,1.4594956746103493,4.1634588207448
JR,q,1.0,1.101,1.4334542308160705,4.167970476193624
JR,q,1.0,1.102,1.4089598724592873,4.1722879619600555
JR,q,1.0,1.103,1.385975736727528,4.1764315047081295
JR,q,1.0,1.104,1.3644867412774193,4.180420645367346
JR,q,1.0,1.105,1.3444995842347156,4.18427710773297
JR,q,1.0,1.106,1.3260427441942788,4.188028195472005
JR,q,1.0,1.107,1.3091664802200969,4.191698846169078
JR,q,1.0,1.108,1.2939428318452606,4.195314790993496
JR,q,1.0,1.109,1.2804319245199371,4.1989177308605665
JR,q,1.0,1.11,1.2685230405942347,4.202545139662698
JR,q,1.0,1.111,1.25811701563571,4.206227273273139
JR,q,1.0,1.112,1.2491371234303106,4.209994836334879
JR,q,1.0,1.113,1.241522141680039,4.2138812803773185
JR,q,1.0,1.114,1.2352263520029378,4.217917524623558
JR,q,1.0,1.115,1.2302195399331017,4.2221193805169115
JR,q,1.0,1.116,1.226486994920668,4.226498151070176
JR,q,1.0,1.117,1.2240295103318202,4.23106556941019
JR,q,1.0,1.118,1.2228633834487912,4.235837232608465
JR,q,1.0,1.119,1.222995740310716,4.240830258704367
JR,q,1.0,1.12,1.2243141379282312,4.246058957129226
JR,q,1.0,1.121,1.226725178054875,4.2515357221175725
JR,q,1.0,1.122,1.2301518380183465,4.257281972050293
JR,q,1.0,1.123,1.23452748449116,4.2633238722856355
JR,q,1.0,1.124,1.2397958734906567,4.269684389738113
JR,q,1.0,1.125,1.2459111503789932,4.276372157293491
JR,q,1.0,1.1260000000000001,1.252837849863151,4.283395044539413
JR,q,1.0,1.127,1.2605508959949274,4.290762354477838
JR,q,1.0,1.1280000000000001,1.2690356021709492,4.298483972790013
JR,q,1.0,1.129,1.2782876711326523,4.3065801052338655
JR,q,1.0,1.1300000000000001,1.2882688095847223,4.315077985787277
JR,q,1.0,1.131,1.298886628517356,4.324006176611452
JR,q,1.0,1.1320000000000001,1.3100799394020894,4.333395981054787
JR,q,1.0,1.133,1.3217937450071613,4.343265628042679
JR,q,1.0,1.1340000000000001,1.333979115332304,4.3536179272287265
JR,q,1.0,1.135,1.3465931876087263,4.364449239420682
JR,q,1.0,1.1360000000000001,1.3595991662991294,4.3757558728453745
JR,q,1.0,1.137,1.372966323097689,4.387530384112295
JR,q,1.0,1.1380000000000001,1.3866699969300713,4.399760334799331
JR,q,1.0,1.139,1.4006915939534208,4.412437933440897
JR,q,1.0,1.1400000000000001,1.415018587556374,4.425566247227327
JR,q,1.0,1.141,1.4296426586758866,4.439144686726167
JR,q,1.0,1.1420000000000001,1.4445154092393269,4.453172611586438
JR,q,1.0,1.143,1.4595900186413475,4.467658019665406
JR,q,1.0,1.1440000000000001,1.474833752243896,4.4825939134305
JR,q,1.0,1.145,1.4902168540489873,4.497974391263087
JR,q,1.0,1.1460000000000001,1.505712546698735,4.51379719380149
JR,q,1.0,1.147,1.5212970314753216,4.530043795610523
JR,q,1.0,1.1480000000000001,1.536949488301028,4.546692928970587
JR,q,1.0,1.149,1.5526520757382056,4.563738278129988
JR,q,1.0,1.1500000000000001,1.568389930989302,4.5811748023071095
JR,q,1.0,1.151,1.5841511698968356,4.5989950884124315
JR,q,1.0,1.1520000000000001,1.5999268869434227,4.617182660539767
JR,q,1.0,1.153,1.615711155251749,4.635719590660297
JR,q,1.0,1.154,1.6315005823748527,4.6545782704100445
JR,q,1.0,1.155,1.6472723616919067,4.673712670251306
JR,q,1.0,1.156,1.6630029271549418,4.693084950012848
JR,q,1.0,1.157,1.67867813577329,4.71266621370627
JR,q,1.0,1.158,1.694285430280094,4.732415353969401
JR,q,1.0,1.159,1.7098138391323374,4.752273660935132
JR,q,1.0,1.16,1.725253976510818,4.772183608253272
JR,q,1.0,1.161,1.7405980423201695,4.79207842381603
JR,q,1.0,1.162,1.7558398221888423,4.811895217881619
JR,q,1.0,1.163,1.7709746874691241,4.831577442277237
JR,q,1.0,1.164,1.7859995952371168,4.851059527429061
JR,q,1.0,1.165,1.800913088292762,4.8702760068012605
JR,q,1.0,1.166,1.8157152951598121,4.889168306683913
JR,q,1.0,1.167,1.830407930085863,4.907689611718336
JR,q,1.0,1.168,1.844992246043395,4.925786460873124
JR,q,1.0,1.169,1.8594534276558297,4.943408579740773
JR,q,1.0,1.17,1.873783514182982,4.960496914514012
JR,q,1.0,1.171,1.8879783612737189,4.976989492816659
JR,q,1.0,1.172,1.9020349372262197,4.992839649599273
JR,q,1.0,1.173,1.9159513229879992,5.008006703139427
JR,q,1.0,1.174,1.9297267121558845,5.022461215273406
JR,q,1.0,1.175,1.9433614109760362,5.0361881821306795
JR,q,1.0,1.176,1.95685683834393,5.049169591652438
JR,q,1.0,1.177,1.970215525804373,5.061372354821781
JR,q,1.0,1.178,1.9834411175514886,5.072754693859277
JR,q,1.0,1.179,1.9965377483088997,5.083271002194927
JR,q,1.0,1.18,2.009503309459177,5.092887971555154
JR,q,1.0,1.181,2.0223339161641376,5.10157706414441
JR,q,1.0,1.182,2.0350271551768717,5.10931811962614
JR,q,1.0,1.183,2.047581822292359,5.116109321798289
JR,q,1.0,1.184,2.059997922347439,5.121954338420396
JR,q,1.0,1.185,2.0722766692208396,5.126852450443819
JR,q,1.0,1.186,2.0844204858331508,5.130795074316032
JR,q,1.0,1.187,2.0964330041468457,5.133774954167365
JR,q,1.0,1.188,2.1083190651662664,5.135789092584218
JR,q,1.0,1.189,2.120084718937634,5.136842943160003
JR,q,1.0,1.19,2.1317366728571083,5.136940322517121
JR,q,1.0,1.191,2.1432747091364366,5.136101972204351
JR,q,1.0,1.192,2.154694245994244,5.134375711607373
JR,q,1.0,1.193,2.1659921674855194,5.131807917328547
JR,q,1.0,1.194,2.1771669048183737,5.12843853612482
JR,q,1.0,1.195,2.1882184363540627,5.124303865855782
JR,q,1.0,1.196,2.1991482876069646,5.1194363980247495
JR,q,1.0,1.197,2.2099595312446008,5.113864532471679
JR,q,1.0,1.198,2.220656787087617,5.107622431524432
JR,q,1.0,1.199,2.2312462221097995,5.100741574017773
JR,q,1.0,1.2,2.241735550438062,5.093260446286143
JR,q,1.0,1.201,2.252134033352459,5.085228721856121
JR,q,1.0,1.202,2.2624463696698935,5.076693644997974
JR,q,1.0,1.203,2.272665761100712,5.067689304617131
JR,q,1.0,1.204,2.282787807655383,5.058236209338857
JR,q,1.0,1.205,2.2928098059192354,5.048349766248687
JR,q,1.0,1.206,2.3027307375005677,5.038043844861492
JR,q,1.0,1.207,2.3125512690306587,5.027327786350841
JR,q,1.0,1.208,2.3222737521637504,5.0162117520923495
JR,q,1.0,1.209,2.3319022235770714,5.004722307870175
JR,q,1.0,1.21,2.341442404970812,4.992895786773451
JR,q,1.0,1.211,2.350901703068144,4.980752092343971
JR,q,1.0,1.212,2.360289209615209,4.968309210119371
JR,q,1.0,1.213,2.369614907987916,4.9556062593237655
JR,q,1.0,1.214,2.378876169038802,4.942690293094792
JR,q,1.0,1.215,2.388066277585456,4.929618029744018
JR,q,1.0,1.216,2.397181422705026,4.916450439980566
JR,q,1.0,1.217,2.406219491865923,4.903266476726711
JR,q,1.0,1.218,2.4151800709278106,4.890152319851493
JR,q,1.0,1.219,2.424064444141615,4.877161493794021
JR,q,1.0,1.22,2.4328755941495146,4.864342756287604
JR,q,1.0,1.221,2.4416182019849524,4.851742600202083
JR,q,1.0,1.222,2.45029864707262,4.839424250253224
JR,q,1.0,1.223,2.4589250072284767,4.8274506746699934
JR,q,1.0,1.224,2.4675070586597294,4.815881533107732
JR,q,1.0,1.225,2.4760519179779608,4.804754057728373
JR,q,1.0,1.226,2.484552167803179,4.794094441367049
JR,q,1.0,1.227,2.493002613460934,4.783931138370736
JR,q,1.0,1.228,2.501400001025567,4.774277746983036
JR,q,1.0,1.229,2.509742763412285,4.765134687721975
JR,q,1.0,1.23,2.5180310203771517,4.756501656605775
JR,q,1.0,1.231,2.5262665785170904,4.748384823586189
JR,q,1.0,1.232,2.5344529312698816,4.740770225350983
JR,q,1.0,1.233,2.542595258914172,4.733644731678026
JR,q,1.0,1.234,2.550700428569459,4.727023721276445
JR,q,1.0,1.235,2.5587769941961054,4.720920264589989
JR,q,1.0,1.236,2.566835181711598,4.715332261714992
JR,q,1.0,1.237,2.5748772699662736,4.7102361813978115
JR,q,1.0,1.238,2.58289520057648,4.705587966682702
JR,q,1.0,1.239,2.590884551225477,4.701322785304682
JR,q,1.0,1.24,2.5988425661654966,4.6973989724773135
JR,q,1.0,1.241,2.6067681562177554,4.693808408182179
JR,q,1.0,1.242,2.61466189877244,4.690543469935693
JR,q,1.0,1.243,2.622526037788721,4.687604639260841
JR,q,1.0,1.244,2.6303644837947404,4.684980322955502
JR,q,1.0,1.245,2.6381828138876227,4.682628298730364
JR,q,1.0,1.246,2.645988271733465,4.680479468603402
JR,q,1.0,1.247,2.6537897675673463,4.678468644222806
JR,q,1.0,1.248,2.6615974067221977,4.676552989313727
JR,q,1.0,1.249,2.6694094467110916,4.6746811100022025
JR,q,1.0,1.25,2.6772187107509673,4.672804234410869
JR,q,1.0,1.2510000000000001,2.6850212389898664,4.670870074782834
JR,q,1.0,1.252,2.692814739047761,4.668832508944785
JR,q,1.0,1.2530000000000001,2.700598586016571,4.6666355799222625
JR,q,1.0,1.254,2.708373822460144,4.664240370027801
JR,q,1.0,1.2550000000000001,2.7161431584142766,4.661628342878459
JR,q,1.0,1.256,2.7239109713866956,4.658785216007406
JR,q,1.0,1.2570000000000001,2.731683306357073,4.655702410727553
JR,q,1.0,1.258,2.739467875777013,4.652377425576902
JR,q,1.0,1.2590000000000001,2.7472740595700635,4.648800489108616
JR,q,1.0,1.26,2.755111474894089,4.64498436832321
JR,q,1.0,1.2610000000000001,2.7629757852812444,4.640970233598656
JR,q,1.0,1.262,2.77086074968346,4.6368105887028985
JR,q,1.0,1.2630000000000001,2.7787628449573556,4.6325459500344515
JR,q,1.0,1.264,2.7866802687908034,4.628197603183605
JR,q,1.0,1.2650000000000001,2.794612939702939,4.623794939448504
JR,q,1.0,1.266,2.8025624970441454,4.6193734512877915
JR,q,1.0,1.2670000000000001,2.81053230099607,4.61494871775015
JR,q,1.0,1.268,2.8185274325716114,4.610547553694816
JR,q,1.0,1.2690000000000001,2.826554693614929,4.606208707910359
JR,q,1.0,1.27,2.8346226068014335,4.601960197625665
JR,q,1.0,1.2710000000000001,2.8427414156378004,4.597805692763711
JR,q,1.0,1.272,2.8509201047103754,4.59374100712704
JR,q,1.0,1.2730000000000001,2.8591526559097247,4.589754650386593
JR,q,1.0,1.274,2.8674336415291695,4.585836574451612
JR,q,1.0,1.2750000000000001,2.8757599859567806,4.581978770039139
JR,q,1.0,1.276,2.884130484620459,4.57814903495143
JR,q,1.0,1.2770000000000001,2.892545803987945,4.574308208137533
JR,q,1.0,1.278,2.9010084815668096,4.570423323962305
JR,q,1.0,1.2790000000000001,2.9095229259044646,4.566469369638417
JR,q,1.0,1.28,2.9180954165881494,4.562421053039697
JR,q,1.0,1.281,2.926734104244944,4.558249642523396
JR,q,1.0,1.282,2.9354490105417654,4.5539193266718225
JR,q,1.0,1.283,2.9442520281853564,4.54937769426076
JR,q,1.0,1.284,2.9531513175557524,4.54458394438161
JR,q,1.0,1.285,2.9621397119071737,4.539501172443677
JR,q,1.0,1.286,2.971212464734559,4.534107121649682
JR,q,1.0,1.287,2.980367116936561,4.52839545363647
JR,q,1.0,1.288,2.98960337849563,4.522364453526776
JR,q,1.0,1.289,2.99892312847799,4.516021753256142
JR,q,1.0,1.29,3.008330415033658,4.509387556686206
JR,q,1.0,1.291,3.0178314553964314,4.502490640327089
JR,q,1.0,1.292,3.027434635883897,4.495357622504584
JR,q,1.0,1.293,3.037150511897423,4.488010479072655
JR,q,1.0,1.294,3.0469918079221685,4.480472458216794
JR,q,1.0,1.295,3.056973388715945,4.47278346227994
JR,q,1.0,1.296,3.0671012491193945,4.464972099923362
JR,q,1.0,1.297,3.077367907605599,4.4570621390344485
JR,q,1.0,1.298,3.0877694006927365,4.449106654809636
JR,q,1.0,1.299,3.0983044646440527,4.441173772210849
JR,q,1.0,1.3,3.108974535467876,4.4333156282480335
JR,q,1.0,1.301,3.1197837489176012,4.4255717220420046
JR,q,1.0,1.302,3.13073894049171,4.417970413190169
JR,q,1.0,1.303,3.141849645433744,4.410538255449362
JR,q,1.0,1.304,3.1531280987323362,4.403298940919067
JR,q,1.0,1.305,3.1645892351211793,4.396286021148199
JR,q,1.0,1.306,3.1762506890790565,4.389517346957601
JR,q,1.0,1.307,3.1881314358223216,4.383007438781084
JR,q,1.0,1.308,3.200232548793597,4.376767030438912
JR,q,1.0,1.309,3.21254753322014,4.370795862092278
JR,q,1.0,1.31,3.2250742045149465,4.365075142178767
JR,q,1.0,1.311,3.2378140166262894,4.359583990570921
JR,q,1.0,1.312,3.25077206203774,4.354314918248021
JR,q,1.0,1.313,3.2639570717681448,4.349255489966902
JR,q,1.0,1.314,3.2773814153716536,4.34437602460184
JR,q,1.0,1.315,3.291061100937691,4.339636684285555
JR,q,1.0,1.316,3.3050157750909803,4.335005142418247
JR,q,1.0,1.317,3.3192687229915236,4.330446833498865
JR,q,1.0,1.318,3.3338468683346205,4.325936034541514
JR,q,1.0,1.319,3.3487695424618473,4.321453046277498
JR,q,1.0,1.32,3.3640312014825984,4.316980045364321
JR,q,1.0,1.321,3.3796291831077863,4.312505278391755
JR,q,1.0,1.322,3.3955661865410627,4.308024228633872
JR,q,1.0,1.323,3.4118502664059234,4.303541739379389
JR,q,1.0,1.324,3.428494832745735,4.299052569771396
JR,q,1.0,1.325,3.4455186510237086,4.294567548469621
JR,q,1.0,1.326,3.4629458421229273,4.290104340304344
JR,q,1.0,1.327,3.480805882346317,4.285673737351084
JR,q,1.0,1.328,3.4991336034166762,4.28129514190049
JR,q,1.0,1.329,3.517969192476646,4.277000332572345
JR,q,1.0,1.33,3.5373508860925207,4.2728238922717265
JR,q,1.0,1.331,3.557281669109946,4.268797040526506
JR,q,1.0,1.332,3.577760343604277,4.2649478321361975
JR,q,1.0,1.333,3.598794507233678,4.261290336366353
JR,q,1.0,1.334,3.6204004120375513,4.2578321353959065
JR,q,1.0,1.335,3.642602964436497,4.254572602969382
JR,q,1.0,1.336,3.6654357252323524,4.25151508023094
JR,q,1.0,1.337,3.6889409096081542,4.248685085558567
JR,q,1.0,1.338,3.713169387128177,4.246102176526939
JR,q,1.0,1.339,3.738180681737892,4.243773085651689
JR,q,1.0,1.34,3.7640429717640096,4.241685686057372
JR,q,1.0,1.341,3.79081916769861,4.239815487528816
JR,q,1.0,1.342,3.8185201401334132,4.238147461126735
JR,q,1.0,1.343,3.847154613187249,4.236677060005702
JR,q,1.0,1.344,3.8767466259688512,4.235435915095884
JR,q,1.0,1.345,3.9073355072156373,4.234453214695516
JR,q,1.0,1.346,3.9389758752937594,4.2337447235931025
JR,q,1.0,1.347,3.971737638198052,4.233309922490421
JR,q,1.0,1.348,4.0057059935520885,4.233151172218102
JR,q,1.0,1.349,4.040981428608121,4.233273043431535
JR,q,1.0,1.35,4.077679720247143,4.233697796140621
JR,q,1.0,1.351,4.115929578600616,4.234472246777133
JR,q,1.0,1.352,4.15580807230057,4.2356357899634025
JR,q,1.0,1.353,4.197339802059839,4.2372062946795275
JR,q,1.0,1.354,4.24057362291035,4.239190606347885
JR,q,1.0,1.355,4.28558679676272,4.241588725651451
JR,q,1.0,1.356,4.332484992406344,4.244388774540514
JR,q,1.0,1.357,4.381402285509301,4.247584692702597
JR,q,1.0,1.358,4.432501158618453,4.251192771950858
JR,q,1.0,1.359,4.485972501159347,4.25523313698627
JR,q,1.0,1.36,4.54203560943631,4.259716457104796
JR,q,1.0,1.361,4.60093267118506,4.264648384744677
JR,q,1.0,1.362,4.662817821026161,4.270017086003819
JR,q,1.0,1.363,4.727782577143567,4.275787950391537
JR,q,1.0,1.364,4.795961877493517,4.281945078090123
JR,q,1.0,1.365,4.867536383210325,4.288486845781321
JR,q,1.0,1.366,4.942732478606498,4.295418266702227
JR,q,1.0,1.367,5.021822271172607,4.302744844210026
JR,q,1.0,1.368,5.105123591577424,4.310477168024349
JR,q,1.0,1.369,5.192999993667786,4.318619288058117
JR,q,1.0,1.37,5.285860754468729,4.3271721049282945
JR,q,1.0,1.371,5.384028487652727,4.336141635412775
JR,q,1.0,1.372,5.487682581948011,4.345538039291038
JR,q,1.0,1.373,5.597171349028231,4.355363834837969
JR,q,1.0,1.374,5.712838884053624,4.365610661919054
JR,q,1.0,1.375,5.835021342338621,4.376270750459457
JR,q,1.0,1.3760000000000001,5.964046939352044,4.387352364629351
JR,q,1.0,1.377,6.100235950716888,4.3988557720238255
JR,q,1.0,1.3780000000000001,6.243900712210557,4.410766367926359
JR,q,1.0,1.379,6.395345619764619,4.423051092264219
JR,q,1.0,1.3800000000000001,6.554798139382716,4.435663820975808
JR,q,1.0,1.381,6.7220651038050345,4.4485595133638425
JR,q,1.0,1.3820000000000001,6.897394918972182,4.461693475333322
JR,q,1.0,1.383,7.08091155989762,4.475011330756136
JR,q,1.0,1.3840000000000001,7.272472136253628,4.488478866832851
JR,q,1.0,1.385,7.471666892370986,4.502066037680739
JR,q,1.0,1.3860000000000001,7.677819207239305,4.515726274649492
JR,q,1.0,1.387,7.889985594506685,4.529409120980419
JR,q,1.0,1.3880000000000001,8.10695570248007,4.543071639499101
JR,q,1.0,1.389,8.327310149243925,4.556670027184076
JR,q,1.0,1.3900000000000001,8.549809563730948,4.570155474223539
JR,q,1.0,1.391,8.7731650641085,4.583485955729563
JR,q,1.0,1.3920000000000001,8.995938907367186,4.596637098284143
JR,q,1.0,1.393,9.216552745476285,4.609595675354018
JR,q,1.0,1.3940000000000001,9.433287625384153,4.622335013949866
JR,q,1.0,1.395,9.644283989017824,4.634820683808024
JR,q,1.0,1.3960000000000001,9.847541673283398,4.647014478153284
JR,q,1.0,1.397,10.040919910065668,4.658874956169518
JR,q,1.0,1.3980000000000001,10.222410789092446,4.670377872033131
JR,q,1.0,1.399,10.390914494635286,4.6814833221206875
JR,q,1.0,1.4000000000000001,10.545406143237418,4.692142752011177
JR,q,1.0,1.401,10.684896589181669,4.702324246516892
JR,q,1.0,1.4020000000000001,10.808440374133596,4.71198499425794
JR,q,1.0,1.403,10.915135727141243,4.721068784541258
JR,q,1.0,1.4040000000000001,11.004124564635351,4.729512957761396
JR,q,1.0,1.405,11.074592490429168,4.7372574004584775
JR,q,1.0,1.4060000000000001,11.125789282908475,4.744259983882427
JR,q,1.0,1.407,11.157546538633149,4.750475555183654
JR,q,1.0,1.408,11.170061080580268,4.75586592811085
JR,q,1.0,1.409,11.163519952953726,4.7604025364817435
JR,q,1.0,1.41,11.13814111856426,4.764062972176704
JR,q,1.0,1.411,11.094173458829426,4.766823083074293
JR,q,1.0,1.412,11.031896773773646,4.768663529702519
JR,q,1.0,1.413,10.951621782028127,4.769581231139248
JR,q,1.0,1.414,10.853690952848233,4.769588159253421
JR,q,1.0,1.415,10.738653555981147,4.768699664913517
JR,q,1.0,1.416,10.607360749140923,4.766932329889642
JR,q,1.0,1.417,10.46066940230238,4.764313505029117
JR,q,1.0,1.418,10.29943016260986,4.760891938848332
JR,q,1.0,1.419,10.124487454376977,4.756722170251434
JR,q,1.0,1.42,9.936679479086887,4.751863164478292
JR,q,1.0,1.421,9.736838215392005,4.746384698996248
JR,q,1.0,1.422,9.525789419114304,4.740344645150588
JR,q,1.0,1.423,9.30437411415742,4.733786346443944
JR,q,1.0,1.424,9.073721683651192,4.726743305570462
JR,q,1.0,1.425,8.834894193826875,4.7192460000115934
JR,q,1.0,1.426,8.588917114758278,4.711336072600228
JR,q,1.0,1.427,8.336846880748784,4.703061640343833
JR,q,1.0,1.428,8.079770890331812,4.694464877486378
JR,q,1.0,1.429,7.818807506270355,4.685567235940045
JR,q,1.0,1.43,7.555106055557461,4.676385275223464
JR,q,1.0,1.431,7.289846829415735,4.666939488195675
JR,q,1.0,1.432,7.024261254532954,4.657241960355877
JR,q,1.0,1.433,6.759635521362947,4.647302435846687
JR,q,1.0,1.434,6.497122798675436,4.637149661787008
JR,q,1.0,1.435,6.23790168163616,4.626824196803716
JR,q,1.0,1.436,5.98319582200892,4.616364059121397
JR,q,1.0,1.437,5.734273928155115,4.605809992529961
JR,q,1.0,1.438,5.492449765034202,4.595225737827872
JR,q,1.0,1.439,5.259082154203249,4.584688438470423
JR,q,1.0,1.44,5.035574973817347,4.574279451010553
JR,q,1.0,1.441,4.823099424272765,4.564060243876579
JR,q,1.0,1.442,4.622589655997871,4.554086569559501
JR,q,1.0,1.443,4.435153976057087,4.544404949196027
JR,q,1.0,1.444,4.2617489609601975,4.5350649602877775
JR,q,1.0,1.445,4.103177258676315,4.526128856887554
JR,q,1.0,1.446,3.960087588634206,4.517650681099436
JR,q,1.0,1.447,3.832974741722005,4.509675807862596
JR,q,1.0,1.448,3.7221795802874666,4.502234264956524
JR,q,1.0,1.449,3.6278890381377487,4.495345839464568
JR,q,1.0,1.45,3.550110063600002,4.4890168839221305
JR,q,1.0,1.451,3.4885560767281767,4.483267755392159
JR,q,1.0,1.452,3.4427368457363663,4.478126324332258
JR,q,1.0,1.453,3.411954961655603,4.473593981259051
JR,q,1.0,1.454,3.3953024900741333,4.469651632370921
JR,q,1.0,1.455,3.391660971137348,4.466286292578196
JR,q,1.0,1.456,3.399661736070481,4.46347619370697
JR,q,1.0,1.457,3.417668004108812,4.461199915891585
JR,q,1.0,1.458,3.443929852869008,4.459457034857611
JR,q,1.0,1.459,3.4765878146633433,4.458244544221759
JR,q,1.0,1.46,3.513672719855176,4.45757157781033
JR,q,1.0,1.461,3.553085235854251,4.457455223614403
JR,q,1.0,1.462,3.5925892991197017,4.457895514219659
JR,q,1.0,1.463,3.6305430565489445,4.458885303763548
JR,q,1.0,1.464,3.6654979858960495,4.460407061592107
JR,q,1.0,1.465,3.6960766780742347,4.462457142859359
JR,q,1.0,1.466,3.7209728371558057,4.465033146520815
JR,q,1.0,1.467,3.738951280372195,4.468162813898702
JR,q,1.0,1.468,3.7488803314569665,4.471877842626748
JR,q,1.0,1.469,3.7504869460624377,4.4761922789069875
JR,q,1.0,1.47,3.7442698246433928,4.481091878294354
JR,q,1.0,1.471,3.730677659371173,4.486553610133764
JR,q,1.0,1.472,3.710074081870463,4.492558912190837
JR,q,1.0,1.473,3.6827376632192728,4.499104462416897
JR,q,1.0,1.474,3.6488619139489717,4.506193315271613
JR,q,1.0,1.475,3.6087761685840576,4.513828806747785
JR,q,1.0,1.476,3.563622851049912,4.522006820310145
JR,q,1.0,1.477,3.514484582443165,4.530720942040218
JR,q,1.0,1.478,3.462240196719865,4.539968384037553
JR,q,1.0,1.479,3.4075712047922337,4.549737307207704
JR,q,1.0,1.48,3.3509617945287467,4.560038725795202
JR,q,1.0,1.481,3.2926988307540643,4.570875365862858
JR,q,1.0,1.482,3.233109490634874,4.582245483850265
JR,q,1.0,1.483,3.172904780112276,4.594138096574203
JR,q,1.0,1.484,3.1125385929560867,4.606542606777311
JR,q,1.0,1.485,3.0523629156998116,4.619464761782353
JR,q,1.0,1.486,2.9926342137755952,4.632926692331289
JR,q,1.0,1.487,2.933513431514136,4.646961604616062
JR,q,1.0,1.488,2.875065992144769,4.661603713213531
JR,q,1.0,1.489,2.8172617977953855,4.676865864836198
JR,q,1.0,1.49,2.7600788109296417,4.692752673480274
JR,q,1.0,1.491,2.7038026520855496,4.709261574168738
JR,q,1.0,1.492,2.6483426499438103,4.726367556417029
JR,q,1.0,1.493,2.5935938264135583,4.744055134388738
JR,q,1.0,1.494,2.5394927767089346,4.762327773329717
JR,q,1.0,1.495,2.486017669348982,4.781180573627823
JR,q,1.0,1.496,2.433188246157746,4.800592461455626
JR,q,1.0,1.497,2.3810658222641763,4.820524976585132
JR,q,1.0,1.498,2.3297532861022177,4.840927256108307
JR,q,1.0,1.499,2.279392595805687,4.861742682995875
JR,q,1.0,1.5,2.2299668263066224,4.882914002563042
JR,q,1.0,1.5010000000000001,2.181300883386154,4.904376755478854
JR,q,1.0,1.502,2.1332743752056906,4.9260653945035635
JR,q,1.0,1.5030000000000001,2.085829132350428,4.94791755645993
JR,q,1.0,1.504,2.0389692078294406,4.96987780168672
JR,q,1.0,1.5050000000000001,1.9927608770755967,4.991891501748809
JR,q,1.0,1.506,1.9473326379456353,5.013896479586117
JR,q,1.0,1.5070000000000001,1.9028752107200955,5.035826627755336
JR,q,1.0,1.508,1.859641538103391,5.057608636938449
JR,q,1.0,1.5090000000000001,1.8178701131732637,5.079166844233259
JR,q,1.0,1.51,1.777388796209852,5.100431170324221
JR,q,1.0,1.5110000000000001,1.7381010417919658,5.121349434949513
JR,q,1.0,1.512,1.6999726018545438,5.141879483781563
JR,q,1.0,1.5130000000000001,1.6630040865768132,5.1619711368229435
JR,q,1.0,1.514,1.627230964382357,5.181561227860077
JR,q,1.0,1.5150000000000001,1.5927235619390512,5.200579963965323
JR,q,1.0,1.516,1.5595870641591185,5.218965490493076
JR,q,1.0,1.5170000000000001,1.52796151419908,5.2366565831300385
JR,q,1.0,1.518,1.4980218134598013,5.25358953788506
JR,q,1.0,1.5190000000000001,1.4698386600766833,5.269693068830864
JR,q,1.0,1.52,1.4432771078812525,5.28491625272106
JR,q,1.0,1.5210000000000001,1.4182729086929449,5.29921612015281
JR,q,1.0,1.522,1.3947838719574923,5.312551655129568
JR,q,1.0,1.5230000000000001,1.3727896377030726,5.324884323237371
JR,q,1.0,1.524,1.3522916765403448,5.3361800958486425
JR,q,1.0,1.5250000000000001,1.3333132896624162,5.346419937307223
JR,q,1.0,1.526,1.3158996088448722,5.355582555395614
JR,q,1.0,1.5270000000000001,1.300117596445749,5.363655498014313
JR,q,1.0,1.528,1.2860457399396275,5.370639019438406
JR,q,1.0,1.5290000000000001,1.273611910813882,5.376553928535043
JR,q,1.0,1.53,1.2627040728632952,5.381423106433798
JR,q,1.0,1.5310000000000001,1.2532416851759463,5.3852528456413316
JR,q,1.0,1.532,1.2451597459478752,5.388040793039326
JR,q,1.0,1.5330000000000001,1.2384087924830665,5.389790972928191
JR,q,1.0,1.534,1.232954901193465,5.390524890297689
JR,q,1.0,1.5350000000000001,1.2287796875989612,5.390251783588513
JR,q,1.0,1.536,1.2258803063274053,5.388968244879449
JR,q,1.0,1.537,1.2242694511145933,5.386670188710843
JR,q,1.0,1.538,1.2239676404089117,5.383353347139469
JR,q,1.0,1.539,1.2248871450899843,5.37901202862087
JR,q,1.0,1.54,1.2269237418285641,5.373636683276399
JR,q,1.0,1.541,1.229997741703138,5.367224757461242
JR,q,1.0,1.542,1.2340398766232612,5.359790122132181
JR,q,1.0,1.543,1.2389912993295384,5.351342532404509
JR,q,1.0,1.544,1.244803583393642,5.341878471179848
JR,q,1.0,1.545,1.2514387232183006,5.331393702042276
JR,q,1.0,1.546,1.2588691340373028,5.31989596822309
JR,q,1.0,1.547,1.2670776519154945,5.3073982469647625
JR,q,1.0,1.548,1.276057533748788,5.293907725756038
JR,q,1.0,1.549,1.2857899850588188,5.279440071866755
JR,q,1.0,1.55,1.296182011686886,5.264010948797027
JR,q,1.0,1.551,1.3071677685838345,5.247650758119286
JR,q,1.0,1.552,1.3186906066728223,5.23040294613649
JR,q,1.0,1.553,1.3306999703069655,5.212333281661779
JR,q,1.0,1.554,1.3431513972693487,5.193516203862787
JR,q,1.0,1.555,1.3560065187730137,5.174041444439416
JR,q,1.0,1.556,1.3692330594609805,5.153997505213331
JR,q,1.0,1.557,1.3828048374062192,5.1334680847255765
JR,q,1.0,1.558,1.3967017641116746,5.11253471168098
JR,q,1.0,1.559,1.4109098445102468,5.091299758635451
JR,q,1.0,1.56,1.4254211611423848,5.069884351301026
JR,q,1.0,1.561,1.4402002368143973,5.048401105812698
JR,q,1.0,1.562,1.455192399522372,5.0269654235927925
JR,q,1.0,1.563,1.470364026123307,5.005699407067513
JR,q,1.0,1.564,1.485684488596375,4.9847104400761735
JR,q,1.0,1.565,1.5011261540429066,4.964080263548735
JR,q,1.0,1.566,1.5166643846864107,4.943878917675302
JR,q,1.0,1.567,1.5322775378725475,4.9241757020116035
JR,q,1.0,1.568,1.5479469660691616,4.905019318273835
JR,q,1.0,1.569,1.5636570168662471,4.886436740668679
JR,q,1.0,1.57,1.5793950329759805,4.868435758551729
JR,q,1.0,1.571,1.5951513522326897,4.8509981955804475
JR,q,1.0,1.572,1.6109193075928845,4.834105042431549
JR,q,1.0,1.573,1.626695227135226,4.817718901988435
JR,q,1.0,1.574,1.6424631771267482,4.801797737892251
JR,q,1.0,1.575,1.6581950016653173,4.786293519132081
JR,q,1.0,1.576,1.6738760719272943,4.771144193468715
JR,q,1.0,1.577,1.689493381252599,4.756280955677771
JR,q,1.0,1.578,1.7050355106326642,4.741622817982827
JR,q,1.0,1.579,1.7204926287104079,4.727091775193199
JR,q,1.0,1.58,1.7358564917802592,4.7126376049932475
JR,q,1.0,1.581,1.7511204437881323,4.698252216021704
JR,q,1.0,1.582,1.7662794163314537,4.683945912614715
JR,q,1.0,1.583,1.781329928659134,4.669720944509397
JR,q,1.0,1.584,1.7962700876715973,4.655573092728835
JR,q,1.0,1.585,1.8110995879207512,4.641488742218591
JR,q,1.0,1.586,1.825819711610015,4.62744357145196
JR,q,1.0,1.587,1.840432860241605,4.613443200282634
JR,q,1.0,1.588,1.8549271642191392,4.599513859457356
JR,q,1.0,1.589,1.869292014981946,4.5856887967175695
JR,q,1.0,1.59,1.8835229892138834,4.5720043787376055
JR,q,1.0,1.591,1.897616772269274,4.558485769490859
JR,q,1.0,1.592,1.9115711581729289,4.545166434999686
JR,q,1.0,1.593,1.925385049620124,4.532089434909587
JR,q,1.0,1.594,1.9390584579766257,4.5193108001965925
JR,q,1.0,1.595,1.9525925032786633,4.506880582125631
JR,q,1.0,1.596,1.9659894142329586,4.494832891096224
JR,q,1.0,1.597,1.9792525282166964,4.483192425725134
JR,q,1.0,1.598,1.9923861404030396,4.471981134574935
JR,q,1.0,1.599,2.005389820595646,4.461238450152952
JR,q,1.0,1.6,2.0182593741244768,4.450999599688213
JR,q,1.0,1.601,2.0309921168705496,4.441306279709405
JR,q,1.0,1.602,2.0435865691748902,4.432177458090441
JR,q,1.0,1.603,2.056042455838506,4.423595382279685
JR,q,1.0,1.604,2.068360706122411,4.415525937271871
JR,q,1.0,1.605,2.0805434537476017,4.407928111643116
JR,q,1.0,1.606,2.092594036895083,4.40077759222822
JR,q,1.0,1.607,2.104516998205842,4.394043484323253
JR,q,1.0,1.608,2.116318084780872,4.387707320251775
JR,q,1.0,1.609,2.128004114584562,4.381743275580172
JR,q,1.0,1.61,2.1395770143801287,4.37611914704801
JR,q,1.0,1.611,2.151032236428992,4.370784892640007
JR,q,1.0,1.612,2.162366328496154,4.365711044618534
JR,q,1.0,1.613,2.1735773827412537,4.36090516164468
JR,q,1.0,1.614,2.184665035718601,4.356373809231187
JR,q,1.0,1.615,2.1956304683771424,4.352136689295401
JR,q,1.0,1.616,2.206476406060493,4.348198404417941
JR,q,1.0,1.617,2.2172071185069093,4.344552375378544
JR,q,1.0,1.618,2.22782841984931,4.341182604489621
JR,q,1.0,1.619,2.2383476686152615,4.3380741203238955
JR,q,1.0,1.62,2.248773767726988,4.335221750272427
JR,q,1.0,1.621,2.2591139254172816,4.332629724870399
JR,q,1.0,1.622,2.2693624060477933,4.330307898501027
JR,q,1.0,1.623,2.2795142220024376,4.328242077969037
JR,q,1.0,1.624,2.2895663017882666,4.326417015695604
JR,q,1.0,1.625,2.2995172574161433,4.324802614226504
JR,q,1.0,1.6260000000000001,2.309367384400765,4.323379491768832
JR,q,1.0,1.627,2.3191186617606436,4.322125649125395
JR,q,1.0,1.6280000000000001,2.328774752018122,4.321009010217677
JR,q,1.0,1.629,2.3383410011993604,4.320013029121282
JR,q,1.0,1.6300000000000001,2.347824438834347,4.31913037115792
JR,q,1.0,1.631,2.3572337779568904,4.318377351625184
JR,q,1.0,1.6320000000000001,2.366579311152912,4.3177694923074315
JR,q,1.0,1.633,2.3758621031649394,4.317309818984724
JR,q,1.0,1.6340000000000001,2.385074640339263,4.316991226854337
JR,q,1.0,1.635,2.394212741841441,4.316817137293087
JR,q,1.0,1.6360000000000001,2.4032739241670917,4.316776389698684
JR,q,1.0,1.637,2.412257401141872,4.316844947884687
JR,q,1.0,1.6380000000000001,2.4211640839215005,4.317022565225667
JR,q,1.0,1.639,2.429996580991735,4.317313383358527
JR,q,1.0,1.6400000000000001,2.438759198168391,4.3176988729231445
JR,q,1.0,1.641,2.447457938597327,4.318152841339452
JR,q,1.0,1.6420000000000001,2.456100502754459,4.318657716273966
JR,q,1.0,1.643,2.464696288445745,4.3191852302906355
JR,q,1.0,1.6440000000000001,2.4732544011680995,4.319688781928575
JR,q,1.0,1.645,2.4817695422460013,4.320119401911066
JR,q,1.0,1.6460000000000001,2.4902356403680592,4.320422260208377
JR,q,1.0,1.647,2.498649072939698,4.320546061290493
JR,q,1.0,1.6480000000000001,2.5070079037773154,4.3204538078217185
JR,q,1.0,1.649,2.5153118831082613,4.320117388229104
JR,q,1.0,1.6500000000000001,2.5235624475708605,4.319504885316031
JR,q,1.0,1.651,2.531762720214393,4.31857989047335
JR,q,1.0,1.6520000000000001,2.539917510499108,4.317304918312264
JR,q,1.0,1.653,2.548033314296214,4.315669960518551
JR,q,1.0,1.6540000000000001,2.5561183138878882,4.313676978071823
JR,q,1.0,1.655,2.564182377967264,4.311327556840296
JR,q,1.0,1.6560000000000001,2.57223148167214,4.308638610551815
JR,q,1.0,1.657,2.5802575634649414,4.305613024234418
JR,q,1.0,1.6580000000000001,2.58825570428904,4.30224785266304
JR,q,1.0,1.659,2.596222783347925,4.298548329667449
JR,q,1.0,1.6600000000000001,2.604157346127545,4.294533692634388
JR,q,1.0,1.661,2.6120596043963067,4.290234866115955
JR,q,1.0,1.6620000000000001,2.6199314362050776,4.285688214643949
JR,q,1.0,1.663,2.627776385887179,4.280944744742927
JR,q,1.0,1.6640000000000001,2.6355996640583967,4.276047468131382
JR,q,1.0,1.665,2.643408147616971,4.271045351492926
JR,q,1.0,1.666,2.6512103797436026,4.265985335753787
JR,q,1.0,1.667,2.659016552154331,4.260911249614869
JR,q,1.0,1.668,2.6668288189899876,4.255863703930399
JR,q,1.0,1.669,2.674639195196099,4.250880464141667
JR,q,1.0,1.67,2.6824433557548235,4.245995151087516
JR,q,1.0,1.671,2.6902386425630604,4.241246891097428
JR,q,1.0,1.672,2.698024064432432,4.236698085124177
JR,q,1.0,1.673,2.7058002970893016,4.232399470925268
JR,q,1.0,1.674,2.7135696831747564,4.22838976096669
JR,q,1.0,1.675,2.7213362322446235,4.224693662404872
JR,q,1.0,1.676,2.729105620769455,4.221317832808854
JR,q,1.0,1.677,2.736885192134541,4.218265985842459
JR,q,1.0,1.678,2.7446839566399013,4.215538531433449
JR,q,1.0,1.679,2.7525122382557616,4.213146019628109
JR,q,1.0,1.68,2.760369118720813,4.2111016944543875
JR,q,1.0,1.681,2.768247417530294,4.209414837437809
JR,q,1.0,1.682,2.7761432342724737,4.20808009954895
JR,q,1.0,1.683,2.7840543882394235,4.207086337105843
JR,q,1.0,1.684,2.7919804184270025,4.2064221395202654
JR,q,1.0,1.685,2.7999225835348707,4.206066174534875
JR,q,1.0,1.686,2.807883861966476,4.2059806621368026
JR,q,1.0,1.687,2.8158689518290667,4.206126680200438
JR,q,1.0,1.688,2.82388427093368,4.206464607899485
JR,q,1.0,1.689,2.8319379567951537,4.206958905475808
JR,q,1.0,1.69,2.8400398666321136,4.207583105170834
JR,q,1.0,1.691,2.8482004164373844,4.208297899209308
JR,q,1.0,1.692,2.8564163889620544,4.20906839712293
JR,q,1.0,1.693,2.8646814233914184,4.209865559268995
JR,q,1.0,1.694,2.872992033358916,4.210664951554898
JR,q,1.0,1.695,2.8813466013098408,4.211432484697971
JR,q,1.0,1.696,2.8897453785013276,4.212147441629095
JR,q,1.0,1.697,2.8981904850023663,4.212804181471456
JR,q,1.0,1.698,2.9066859096937883,4.2134004183985505
JR,q,1.0,1.699,2.915237510268281,4.213932110610597
JR,q,1.0,1.7,2.923853013230369,4.21439432945127
JR,q,1.0,1.701,2.932542013896436,4.214780382607135
JR,q,1.0,1.702,2.9413159763947063,4.215088023389846
JR,q,1.0,1.703,2.9501855024291204,4.21531626277165
JR,q,1.0,1.704,2.959145434775848,4.215466011610697
JR,q,1.0,1.705,2.9681901539219817,4.215540468070005
JR,q,1.0,1.706,2.977316722145148,4.215542350828052
JR,q,1.0,1.707,2.9865243668885673,4.215456694307886
JR,q,1.0,1.708,2.9958144807610325,4.215258375544515
JR,q,1.0,1.709,3.005190621536933,4.214925391098184
JR,q,1.0,1.71,3.0146585121562284,4.214449612427426
JR,q,1.0,1.711,3.024226040724476,4.213825803065781
JR,q,1.0,1.712,3.0339032605128025,4.2130412285830845
JR,q,1.0,1.713,3.0437023899579305,4.212077189714109
JR,q,1.0,1.714,3.0536378126621586,4.210911174802873
JR,q,1.0,1.715,3.0637197322952234,4.209526878981592
JR,q,1.0,1.716,3.0739411953270137,4.207919897993098
JR,q,1.0,1.717,3.084297547995978,4.206086401271138
JR,q,1.0,1.718,3.094786923976989,4.204020454311058
JR,q,1.0,1.719,3.1054101499440954,4.201720397285835
JR,q,1.0,1.72,3.116170745570502,4.199181022648088
JR,q,1.0,1.721,3.1270749235285895,4.196387152605728
JR,q,1.0,1.722,3.1381315894898933,4.193335997218103
JR,q,1.0,1.723,3.149352342125125,4.190050744622571
JR,q,1.0,1.724,3.1607514731041535,4.186567294969944
JR,q,1.0,1.725,3.17234596709602,4.1829266186031795
JR,q,1.0,1.726,3.184155238630198,4.1791750987360174
JR,q,1.0,1.727,3.1961856106057076,4.175353967073386
JR,q,1.0,1.728,3.208429922514911,4.171499582553203
JR,q,1.0,1.729,3.2208851732689667,4.167656870540227
JR,q,1.0,1.73,3.233551988360459,4.163878340591942
JR,q,1.0,1.731,3.2464346198634146,4.1602223280174915
JR,q,1.0,1.732,3.259540946433282,4.156745493300926
JR,q,1.0,1.733,3.2728824733069524,4.153503122076683
JR,q,1.0,1.734,3.286474332302742,4.1505398877126956
JR,q,1.0,1.735,3.3003352818204075,4.147888951351867
JR,q,1.0,1.736,3.3144877068411294,4.145591287818424
JR,q,1.0,1.737,3.328957618927532,4.143690018161118
JR,q,1.0,1.738,3.3437689103126496,4.142221915296556
JR,q,1.0,1.739,3.358919236777343,4.141209132260681
JR,q,1.0,1.74,3.374404503646724,4.140665645187047
JR,q,1.0,1.741,3.3902261744805107,4.14059373246484
JR,q,1.0,1.742,3.4063910460337725,4.140978402071258
JR,q,1.0,1.743,3.4229112482569706,4.141811544290851
JR,q,1.0,1.744,3.4398042442959214,4.143080489608071
JR,q,1.0,1.745,3.4570928304918285,4.144773338467749
JR,q,1.0,1.746,3.4748051363812524,4.146884727285895
JR,q,1.0,1.747,3.4929746246961413,4.149406209065548
JR,q,1.0,1.748,3.511640091363799,4.1523095562676
JR,q,1.0,1.749,3.5308427234146698,4.155555252229826
JR,q,1.0,1.75,3.5505931659806844,4.159123530725632
JR,q,1.0,1.7510000000000001,3.570888336541829,4.163001457179383
JR,q,1.0,1.752,3.591733793384419,4.167169958114712
JR,q,1.0,1.7530000000000001,3.6131437055540556,4.1716054167958285
JR,q,1.0,1.754,3.6351408528555833,4.176295984723329
JR,q,1.0,1.7550000000000001,3.6577566258531307,4.181246404974909
JR,q,1.0,1.756,3.6810310258700683,4.186461497031286
JR,q,1.0,1.7570000000000001,3.705012664989051,4.191955531531302
JR,q,1.0,1.758,3.7297587660519778,4.197744572748559
JR,q,1.0,1.7590000000000001,3.7553351626600318,4.203837320439385
JR,q,1.0,1.76,3.78181020588539,4.210244843770018
JR,q,1.0,1.7610000000000001,3.8092051514475296,4.216971651082958
JR,q,1.0,1.762,3.8375252945879064,4.224030457234006
JR,q,1.0,1.7630000000000001,3.866790949385273,4.231437652720978
JR,q,1.0,1.764,3.8970376308954515,4.239210779853956
JR,q,1.0,1.7650000000000001,3.9283160551513916,4.247356294199208
JR,q,1.0,1.766,3.9606921391631116,4.255874751016668
JR,q,1.0,1.7670000000000001,3.9942470009177584,4.264769597685563
JR,q,1.0,1.768,4.029076959379548,4.27403352677957
JR,q,1.0,1.7690000000000001,4.065293534489824,4.283651342499954
JR,q,1.0,1.77,4.1030231907000605,4.293596245144189
JR,q,1.0,1.7710000000000001,4.142363562158599,4.303832932658577
JR,q,1.0,1.772,4.183340376937879,4.3143260453065775
JR,q,1.0,1.7730000000000001,4.225995382936884,4.325032464014972
JR,q,1.0,1.774,4.270398569588956,4.335903470661939
JR,q,1.0,1.7750000000000001,4.3166481678618585,4.346892616920419
JR,q,1.0,1.776,4.364870650257707,4.357971043970044
JR,q,1.0,1.7770000000000001,4.4152207308130444,4.369108371147939
JR,q,1.0,1.778,4.4678813650987586,4.380265063815221
JR,q,1.0,1.7790000000000001,4.523063750220174,4.391411902473693
JR,q,1.0,1.78,4.581006626662773,4.402531657193727
JR,q,1.0,1.7810000000000001,4.641896939253136,4.413605336352399
JR,q,1.0,1.782,4.705822982750771,4.4246273989477745
JR,q,1.0,1.7830000000000001,4.772907481160088,4.435606933463477
JR,q,1.0,1.784,4.843318792075154,4.446559799964782
JR,q,1.0,1.7850000000000001,4.9172709066798115,4.457501331895939
JR,q,1.0,1.786,4.995023449747549,4.468452652900979
JR,q,1.0,1.7870000000000001,5.076881679641637,4.479437939614034
JR,q,1.0,1.788,5.163196488314988,4.490488517372405
JR,q,1.0,1.7890000000000001,5.2543644013102995,4.501644783592915
JR,q,1.0,1.79,5.35076324145057,4.512937277020921
JR,q,1.0,1.7910000000000001,5.45255509425442,4.524386338131612
JR,q,1.0,1.792,5.560065948299504,4.536021845518311
JR,q,1.0,1.793,5.673639431944263,4.547884820188329
JR,q,1.0,1.794,5.7936128701026695,4.55999877719756
JR,q,1.0,1.795,5.920317284244137,4.572377008753186
JR,q,1.0,1.796,6.054077392393715,4.585026338764934
JR,q,1.0,1.797,6.195211609131853,4.597951093603644
JR,q,1.0,1.798,6.344032045594652,4.611152333730994
JR,q,1.0,1.799,6.500830694644404,4.624623091038546
JR,q,1.0,1.8,6.665458385162122,4.638364177760907
JR,q,1.0,1.801,6.838079379039768,4.652366765442948
JR,q,1.0,1.802,7.018893279557591,4.6666115377558866
JR,q,1.0,1.803,7.20783466603627,4.681076472250926
JR,q,1.0,1.804,7.404573093837243,4.695732141806568
JR,q,1.0,1.805,7.608513094362363,4.7105548871907565
JR,q,1.0,1.806,7.8187941750542524,4.725527803230045
JR,q,1.0,1.807,8.034290819395938,4.740629757757539
JR,q,1.0,1.808,8.253629098896276,4.755837821602261
JR,q,1.0,1.809,8.475526903348783,4.771138587667536
JR,q,1.0,1.81,8.698747354090429,4.786508848313244
JR,q,1.0,1.811,8.92189778061425,4.801915483606971
JR,q,1.0,1.812,9.143441885382302,4.81731866005838
JR,q,1.0,1.813,9.361699743825254,4.832682879514731
JR,q,1.0,1.814,9.574847804342781,4.847986158909184
JR,q,1.0,1.815,9.78091888830319,4.863212554560272
JR,q,1.0,1.816,9.977802190043784,4.878338996386679
JR,q,1.0,1.817,10.163352785547694,4.8933450130901015
JR,q,1.0,1.818,10.336275874056764,4.908206193582798
JR,q,1.0,1.819,10.495548270842466,4.922888737919558
JR,q,1.0,1.82,10.640158740762082,4.937348832295647
JR,q,1.0,1.821,10.769139276456743,4.951561554284002
JR,q,1.0,1.822,10.881565098351665,4.965501228273799
JR,q,1.0,1.823,10.976554654655928,4.979147335887088
JR,q,1.0,1.824,11.053269621362695,4.992487085234833
JR,q,1.0,1.825,11.110915190076373,5.005513547018342
JR,q,1.0,1.826,11.149096808771496,5.018214754650497
JR,q,1.0,1.827,11.167997196708644,5.030568838429465
JR,q,1.0,1.828,11.167786810553821,5.0425634781677555
JR,q,1.0,1.829,11.148667441561834,5.0541837082946275
JR,q,1.0,1.83,11.110872215576308,5.065429659723391
JR,q,1.0,1.831,11.054665593029716,5.076315519607939
JR,q,1.0,1.832,10.980343368943306,5.086856382010706
JR,q,1.0,1.833,10.8882326729272,5.097051965037831
JR,q,1.0,1.834,10.77878268599987,5.106891572717112
JR,q,1.0,1.835,10.652802295417468,5.116353767258449
JR,q,1.0,1.836,10.511147568977613,5.125422752154171
JR,q,1.0,1.837,10.354667454113045,5.134095724912502
JR,q,1.0,1.838,10.184204775556557,5.142387088553034
JR,q,1.0,1.839,10.000596235341268,5.1503134341253745
JR,q,1.0,1.84,9.804672412800327,5.157895848779471
JR,q,1.0,1.841,9.597257764567239,5.165177908266408
JR,q,1.0,1.842,9.379172018287909,5.172190632572938
JR,q,1.0,1.843,9.1514636159344,5.178959023752558
JR,q,1.0,1.844,8.915243023264086,5.185502512168479
JR,q,1.0,1.845,8.671527599555231,5.191844573360117
JR,q,1.0,1.846,8.4213650034923,5.198024486457739
JR,q,1.0,1.847,8.165833193166403,5.2041079284890746
JR,q,1.0,1.848,7.906040426074837,5.21016724538166
JR,q,1.0,1.849,7.64312525912155,5.2162721609433325
JR,q,1.0,1.85,7.378256548616674,5.222491785322942
JR,q,1.0,1.851,7.112640796737635,5.228873823195025
JR,q,1.0,1.852,6.847575344864456,5.235446219975289
JR,q,1.0,1.853,6.584229162748009,5.242240627158569
JR,q,1.0,1.854,6.323768521985732,5.249297910795353
JR,q,1.0,1.855,6.067405898824992,5.2566441465775755
JR,q,1.0,1.856,5.816399974162621,5.264283523134734
JR,q,1.0,1.857,5.572055633545364,5.272189746910325
JR,q,1.0,1.858,5.335723967169439,5.2803338920249985
JR,q,1.0,1.859,5.108802269880972,5.288683851310992
JR,q,1.0,1.86,4.892573059583384,5.297202156091795
JR,q,1.0,1.861,4.6879437831548145,5.305853759056768
JR,q,1.0,1.862,4.496043809572665,5.3146058338231565
JR,q,1.0,1.863,4.3178755882544095,5.323415333295122
JR,q,1.0,1.864,4.154289363195296,5.332215353153459
JR,q,1.0,1.865,4.005983172968648,5.34093084139587
JR,q,1.0,1.866,3.8735028507255933,5.349477379256307
JR,q,1.0,1.867,3.7572420241953175,5.357787112507773
JR,q,1.0,1.868,3.657442115684816,5.365815251478608
JR,q,1.0,1.869,3.574182995033766,5.373513572262446
JR,q,1.0,1.87,3.5072671328025713,5.380834221918776
JR,q,1.0,1.871,3.456270987155282,5.387743619283265
JR,q,1.0,1.872,3.420568975412106,5.39421875729263
JR,q,1.0,1.873,3.3993245598200765,5.400242321930018
JR,q,1.0,1.874,3.391490247552923,5.405808200102254
JR,q,1.0,1.875,3.3957880704963372,5.4109089086602555
JR,q,1.0,1.8760000000000001,3.4106488791208633,5.415532759277423
JR,q,1.0,1.877,3.4343625247375265,5.419683180538403
JR,q,1.0,1.8780000000000001,3.4651066733414986,5.42337410277318
JR,q,1.0,1.879,3.500944922970632,5.426616796901031
JR,q,1.0,1.8800000000000001,3.5398236749474528,5.429433974724369
JR,q,1.0,1.881,3.5794751085059,5.431843264922613
JR,q,1.0,1.8820000000000001,3.6181146065436067,5.433841646319682
JR,q,1.0,1.883,3.6542526758904827,5.435409119406222
JR,q,1.0,1.8840000000000001,3.6864699578340847,5.436521417663044
JR,q,1.0,1.885,3.713417228119539,5.43715143422569
JR,q,1.0,1.8860000000000001,3.7338153969496126,5.437268601470187
JR,q,1.0,1.887,3.7464588520124806,5.436816980565152
JR,q,1.0,1.8880000000000001,3.750745489211038,5.435711917090755
JR,q,1.0,1.889,3.7470931133692282,5.433853853191096
JR,q,1.0,1.8900000000000001,3.735952182095147,5.431121729691937
JR,q,1.0,1.891,3.7176897990048037,5.427402674632415
JR,q,1.0,1.8920000000000001,3.6925897137220964,5.4226071622377905
JR,q,1.0,1.893,3.6608523218788296,5.416643230143661
JR,q,1.0,1.8940000000000001,3.6226850010643474,5.409424990066063
JR,q,1.0,1.895,3.579074318920325,5.400881520455598
JR,q,1.0,1.8960000000000001,3.5311675631778616,5.390961925405704
JR,q,1.0,1.897,3.47989482540598,5.379611404780787
JR,q,1.0,1.8980000000000001,3.4259891620163554,5.36679603204303
JR,q,1.0,1.899,3.3699865942633593,5.352498986849131
JR,q,1.0,1.9000000000000001,3.3122261082439906,5.336744443325748
JR,q,1.0,1.901,3.2529626932960927,5.3195804136405
JR,q,1.0,1.9020000000000001,3.1928931857816103,5.301076174121688
JR,q,1.0,1.903,3.132532233566655,5.281314351169004
JR,q,1.0,1.9040000000000001,3.072263775200428,5.2603751284672
JR,q,1.0,1.905,3.0123738038279697,5.238349895435165
JR,q,1.0,1.9060000000000001,2.953050367190043,5.215350132501194
JR,q,1.0,1.907,2.8943835676232386,5.191484574926136
JR,q,1.0,1.9080000000000001,2.836365562059866,5.166862149951069
JR,q,1.0,1.909,2.7789296199922173,5.141604184638265
JR,q,1.0,1.9100000000000001,2.722359125561823,5.115838488518924
JR,q,1.0,1.911,2.6666330473598165,5.089679869815138
JR,q,1.0,1.9120000000000001,2.6116398583008564,5.063247413572399
JR,q,1.0,1.913,2.557308668130167,5.036670861542874
JR,q,1.0,1.9140000000000001,2.503609223423437,5.010070186296646
JR,q,1.0,1.915,2.450551907586915,4.983557432431279
JR,q,1.0,1.9160000000000001,2.3981877408573204,4.957236579792285
JR,q,1.0,1.917,2.3466083803019266,4.931197801754503
JR,q,1.0,1.9180000000000001,2.2959489151202117,4.905508721742075
JR,q,1.0,1.919,2.2462530677683468,4.880233572485868
JR,q,1.0,1.92,2.1973484472655613,4.855432966904305
JR,q,1.0,1.921,2.149100040174412,4.831164223944242
JR,q,1.0,1.922,2.1014353934698793,4.807464368209401
JR,q,1.0,1.923,2.054344614539291,4.784377511502663
JR,q,1.0,1.924,2.007880371182411,4.761927784147731
JR,q,1.0,1.925,1.962157891611355,4.740125374512107
JR,q,1.0,1.926,1.9173549644506664,4.718959080949668
JR,q,1.0,1.927,1.8737119387372463,4.6984012223354314
JR,q,1.0,1.928,1.8315027310867595,4.678464689295418
JR,q,1.0,1.929,1.7906234162633599,4.6591737726655
JR,q,1.0,1.93,1.7509425574499087,4.640544609373037
JR,q,1.0,1.931,1.7124183280235457,4.622582851870233
JR,q,1.0,1.932,1.675044012788752,4.6052856927590415
JR,q,1.0,1.933,1.6388480079772556,4.588637728590893
JR,q,1.0,1.934,1.6038938212481124,4.572627072158333
JR,q,1.0,1.935,1.5702800716876366,4.557264851417974
JR,q,1.0,1.936,1.5381404898094626,4.54257408817012
JR,q,1.0,1.937,1.5076439175544847,4.528588395971057
JR,q,1.0,1.938,1.4789161565807243,4.5153110482908065
JR,q,1.0,1.939,1.451829894462981,4.502741412455264
JR,q,1.0,1.94,1.4263108554690653,4.49086191697905
JR,q,1.0,1.941,1.4023126577347762,4.479674322369191
JR,q,1.0,1.942,1.3798108511539233,4.469189606808144
JR,q,1.0,1.943,1.358802917378302,4.459434141784776
JR,q,1.0,1.944,1.3393082698177183,4.450439176006863
JR,q,1.0,1.945,1.3213682536399594,4.442222123056127
JR,q,1.0,1.946,1.3050461457708264,4.434802789169854
JR,q,1.0,1.947,1.290425440999499,4.428169967864934
JR,q,1.0,1.948,1.2774751242467604,4.42230407062829
JR,q,1.0,1.949,1.2660731434864214,4.417174417011964
JR,q,1.0,1.95,1.2561358571748045,4.412791337293716
JR,q,1.0,1.951,1.247595232315442,4.409175316181565
JR,q,1.0,1.952,1.240398844459107,4.406313354091478
JR,q,1.0,1.953,1.2345098777037897,4.404165753232428
JR,q,1.0,1.954,1.2299071246947104,4.402679989160483
JR,q,1.0,1.955,1.2265849866243146,4.4017717190970345
JR,q,1.0,1.956,1.2245534732322776,4.401330031042163
JR,q,1.0,1.957,1.2238368181609127,4.401240886578897
JR,q,1.0,1.958,1.2243745259956054,4.401397320194562
JR,q,1.0,1.959,1.2260530317225342,4.401691756949115
JR,q,1.0,1.96,1.228790353553685,4.402002806546429
JR,q,1.0,1.961,1.2325149911167168,4.402191994999838
JR,q,1.0,1.962,1.2371659254549519,4.402119941313703
JR,q,1.0,1.963,1.2426926190273848,4.40165796684052
JR,q,1.0,1.964,1.2490550157086782,4.400718917554061
JR,q,1.0,1.965,1.2562235407891649,4.3992257685805205
JR,q,1.0,1.966,1.2641791009748413,4.397104432905198
JR,q,1.0,1.967,1.2729130843873797,4.394296947423731
JR,q,1.0,1.968,1.2824162292605559,4.390766933251083
JR,q,1.0,1.969,1.2926025373353394,4.3864942707244925
JR,q,1.0,1.97,1.303400139883645,4.381497858970066
JR,q,1.0,1.971,1.3147508943068154,4.375822338031367
JR,q,1.0,1.972,1.32660279954559,4.369504960342885
JR,q,1.0,1.973,1.3389099960801252,4.362580958566295
JR,q,1.0,1.974,1.3516327659299687,4.355087954900411
JR,q,1.0,1.975,1.3647375326540878,4.3470766267536405
JR,q,1.0,1.976,1.378196861350843,4.338602332846806
JR,q,1.0,1.977,1.3919894586580117,4.329728900255308
JR,q,1.0,1.978,1.4061001727527627,4.320521457237694
JR,q,1.0,1.979,1.4205199933516859,4.311045392413419
JR,q,1.0,1.98,1.4352236869504944,4.301365306729222
JR,q,1.0,1.981,1.4501516334241655,4.291552116418317
JR,q,1.0,1.982,1.4652687976892942,4.281695530931621
JR,q,1.0,1.983,1.480543732050151,4.271885816470751
JR,q,1.0,1.984,1.495948013303411,4.262217483441159
JR,q,1.0,1.985,1.5114562427381828,4.252789182083154
JR,q,1.0,1.986,1.5270460461359812,4.2436827980868905
JR,q,1.0,1.987,1.5426980737707563,4.234964382093855
JR,q,1.0,1.988,1.5583960004088642,4.226717783885231
JR,q,1.0,1.989,1.5741265253090941,4.219031510360072
JR,q,1.0,1.99,1.5898793722226423,4.211994525895521
JR,q,1.0,1.991,1.6056472893931386,4.205715938158224
JR,q,1.0,1.992,1.6214260495566206,4.200288732173003
JR,q,1.0,1.993,1.6372016241025227,4.1957908979998635
JR,q,1.0,1.994,1.6529406678215555,4.192285497577952
JR,q,1.0,1.995,1.6686310502514532,4.189814118640681
JR,q,1.0,1.996,1.6842623698668748,4.188415300268993
JR,q,1.0,1.997,1.6998251642250661,4.188128108644887
JR,q,1.0,1.998,1.7153109099658272,4.188971486814197
JR,q,1.0,1.999,1.730712022811547,4.19095304943081
JR,q,1.0,2.0,1.7460218575671678,4.194067615486902
