model,parameter,h,time,homo_trace,hetero_trace
JR,v0,0.0,0.0,0.0,0.0
JR,v0,0.0,0.001,0.017990921313896083,0.01799092131389606
JR,v0,0.0,0.002,0.06699730565049196,0.06699730565049201
JR,v0,0.0,0.003,0.14045973885441188,0.1404597388544121
JR,v0,0.0,0.004,0.2327758925253963,0.23277589252539607
JR,v0,0.0,0.005,0.3391467665575065,0.33914676655750575
JR,v0,0.0,0.006,0.4556763216494468,0.4556763216494469
JR,v0,0.0,0.007,0.5790872052282761,0.5790872052282764
JR,v0,0.0,0.008,0.7065458469540349,0.706545846954035
JR,v0,0.0,0.009000000000000001,0.8356705126035322,0.8356705126035321
JR,v0,0.0,0.01,0.9646679688934109,0.9646679688934096
JR,v0,0.0,0.011,1.0921240480795442,1.0921240480795436
JR,v0,0.0,0.012,1.2168226999259575,1.2168226999259562
JR,v0,0.0,0.013000000000000001,1.337744059358272,1.337744059358272
JR,v0,0.0,0.014,1.4540858664838612,1.4540858664838625
JR,v0,0.0,0.015,1.5654015560618453,1.5654015560618464
JR,v0,0.0,0.016,1.6714127902277987,1.6714127902278022
JR,v0,0.0,0.017,1.7718992783103384,1.7718992783103409
JR,v0,0.0,0.018000000000000002,1.8666984640568238,1.86669846405682
JR,v0,0.0,0.019,1.9557055147810125,1.9557055147810154
JR,v0,0.0,0.02,2.038903600270405,2.038903600270402
JR,v0,0.0,0.021,2.116486925105935,2.116486925105932
JR,v0,0.0,0.022,2.1887020134002735,2.1887020134002735
JR,v0,0.0,0.023,2.2557870681479426,2.255787068147946
JR,v0,0.0,0.024,2.3179719712253117,2.317971971225317
JR,v0,0.0,0.025,2.375478283390603,2.375478283390606
JR,v0,0.0,0.026000000000000002,2.428519244283886,2.428519244283882
JR,v0,0.0,0.027,2.4773105035022436,2.4773105035022467
JR,v0,0.0,0.028,2.522175632474855,2.5221756324748483
JR,v0,0.0,0.029,2.5634658626924933,2.5634658626924884
JR,v0,0.0,0.03,2.6015071801121255,2.6015071801121237
JR,v0,0.0,0.031,2.6366039893199096,2.6366039893199154
JR,v0,0.0,0.032,2.669039113531198,2.669039113531198
JR,v0,0.0,0.033,2.699073794590533,2.699073794590534
JR,v0,0.0,0.034,2.7269476929716507,2.7269476929716547
JR,v0,0.0,0.035,2.752878887777479,2.7528788877774804
JR,v0,0.0,0.036000000000000004,2.777068575182264,2.777068575182263
JR,v0,0.0,0.037,2.7997753921795407,2.799775392179533
JR,v0,0.0,0.038,2.8212118814870024,2.821211881486995
JR,v0,0.0,0.039,2.841556696710787,2.8415566967107884
JR,v0,0.0,0.04,2.860978759055259,2.8609787590552607
JR,v0,0.0,0.041,2.8796372573230067,2.8796372573230027
JR,v0,0.0,0.042,2.8976816479148413,2.8976816479148457
JR,v0,0.0,0.043000000000000003,2.9152516548298033,2.9152516548298064
JR,v0,0.0,0.044,2.932477269665156,2.9324772696651524
JR,v0,0.0,0.045,2.949495050491377,2.949495050491375
JR,v0,0.0,0.046,2.966383601962658,2.966383601962661
JR,v0,0.0,0.047,2.9831733587490397,2.9831733587490374
JR,v0,0.0,0.048,2.999901539832936,2.999901539832934
JR,v0,0.0,0.049,3.01661224731011,3.016612247310111
JR,v0,0.0,0.05,3.0333564663896695,3.0333564663896704
JR,v0,0.0,0.051000000000000004,3.0501920653940715,3.0501920653940715
JR,v0,0.0,0.052000000000000005,3.067183795759119,3.0671837957591155
JR,v0,0.0,0.053,3.084403292033961,3.0844032920339606
JR,v0,0.0,0.054,3.101909333797149,3.101909333797152
JR,v0,0.0,0.055,3.1196704737891845,3.1196704737891814
JR,v0,0.0,0.056,3.1376401110632104,3.1376401110632073
JR,v0,0.0,0.057,3.155789186260005,3.1557891862600003
JR,v0,0.0,0.058,3.1741061909314414,3.1741061909314454
JR,v0,0.0,0.059000000000000004,3.192597167540486,3.1925971675404923
JR,v0,0.0,0.06,3.2112857094612024,3.2112857094612064
JR,v0,0.0,0.061,3.2302129609787493,3.2302129609787475
JR,v0,0.0,0.062,3.249437617289379,3.2494376172893813
JR,v0,0.0,0.063,3.26901760284518,3.269017602845173
JR,v0,0.0,0.064,3.2889083458247463,3.2889083458247437
JR,v0,0.0,0.065,3.3090597770117345,3.30905977701173
JR,v0,0.0,0.066,3.329442234328202,3.3294422343282077
JR,v0,0.0,0.067,3.350043665310112,3.350043665310119
JR,v0,0.0,0.068,3.3708696271073384,3.3708696271073317
JR,v0,0.0,0.069,3.3919432864836643,3.391943286483659
JR,v0,0.0,0.07,3.4133054198167794,3.413305419816771
JR,v0,0.0,0.07100000000000001,3.435014413098285,3.4350144130982794
JR,v0,0.0,0.07200000000000001,3.457145702714429,3.457145702714435
JR,v0,0.0,0.073,3.479721111677929,3.4797211116779234
JR,v0,0.0,0.074,3.5027042263275625,3.5027042263275643
JR,v0,0.0,0.075,3.5260832506011264,3.5260832506011224
JR,v0,0.0,0.076,3.549861675856617,3.549861675856618
JR,v0,0.0,0.077,3.5740582808722294,3.5740582808722348
JR,v0,0.0,0.078,3.598707131846359,3.5987071318463637
JR,v0,0.0,0.079,3.6238575823975987,3.6238575823975947
JR,v0,0.0,0.08,3.649574273564741,3.6495742735647396
JR,v0,0.0,0.081,3.675937133806779,3.6759371338067734
JR,v0,0.0,0.082,3.703035676791513,3.7030356767915054
JR,v0,0.0,0.083,3.730890349095046,3.7308903490950387
JR,v0,0.0,0.084,3.7594952810496056,3.7594952810496083
JR,v0,0.0,0.085,3.7888647361352454,3.7888647361352423
JR,v0,0.0,0.08600000000000001,3.8190301981093624,3.8190301981093695
JR,v0,0.0,0.08700000000000001,3.8500403710066973,3.8500403710066893
JR,v0,0.0,0.088,3.8819611791393323,3.881961179139337
JR,v0,0.0,0.089,3.9148757670966927,3.914875767096699
JR,v0,0.0,0.09,3.9488844997455477,3.9488844997455455
JR,v0,0.0,0.091,3.9841049622300098,3.984104962230006
JR,v0,0.0,0.092,4.020659473123377,4.0206594731233745
JR,v0,0.0,0.093,4.058588442283151,4.0585884422831535
JR,v0,0.0,0.094,4.097911987003822,4.097911987003826
JR,v0,0.0,0.095,4.1386770997389135,4.1386770997389135
JR,v0,0.0,0.096,4.180957591944576,4.180957591944566
JR,v0,0.0,0.097,4.224854094079588,4.22485409407959
JR,v0,0.0,0.098,4.270494055605353,4.2704940556053534
JR,v0,0.0,0.099,4.3180317449859,4.318031744985891
JR,v0,0.0,0.1,4.367648249687887,4.367648249687878
JR,v0,0.0,0.101,4.419551471517699,4.419551471517703
JR,v0,0.0,0.10200000000000001,4.47392759151913,4.473927591519141
JR,v0,0.0,0.10300000000000001,4.530846535479807,4.530846535479798
JR,v0,0.0,0.10400000000000001,4.59039396213643,4.590393962136431
JR,v0,0.0,0.105,4.652699909705685,4.652699909705688
JR,v0,0.0,0.106,4.717938795884219,4.717938795884212
JR,v0,0.0,0.107,4.786329417848664,4.7863294178486635
JR,v0,0.0,0.108,4.858134952255613,4.858134952255622
JR,v0,0.0,0.109,4.933662955241637,4.933662955241631
JR,v0,0.0,0.11,5.013265362423281,5.013265362423282
JR,v0,0.0,0.111,5.097302166715593,5.097302166715607
JR,v0,0.0,0.112,5.185956773211043,5.185956773211045
JR,v0,0.0,0.113,5.279459586982174,5.279459586982171
JR,v0,0.0,0.114,5.378085017896456,5.378085017896462
JR,v0,0.0,0.115,5.482139609850418,5.482139609850422
JR,v0,0.0,0.116,5.591962040769661,5.591962040769659
JR,v0,0.0,0.117,5.7079231226088485,5.707923122608852
JR,v0,0.0,0.11800000000000001,5.830425801351711,5.830425801351717
JR,v0,0.0,0.11900000000000001,5.959905157011039,5.959905157011044
JR,v0,0.0,0.12,6.096774303892586,6.096774303892586
JR,v0,0.0,0.121,6.2408559165544855,6.240855916554482
JR,v0,0.0,0.122,6.39261622801942,6.392616228019404
JR,v0,0.0,0.123,6.552583838140659,6.552583838140662
JR,v0,0.0,0.124,6.721063780531519,6.721063780531506
JR,v0,0.0,0.125,6.898137522565359,6.898137522565355
JR,v0,0.0,0.126,7.083662965375584,7.083662965375577
JR,v0,0.0,0.127,7.277274443855646,7.277274443855628
JR,v0,0.0,0.128,7.478382726659038,7.478382726659029
JR,v0,0.0,0.129,7.686175016199305,7.686175016199294
JR,v0,0.0,0.13,7.89961800298984,7.899618002989849
JR,v0,0.0,0.131,8.117687377727059,8.117687377727064
JR,v0,0.0,0.132,8.33946005448653,8.339460054486521
JR,v0,0.0,0.133,8.56382101250193,8.56382101250191
JR,v0,0.0,0.134,8.789452985538588,8.789452985538569
JR,v0,0.0,0.135,9.014836461893495,9.014836461893507
JR,v0,0.0,0.136,9.23824968439531,9.23824968439532
JR,v0,0.0,0.137,9.457768650404342,9.457768650404326
JR,v0,0.0,0.138,9.671267111812565,9.671267111812547
JR,v0,0.0,0.139,9.876416575043613,9.876416575043635
JR,v0,0.0,0.14,10.071043667483881,10.07104366748388
JR,v0,0.0,0.14100000000000001,10.25404757579961,10.254047575799625
JR,v0,0.0,0.14200000000000002,10.42426530580958,10.4242653058096
JR,v0,0.0,0.14300000000000002,10.580555046135622,10.580555046135611
JR,v0,0.0,0.14400000000000002,10.721812234944302,10.721812234944307
JR,v0,0.0,0.145,10.846969559946935,10.846969559946949
JR,v0,0.0,0.146,10.954996958399573,10.954996958399557
JR,v0,0.0,0.147,11.044901617103005,11.044901617103026
JR,v0,0.0,0.148,11.115740053829738,11.115740053829747
JR,v0,0.0,0.149,11.16715126239865,11.167151262398649
JR,v0,0.0,0.15,11.199230470424249,11.199230470424252
JR,v0,0.0,0.151,11.212055054456176,11.212055054456185
JR,v0,0.0,0.152,11.205738329802621,11.205738329802646
JR,v0,0.0,0.153,11.180429550530286,11.18042955053031
JR,v0,0.0,0.154,11.136313909464421,11.136313909464432
JR,v0,0.0,0.155,11.0736125381888,11.073612538188828
JR,v0,0.0,0.156,10.992582740014521,10.992582740014534
JR,v0,0.0,0.157,10.893684206609077,10.893684206609098
JR,v0,0.0,0.158,10.77772107592135,10.777721075921361
JR,v0,0.0,0.159,10.645513119897782,10.645513119897798
JR,v0,0.0,0.16,10.49787473478582,10.497874734785805
JR,v0,0.0,0.161,10.335614941133915,10.335614941133933
JR,v0,0.0,0.162,10.159537383791523,10.159537383791529
JR,v0,0.0,0.163,9.970440331909106,9.970440331909115
JR,v0,0.0,0.164,9.769116678938136,9.76911667893816
JR,v0,0.0,0.165,9.556377495837552,9.55637749583753
JR,v0,0.0,0.166,9.33332402411977,9.333324024119754
JR,v0,0.0,0.167,9.101013259439124,9.101013259439126
JR,v0,0.0,0.168,8.860469466398605,8.86046946639862
JR,v0,0.0,0.169,8.612739427392803,8.61273942739282
JR,v0,0.0,0.17,8.358892442607893,8.358892442607873
JR,v0,0.0,0.171,8.100020330021646,8.100020330021637
JR,v0,0.0,0.17200000000000001,7.837237425403423,7.837237425403409
JR,v0,0.0,0.17300000000000001,7.5716805823141655,7.571680582314153
JR,v0,0.0,0.17400000000000002,7.304572249502259,7.304572249502258
JR,v0,0.0,0.17500000000000002,7.0371694587426585,7.037169458742669
JR,v0,0.0,0.176,6.770585994966396,6.770585994966385
JR,v0,0.0,0.177,6.505988502826906,6.5059885028268925
JR,v0,0.0,0.178,6.244602522793304,6.244602522793306
JR,v0,0.0,0.179,5.987712491150379,5.9877124911503845
JR,v0,0.0,0.18,5.736661739998576,5.736661739998571
JR,v0,0.0,0.181,5.492852497254017,5.492852497254024
JR,v0,0.0,0.182,5.257735333705565,5.2577353337055674
JR,v0,0.0,0.183,5.03240768825842,5.032407688258431
JR,v0,0.0,0.184,4.81799770708006,4.817997707080054
JR,v0,0.0,0.185,4.615678706048172,4.6156787060481825
JR,v0,0.0,0.186,4.426498166009161,4.4264981660091545
JR,v0,0.0,0.187,4.251377732778156,4.251377732778163
JR,v0,0.0,0.188,4.091113217139011,4.0911132171390205
JR,v0,0.0,0.189,3.9463745948442934,3.946374594844298
JR,v0,0.0,0.19,3.8177060066152997,3.817706006615306
JR,v0,0.0,0.191,3.705514196171684,3.7055141961716895
JR,v0,0.0,0.192,3.6099458324098777,3.6099458324098865
JR,v0,0.0,0.193,3.53095575982087,3.53095575982087
JR,v0,0.0,0.194,3.468297828073819,3.4682978280738235
JR,v0,0.0,0.195,3.421510889815927,3.421510889815922
JR,v0,0.0,0.196,3.38991878880411,3.3899187888041014
JR,v0,0.0,0.197,3.3726040697801345,3.372604069780136
JR,v0,0.0,0.198,3.3683759465228675,3.368375946522862
JR,v0,0.0,0.199,3.3758463018238025,3.3758463018237994
JR,v0,0.0,0.2,3.3934417166201776,3.3934417166201816
JR,v0,0.0,0.201,3.4194034699949682,3.419403469994963
JR,v0,0.0,0.202,3.451747027728633,3.4517470277286297
JR,v0,0.0,0.203,3.4883723512210487,3.488372351221053
JR,v0,0.0,0.20400000000000001,3.5273594808408113,3.527359480840806
JR,v0,0.0,0.20500000000000002,3.566831471781267,3.5668314717812617
JR,v0,0.0,0.20600000000000002,3.604947404413913,3.604947404413908
JR,v0,0.0,0.20700000000000002,3.639902384288387,3.6399023842883893
JR,v0,0.0,0.20800000000000002,3.6699272922958492,3.669927292295844
JR,v0,0.0,0.209,3.693213428837442,3.6932134288374483
JR,v0,0.0,0.21,3.709172417038868,3.709172417038871
JR,v0,0.0,0.211,3.717795796874949,3.717795796874952
JR,v0,0.0,0.212,3.7190199784832707,3.719019978483274
JR,v0,0.0,0.213,3.7127262421641767,3.71272624216418
JR,v0,0.0,0.214,3.6987407383807636,3.6987407383807636
JR,v0,0.0,0.215,3.676834487758885,3.676834487758883
JR,v0,0.0,0.216,3.6469748097424652,3.6469748097424612
JR,v0,0.0,0.217,3.6103722010264594,3.6103722010264545
JR,v0,0.0,0.218,3.5681643358559203,3.5681643358559167
JR,v0,0.0,0.219,3.521272721210744,3.5212727212107406
JR,v0,0.0,0.22,3.4704361073931036,3.470436107393101
JR,v0,0.0,0.221,3.4162104880274846,3.416210488027486
JR,v0,0.0,0.222,3.3589691000606514,3.3589691000606554
JR,v0,0.0,0.223,3.299202333769026,3.2992023337690215
JR,v0,0.0,0.224,3.2377816571957307,3.237781657195735
JR,v0,0.0,0.225,3.1753869225064495,3.175386922506448
JR,v0,0.0,0.226,3.112554376440647,3.1125543764406434
JR,v0,0.0,0.227,3.049676728006272,3.049676728006267
JR,v0,0.0,0.228,2.9870031484797455,2.987003148479744
JR,v0,0.0,0.229,2.9246392714059777,2.9246392714059715
JR,v0,0.0,0.23,2.862547533957743,2.8625475339577466
JR,v0,0.0,0.231,2.800977748246492,2.8009777482464897
JR,v0,0.0,0.232,2.7401985347941107,2.7401985347941054
JR,v0,0.0,0.233,2.6801731887977702,2.680173188797767
JR,v0,0.0,0.234,2.620884602764743,2.62088460276474
JR,v0,0.0,0.23500000000000001,2.5623352665124024,2.5623352665124055
JR,v0,0.0,0.23600000000000002,2.5045472671682276,2.5045472671682223
JR,v0,0.0,0.23700000000000002,2.4475622891697935,2.4475622891697886
JR,v0,0.0,0.23800000000000002,2.3914416142647834,2.39144161426478
JR,v0,0.0,0.23900000000000002,2.336278710983539,2.3362787109835423
JR,v0,0.0,0.24,2.2821925892016903,2.2821925892016868
JR,v0,0.0,0.241,2.2290152154050737,2.2290152154050706
JR,v0,0.0,0.242,2.176584071203285,2.1765840712032816
JR,v0,0.0,0.243,2.1248049092125605,2.124804909212563
JR,v0,0.0,0.244,2.073651753055799,2.073651753055799
JR,v0,0.0,0.245,2.0231668973625503,2.023166897362555
JR,v0,0.0,0.246,1.9734609077690077,1.9734609077690093
JR,v0,0.0,0.247,1.9247126209180276,1.9247126209180292
JR,v0,0.0,0.248,1.8771691444591116,1.8771691444591148
JR,v0,0.0,0.249,1.8311082845551674,1.83110828455517
JR,v0,0.0,0.25,1.7864140861478823,1.786414086147885
JR,v0,0.0,0.251,1.7429500954155799,1.7429500954155799
JR,v0,0.0,0.252,1.7006653677810348,1.7006653677810306
JR,v0,0.0,0.253,1.6595501438323677,1.659550143832368
JR,v0,0.0,0.254,1.6196358493230356,1.619635849323033
JR,v0,0.0,0.255,1.5809950951718363,1.5809950951718321
JR,v0,0.0,0.256,1.5437416774629096,1.5437416774629094
JR,v0,0.0,0.257,1.5080305774457345,1.5080305774457363
JR,v0,0.0,0.258,1.4740579615351272,1.4740579615351246
JR,v0,0.0,0.259,1.441966710878277,1.4419667108782779
JR,v0,0.0,0.26,1.4116124364071032,1.4116124364071
JR,v0,0.0,0.261,1.3829194717163302,1.382919471716331
JR,v0,0.0,0.262,1.3558431478778719,1.3558431478778732
JR,v0,0.0,0.263,1.3303633230584326,1.3303633230584344
JR,v0,0.0,0.264,1.3064843825195123,1.3064843825195134
JR,v0,0.0,0.265,1.2842352386174003,1.2842352386173987
JR,v0,0.0,0.266,1.2636693308031806,1.2636693308031821
JR,v0,0.0,0.267,1.2448646256227276,1.2448646256227258
JR,v0,0.0,0.268,1.2279200129071821,1.2279200129071801
JR,v0,0.0,0.269,1.2127938573564112,1.2127938573564132
JR,v0,0.0,0.27,1.1993582537578158,1.1993582537578182
JR,v0,0.0,0.271,1.1875263011829693,1.18752630118297
JR,v0,0.0,0.272,1.1772282944032657,1.1772282944032642
JR,v0,0.0,0.273,1.1684117238899177,1.1684117238899177
JR,v0,0.0,0.274,1.1610412758139583,1.1610412758139577
JR,v0,0.0,0.275,1.1550988320462476,1.1550988320462492
JR,v0,0.0,0.276,1.1505834701574598,1.150583470157458
JR,v0,0.0,0.277,1.147511463418092,1.1475114634180945
JR,v0,0.0,0.278,1.145909858879893,1.1459098588798904
JR,v0,0.0,0.279,1.1456906715688815,1.145690671568883
JR,v0,0.0,0.28,1.146737058683323,1.1467370586833245
JR,v0,0.0,0.281,1.1489606179439784,1.1489606179439809
JR,v0,0.0,0.28200000000000003,1.1522846969732576,1.152284696973255
JR,v0,0.0,0.28300000000000003,1.1566443932952177,1.1566443932952202
JR,v0,0.0,0.28400000000000003,1.1619865543355647,1.1619865543355663
JR,v0,0.0,0.28500000000000003,1.168269777421651,1.1682697774216528
JR,v0,0.0,0.28600000000000003,1.1754644097824771,1.1754644097824778
JR,v0,0.0,0.28700000000000003,1.1835525485486897,1.1835525485486897
JR,v0,0.0,0.28800000000000003,1.1925280407525856,1.192528040752588
JR,v0,0.0,0.289,1.2023627881739243,1.2023627881739258
JR,v0,0.0,0.29,1.2129513557008682,1.2129513557008667
JR,v0,0.0,0.291,1.2242211249013666,1.224221124901365
JR,v0,0.0,0.292,1.2361081165594907,1.2361081165594923
JR,v0,0.0,0.293,1.2485554207877758,1.2485554207877778
JR,v0,0.0,0.294,1.2615131970272282,1.2615131970272275
JR,v0,0.0,0.295,1.2749386740473163,1.274938674047319
JR,v0,0.0,0.296,1.2887961499459788,1.2887961499459804
JR,v0,0.0,0.297,1.30305699214962,1.3030569921496207
JR,v0,0.0,0.298,1.3176996374131145,1.3176996374131138
JR,v0,0.0,0.299,1.3327095918197989,1.332709591819796
JR,v0,0.0,0.3,1.3480765684072802,1.3480765684072802
JR,v0,0.0,0.301,1.363743325040173,1.3637433250401738
JR,v0,0.0,0.302,1.37965676074751,1.3796567607475085
JR,v0,0.0,0.303,1.3957783192955118,1.3957783192955135
JR,v0,0.0,0.304,1.4120730105295332,1.412073010529535
JR,v0,0.0,0.305,1.428509410374069,1.428509410374065
JR,v0,0.0,0.306,1.4450596608327495,1.4450596608327517
JR,v0,0.0,0.307,1.4616994699883432,1.4616994699883437
JR,v0,0.0,0.308,1.4784081120027555,1.478408112002756
JR,v0,0.0,0.309,1.4951684271170285,1.4951684271170254
JR,v0,0.0,0.31,1.511966821651344,1.5119668216513447
JR,v0,0.0,0.311,1.5287932680050167,1.5287932680050174
JR,v0,0.0,0.312,1.5456413046565016,1.5456413046564998
JR,v0,0.0,0.313,1.5625048941440105,1.562504894144012
JR,v0,0.0,0.314,1.5793506835058153,1.5793506835058195
JR,v0,0.0,0.315,1.5961557664782693,1.5961557664782702
JR,v0,0.0,0.316,1.6129040136578983,1.6129040136578967
JR,v0,0.0,0.317,1.6295810754176157,1.629581075417615
JR,v0,0.0,0.318,1.646174381906718,1.646174381906718
JR,v0,0.0,0.319,1.6626731430508892,1.6626731430508894
JR,v0,0.0,0.32,1.6790683485522,1.6790683485522007
JR,v0,0.0,0.321,1.6953527678891063,1.6953527678891087
JR,v0,0.0,0.322,1.7115209503164492,1.7115209503164488
JR,v0,0.0,0.323,1.7275692248654564,1.727569224865456
JR,v0,0.0,0.324,1.7434957003437428,1.743495700343743
JR,v0,0.0,0.325,1.7593002653353085,1.7593002653353065
JR,v0,0.0,0.326,1.774984588200537,1.7749845882005386
JR,v0,0.0,0.327,1.7905451080835384,1.7905451080835357
JR,v0,0.0,0.328,1.8059642740273434,1.8059642740273412
JR,v0,0.0,0.329,1.8212362920269483,1.8212362920269507
JR,v0,0.0,0.33,1.8363570936307854,1.8363570936307871
JR,v0,0.0,0.331,1.8513237279696724,1.8513237279696755
JR,v0,0.0,0.332,1.8661343617568056,1.866134361756802
JR,v0,0.0,0.333,1.880788279287768,1.88078827928777
JR,v0,0.0,0.334,1.89528588244052,1.8952858824405232
JR,v0,0.0,0.335,1.9096286906754094,1.909628690675411
JR,v0,0.0,0.336,1.9238193410351645,1.9238193410351676
JR,v0,0.0,0.337,1.9378615881448944,1.9378615881448973
JR,v0,0.0,0.338,1.951757009502432,1.951757009502435
JR,v0,0.0,0.339,1.9655016606841347,1.9655016606841378
JR,v0,0.0,0.34,1.9790928081410777,1.9790928081410761
JR,v0,0.0,0.341,1.992528904979861,1.9925289049798578
JR,v0,0.0,0.342,2.0058095908881173,2.005809590888114
JR,v0,0.0,0.343,2.0189356921345056,2.0189356921345056
JR,v0,0.0,0.34400000000000003,2.031909221568716,2.0319092215687182
JR,v0,0.0,0.34500000000000003,2.0447333786214656,2.0447333786214608
JR,v0,0.0,0.34600000000000003,2.0574125493045026,2.057412549304502
JR,v0,0.0,0.34700000000000003,2.069952306210602,2.069952306210603
JR,v0,0.0,0.34800000000000003,2.0823593617227645,2.08235936172276
JR,v0,0.0,0.34900000000000003,2.094636888437797,2.094636888437798
JR,v0,0.0,0.35000000000000003,2.1067808781448325,2.1067808781448325
JR,v0,0.0,0.35100000000000003,2.1187879933255407,2.118787993325546
JR,v0,0.0,0.352,2.1306564605697726,2.130656460569775
JR,v0,0.0,0.353,2.142386070575558,2.142386070575555
JR,v0,0.0,0.354,2.1539781781491025,2.153978178149097
JR,v0,0.0,0.355,2.165435702204791,2.165435702204795
JR,v0,0.0,0.356,2.1767631257651865,2.176763125765184
JR,v0,0.0,0.357,2.187966495961031,2.1879664959610334
JR,v0,0.0,0.358,2.199053424031245,2.199053424031242
JR,v0,0.0,0.359,2.2100330853229253,2.2100330853229213
JR,v0,0.0,0.36,2.220912843300185,2.22091284330019
JR,v0,0.0,0.361,2.2316871624846533,2.231687162484655
JR,v0,0.0,0.362,2.242351225474621,2.242351225474615
JR,v0,0.0,0.363,2.2529021364916972,2.2529021364916924
JR,v0,0.0,0.364,2.2633387267834046,2.263338726783409
JR,v0,0.0,0.365,2.2736615546231773,2.273661554623175
JR,v0,0.0,0.366,2.2838729053103606,2.283872905310367
JR,v0,0.0,0.367,2.293976791170213,2.293976791170217
JR,v0,0.0,0.368,2.3039789515539035,2.303978951553908
JR,v0,0.0,0.369,2.3138868528385137,2.313886852838516
JR,v0,0.0,0.37,2.323709688427037,2.3237096884270425
JR,v0,0.0,0.371,2.3334580673327094,2.333458067332712
JR,v0,0.0,0.372,2.343131637480138,2.3431316374801345
JR,v0,0.0,0.373,2.3527232233888253,2.3527232233888293
JR,v0,0.0,0.374,2.362228877402861,2.362228877402858
JR,v0,0.0,0.375,2.371646394047883,2.371646394047879
JR,v0,0.0,0.376,2.380975310031072,2.3809753100310687
JR,v0,0.0,0.377,2.3902169042411567,2.3902169042411567
JR,v0,0.0,0.378,2.3993741977484113,2.3993741977484144
JR,v0,0.0,0.379,2.408451953804654,2.40845195380465
JR,v0,0.0,0.38,2.4174566778432514,2.4174566778432554
JR,v0,0.0,0.381,2.4263966174791127,2.426396617479107
JR,v0,0.0,0.382,2.435281762508696,2.435281762508701
JR,v0,0.0,0.383,2.4441199783965333,2.4441199783965373
JR,v0,0.0,0.384,2.4529042541230637,2.4529042541230677
JR,v0,0.0,0.385,2.4616292062340186,2.4616292062340217
JR,v0,0.0,0.386,2.4702915112963724,2.470291511296375
JR,v0,0.0,0.387,2.4788895821391996,2.4788895821392027
JR,v0,0.0,0.388,2.4874235678536727,2.4874235678536762
JR,v0,0.0,0.389,2.49589535379306,2.49589535379306
JR,v0,0.0,0.39,2.504308561572732,2.5043085615727363
JR,v0,0.0,0.391,2.512668549070155,2.5126685490701557
JR,v0,0.0,0.392,2.520982410424896,2.520982410424893
JR,v0,0.0,0.393,2.5292589760386193,2.5292589760386193
JR,v0,0.0,0.394,2.5375087864176242,2.53750878641762
JR,v0,0.0,0.395,2.5457339575166555,2.5457339575166587
JR,v0,0.0,0.396,2.5539263518403765,2.5539263518403748
JR,v0,0.0,0.397,2.562081505991844,2.562081505991842
JR,v0,0.0,0.398,2.570196662870108,2.5701966628701047
JR,v0,0.0,0.399,2.5782707716702085,2.5782707716702125
JR,v0,0.0,0.4,2.586304487883179,2.586304487883181
JR,v0,0.0,0.401,2.594300173296044,2.5943001732960402
JR,v0,0.0,0.402,2.6022618959918202,2.6022618959918247
JR,v0,0.0,0.403,2.610195430349518,2.610195430349513
JR,v0,0.0,0.404,2.6181082570441356,2.618108257044133
JR,v0,0.0,0.405,2.6260095630466678,2.6260095630466664
JR,v0,0.0,0.406,2.6339095172615496,2.6339095172615448
JR,v0,0.0,0.40700000000000003,2.641805370192213,2.6418053701922095
JR,v0,0.0,0.40800000000000003,2.6496900687316853,2.649690068731679
JR,v0,0.0,0.40900000000000003,2.657559687211334,2.65755968721134
JR,v0,0.0,0.41000000000000003,2.665411987948958,2.6654119879489646
JR,v0,0.0,0.41100000000000003,2.6732464212487907,2.6732464212487907
JR,v0,0.0,0.41200000000000003,2.6810641254015013,2.6810641254014977
JR,v0,0.0,0.41300000000000003,2.6888679266841913,2.6888679266841935
JR,v0,0.0,0.41400000000000003,2.6966623393603966,2.6966623393603926
JR,v0,0.0,0.41500000000000004,2.7044535656800868,2.7044535656800894
JR,v0,0.0,0.41600000000000004,2.712249495879665,2.7122494958796635
JR,v0,0.0,0.417,2.7200597081819704,2.7200597081819655
JR,v0,0.0,0.418,2.7278933342599396,2.727893334259937
JR,v0,0.0,0.419,2.7357447683564637,2.735744768356462
JR,v0,0.0,0.42,2.7436080732321866,2.743608073232189
JR,v0,0.0,0.421,2.7514798102291134,2.7514798102291134
JR,v0,0.0,0.422,2.759358256812804,2.7593582568128086
JR,v0,0.0,0.423,2.7672434065723626,2.7672434065723643
JR,v0,0.0,0.424,2.775136969220448,2.775136969220453
JR,v0,0.0,0.425,2.783042370593265,2.7830423705932703
JR,v0,0.0,0.426,2.7909647526505696,2.7909647526505723
JR,v0,0.0,0.427,2.798910973475667,2.798910973475667
JR,v0,0.0,0.428,2.806889607275413,2.8068896072754175
JR,v0,0.0,0.429,2.814910944380212,2.814910944380212
JR,v0,0.0,0.43,2.8229827842083584,2.822982784208362
JR,v0,0.0,0.431,2.831098017886733,2.831098017886739
JR,v0,0.0,0.432,2.8392515895687715,2.8392515895687693
JR,v0,0.0,0.433,2.8474405539819703,2.8474405539819765
JR,v0,0.0,0.434,2.8556637921390093,2.8556637921390116
JR,v0,0.0,0.435,2.8639220113377526,2.863922011337757
JR,v0,0.0,0.436,2.872217745161249,2.8722177451612456
JR,v0,0.0,0.437,2.8805553534777344,2.8805553534777397
JR,v0,0.0,0.438,2.888941022440625,2.888941022440628
JR,v0,0.0,0.439,2.8973827644885257,2.8973827644885226
JR,v0,0.0,0.44,2.9058904183452237,2.905890418345223
JR,v0,0.0,0.441,2.914475649019694,2.9144756490196966
JR,v0,0.0,0.442,2.923144494545016,2.923144494545018
JR,v0,0.0,0.443,2.9318893089882274,2.9318893089882234
JR,v0,0.0,0.444,2.9407056698735268,2.9407056698735237
JR,v0,0.0,0.445,2.949591240995158,2.949591240995157
JR,v0,0.0,0.446,2.95854575671585,2.958545756715858
JR,v0,0.0,0.447,2.9675710219668123,2.967571021966817
JR,v0,0.0,0.448,2.9766709122477417,2.976670912247749
JR,v0,0.0,0.449,2.9858513736268155,2.9858513736268155
JR,v0,0.0,0.45,2.995120422740696,2.9951204227406896
JR,v0,0.0,0.451,3.0044881467945266,3.0044881467945284
JR,v0,0.0,0.452,3.013966703561937,3.0139667035619424
JR,v0,0.0,0.453,3.0235701555240544,3.023570155524055
JR,v0,0.0,0.454,3.0333018085174466,3.033301808517445
JR,v0,0.0,0.455,3.043154294801366,3.04315429480136
JR,v0,0.0,0.456,3.0531238189102394,3.053123818910245
JR,v0,0.0,0.457,3.0632091027807316,3.0632091027807236
JR,v0,0.0,0.458,3.073411385751745,3.0734113857517413
JR,v0,0.0,0.459,3.0837344245644163,3.0837344245644163
JR,v0,0.0,0.46,3.0941844933621216,3.0941844933621265
JR,v0,0.0,0.461,3.1047703836904708,3.1047703836904708
JR,v0,0.0,0.462,3.115503404497314,3.1155034044973093
JR,v0,0.0,0.463,3.126397382132735,3.1263973821327284
JR,v0,0.0,0.464,3.1374686603490543,3.137468660349049
JR,v0,0.0,0.465,3.1487342902874675,3.148734290287468
JR,v0,0.0,0.466,3.16019322539668,3.1601932253966765
JR,v0,0.0,0.467,3.1718391810281337,3.1718391810281337
JR,v0,0.0,0.468,3.1836698445970186,3.1836698445970173
JR,v0,0.0,0.46900000000000003,3.195686210097102,3.195686210097106
JR,v0,0.0,0.47000000000000003,3.2078925781007315,3.2078925781007297
JR,v0,0.0,0.47100000000000003,3.220296555758825,3.220296555758825
JR,v0,0.0,0.47200000000000003,3.232909056800884,3.2329090568008856
JR,v0,0.0,0.47300000000000003,3.2457443015349825,3.2457443015349776
JR,v0,0.0,0.47400000000000003,3.2588198168477747,3.2588198168477733
JR,v0,0.0,0.47500000000000003,3.272156436204491,3.2721564362044933
JR,v0,0.0,0.47600000000000003,3.2857782996489364,3.2857782996489386
JR,v0,0.0,0.47700000000000004,3.2997020747824006,3.2997020747823957
JR,v0,0.0,0.47800000000000004,3.3139215992301194,3.313921599230123
JR,v0,0.0,0.47900000000000004,3.3284337201679994,3.328433720167995
JR,v0,0.0,0.48,3.343240023716273,3.343240023716269
JR,v0,0.0,0.481,3.358346829716565,3.35834682971656
JR,v0,0.0,0.482,3.3737651917318883,3.3737651917318825
JR,v0,0.0,0.483,3.389510897046648,3.389510897046648
JR,v0,0.0,0.484,3.405604466666639,3.4056044666666416
JR,v0,0.0,0.485,3.422071155319046,3.4220711553190473
JR,v0,0.0,0.486,3.438940951452445,3.438940951452443
JR,v0,0.0,0.487,3.456248577236804,3.456248577236806
JR,v0,0.0,0.488,3.4740282643948244,3.4740282643948204
JR,v0,0.0,0.489,3.4922829525541816,3.4922829525541856
JR,v0,0.0,0.49,3.5110096529881916,3.5110096529881916
JR,v0,0.0,0.491,3.530213030839655,3.5302130308396595
JR,v0,0.0,0.492,3.5499051866564213,3.5499051866564186
JR,v0,0.0,0.493,3.570105656391397,3.570105656391393
JR,v0,0.0,0.494,3.590841411402538,3.590841411402545
JR,v0,0.0,0.495,3.6121468584528564,3.6121468584528515
JR,v0,0.0,0.496,3.634063839710414,3.634063839710409
JR,v0,0.0,0.497,3.656641632748327,3.6566416327483307
JR,v0,0.0,0.498,3.6799369505447643,3.679936950544761
JR,v0,0.0,0.499,3.7040070685657898,3.704007068565788
JR,v0,0.0,0.5,3.728865489150985,3.7288654891509805
JR,v0,0.0,0.501,3.7545150178296436,3.7545150178296463
JR,v0,0.0,0.502,3.780971285173244,3.780971285173241
JR,v0,0.0,0.503,3.808262732179172,3.808262732179173
JR,v0,0.0,0.504,3.8364306102707157,3.8364306102707206
JR,v0,0.0,0.505,3.86552898129707,3.8655289812970737
JR,v0,0.0,0.506,3.8956247175333343,3.895624717533337
JR,v0,0.0,0.507,3.9267975016805137,3.926797501680521
JR,v0,0.0,0.508,3.959139826865517,3.959139826865511
JR,v0,0.0,0.509,3.9927569328948227,3.992756932894831
JR,v0,0.0,0.51,4.027734189979882,4.02773418997988
JR,v0,0.0,0.511,4.064090226260228,4.064090226260234
JR,v0,0.0,0.512,4.101853618897355,4.1018536188973505
JR,v0,0.0,0.513,4.141076592349665,4.141076592349674
JR,v0,0.0,0.514,4.181835018372462,4.181835018372457
JR,v0,0.0,0.515,4.224228416017951,4.224228416017939
JR,v0,0.0,0.516,4.268379951635244,4.268379951635252
JR,v0,0.0,0.517,4.314436438870357,4.314436438870358
JR,v0,0.0,0.518,4.362568338666207,4.362568338666209
JR,v0,0.0,0.519,4.412969759262617,4.412969759262624
JR,v0,0.0,0.52,4.46582068765727,4.465820687657258
JR,v0,0.0,0.521,4.521192491709049,4.521192491709043
JR,v0,0.0,0.522,4.5791663402449245,4.579166340244914
JR,v0,0.0,0.523,4.6398649425700995,4.63986494257011
JR,v0,0.0,0.524,4.703452541244838,4.70345254124483
JR,v0,0.0,0.525,4.770134912084456,4.770134912084461
JR,v0,0.0,0.526,4.8401593641593355,4.840159364159331
JR,v0,0.0,0.527,4.913814739794913,4.913814739794918
JR,v0,0.0,0.528,4.991431414571682,4.991431414571693
JR,v0,0.0,0.529,5.0733737031158705,5.073373703115865
JR,v0,0.0,0.53,5.159859444713723,5.159859444713728
JR,v0,0.0,0.531,5.2510913685855485,5.2510913685855485
JR,v0,0.0,0.532,5.3473337905217235,5.347333790521715
JR,v0,0.0,0.533,5.448879710882992,5.4488797108829905
JR,v0,0.0,0.534,5.556050814600471,5.5560508146004794
JR,v0,0.0,0.535,5.669197471175635,5.66919747117562
JR,v0,0.0,0.536,5.788698734680342,5.788698734680339
JR,v0,0.0,0.537,5.914962343756806,5.914962343756809
JR,v0,0.0,0.538,6.048424721617616,6.04842472161761
JR,v0,0.0,0.539,6.189144360176363,6.189144360176365
JR,v0,0.0,0.54,6.337161799621389,6.337161799621401
JR,v0,0.0,0.541,6.493102776083919,6.49310277608391
JR,v0,0.0,0.542,6.657371879031193,6.6573718790311895
JR,v0,0.0,0.543,6.830144774328866,6.830144774328875
JR,v0,0.0,0.544,7.011368204241022,7.011368204241007
JR,v0,0.0,0.545,7.20075998743016,7.20075998743016
JR,v0,0.0,0.546,7.397809018957205,7.397809018957216
JR,v0,0.0,0.547,7.601775270281503,7.601775270281488
JR,v0,0.0,0.548,7.811689789260821,7.811689789260832
JR,v0,0.0,0.549,8.026420396573428,8.02642039657345
JR,v0,0.0,0.55,8.24505551015708,8.245055510157071
JR,v0,0.0,0.551,8.466573744601504,8.466573744601524
JR,v0,0.0,0.552,8.68975183177621,8.689751831776219
JR,v0,0.0,0.553,8.91317530860638,8.913175308606363
JR,v0,0.0,0.554,9.135238517072882,9.135238517072903
JR,v0,0.0,0.555,9.354144604212266,9.354144604212253
JR,v0,0.0,0.556,9.56790552211676,9.567905522116774
JR,v0,0.0,0.557,9.774342027934274,9.774342027934269
JR,v0,0.0,0.558,9.971116747078334,9.971116747078328
JR,v0,0.0,0.559,10.15668104284357,10.156681042843589
JR,v0,0.0,0.56,10.329971474046417,10.3299714740464
JR,v0,0.0,0.561,10.489855687575645,10.489855687575647
JR,v0,0.0,0.562,10.635239727797423,10.635239727797405
JR,v0,0.0,0.5630000000000001,10.765068036555338,10.765068036555352
JR,v0,0.0,0.5640000000000001,10.878323453170403,10.878323453170417
JR,v0,0.0,0.5650000000000001,10.974027214441023,10.974027214441012
JR,v0,0.0,0.5660000000000001,11.051238954643035,11.05123895464304
JR,v0,0.0,0.5670000000000001,11.10922506696157,11.109225066961574
JR,v0,0.0,0.5680000000000001,11.148001080301368,11.148001080301357
JR,v0,0.0,0.5690000000000001,11.167646195251681,11.167646195251688
JR,v0,0.0,0.5700000000000001,11.16826430898719,11.168264308987194
JR,v0,0.0,0.5710000000000001,11.1499949437545,11.149994943754484
JR,v0,0.0,0.5720000000000001,11.113013246872145,11.113013246872143
JR,v0,0.0,0.5730000000000001,11.057529990730576,11.057529990730576
JR,v0,0.0,0.5740000000000001,10.983791572792173,10.983791572792164
JR,v0,0.0,0.5750000000000001,10.892114551546227,10.892114551546227
JR,v0,0.0,0.5760000000000001,10.783174059863182,10.783174059863189
JR,v0,0.0,0.577,10.657791990502474,10.657791990502467
JR,v0,0.0,0.578,10.516781665277591,10.516781665277572
JR,v0,0.0,0.579,10.360951682255076,10.360951682255065
JR,v0,0.0,0.58,10.191105915754465,10.191105915754491
JR,v0,0.0,0.581,10.0080435163483,10.00804351634829
JR,v0,0.0,0.582,9.81255891086213,9.812558910862117
JR,v0,0.0,0.583,9.605441802374513,9.605441802374488
JR,v0,0.0,0.584,9.387621238992674,9.387621238992667
JR,v0,0.0,0.585,9.160231749606686,9.160231749606707
JR,v0,0.0,0.586,8.924283707802802,8.924283707802822
JR,v0,0.0,0.587,8.680808889670397,8.6808088896704
JR,v0,0.0,0.588,8.43086291551819,8.43086291551821
JR,v0,0.0,0.589,8.175525249874246,8.175525249874234
JR,v0,0.0,0.59,7.915899201485958,7.915899201485977
JR,v0,0.0,0.591,7.65311192332007,7.653111923320088
JR,v0,0.0,0.592,7.38832377797258,7.388323777972574
JR,v0,0.0,0.593,7.122824717442736,7.122824717442737
JR,v0,0.0,0.594,6.857762304354367,6.857762304354353
JR,v0,0.0,0.595,6.594275632430955,6.594275632430945
JR,v0,0.0,0.596,6.3335601607847725,6.333560160784782
JR,v0,0.0,0.597,6.076867713916904,6.076867713916908
JR,v0,0.0,0.598,5.82550648171722,5.825506481717223
JR,v0,0.0,0.599,5.580841019464401,5.580841019464401
JR,v0,0.0,0.6,5.34429224782593,5.3442922478259325
JR,v0,0.0,0.601,5.1171748298162605,5.11717482981625
JR,v0,0.0,0.602,4.900464633214089,4.900464633214086
JR,v0,0.0,0.603,4.695378375947996,4.695378375947996
JR,v0,0.0,0.604,4.503019753735003,4.503019753734991
JR,v0,0.0,0.605,4.324356136810138,4.324356136810138
JR,v0,0.0,0.606,4.160218569926393,4.160218569926388
JR,v0,0.0,0.607,4.011301772354766,4.011301772354771
JR,v0,0.0,0.608,3.878164137884248,3.8781641378842537
JR,v0,0.0,0.609,3.7612277348218157,3.7612277348218246
JR,v0,0.0,0.61,3.6607782893936864,3.6607782893936887
JR,v0,0.0,0.611,3.576877037163932,3.5768770371639294
JR,v0,0.0,0.612,3.509311530759746,3.5093115307597547
JR,v0,0.0,0.613,3.457688510858027,3.4576885108580218
JR,v0,0.0,0.614,3.421400755439425,3.4214007554394303
JR,v0,0.0,0.615,3.3996270797883454,3.399627079788337
JR,v0,0.0,0.616,3.3913275175361406,3.391327517536132
JR,v0,0.0,0.617,3.3951802894124867,3.395180289412488
JR,v0,0.0,0.618,3.409653341440883,3.4096533414408845
JR,v0,0.0,0.619,3.4330689363202147,3.433068936320219
JR,v0,0.0,0.62,3.4636022636402792,3.463602263640274
JR,v0,0.0,0.621,3.4992808836041256,3.4992808836041203
JR,v0,0.0,0.622,3.5378295167247202,3.537829516724722
JR,v0,0.0,0.623,3.577291839383154,3.5772918393831588
JR,v0,0.0,0.624,3.616037633598804,3.616037633598807
JR,v0,0.0,0.625,3.6524881519364314,3.6524881519364367
JR,v0,0.0,0.626,3.6851161175061335,3.685116117506139
JR,v0,0.0,0.627,3.7124457239633877,3.712445723963393
JR,v0,0.0,0.628,3.7330526355090186,3.7330526355090132
JR,v0,0.0,0.629,3.7456564868963724,3.7456564868963755
JR,v0,0.0,0.63,3.7500765599237447,3.7500765599237416
JR,v0,0.0,0.631,3.7467489502748563,3.7467489502748594
JR,v0,0.0,0.632,3.7360335616721265,3.7360335616721203
JR,v0,0.0,0.633,3.7182041191266606,3.7182041191266553
JR,v0,0.0,0.634,3.693448168938234,3.693448168938233
JR,v0,0.0,0.635,3.6618670786952805,3.6618670786952885
JR,v0,0.0,0.636,3.623726992595497,3.623726992595494
JR,v0,0.0,0.637,3.5802259127899383,3.5802259127899405
JR,v0,0.0,0.638,3.5324595547113997,3.5324595547114046
JR,v0,0.0,0.639,3.481316941063417,3.481316941063422
JR,v0,0.0,0.64,3.427492342977903,3.4274923429779074
JR,v0,0.0,0.641,3.371485280015131,3.371485280015126
JR,v0,0.0,0.642,3.313600520163746,3.3136005201637375
JR,v0,0.0,0.643,3.254216847075927,3.2542168470759303
JR,v0,0.0,0.644,3.194063827236061,3.194063827236056
JR,v0,0.0,0.645,3.1336355059536665,3.1336355059536687
JR,v0,0.0,0.646,3.0733175396888157,3.0733175396888113
JR,v0,0.0,0.647,3.013389187203602,3.0133891872036043
JR,v0,0.0,0.648,2.9540233095621247,2.954023309562126
JR,v0,0.0,0.649,2.895286370130494,2.8952863701304956
JR,v0,0.0,0.65,2.8371384345768274,2.837138434576824
JR,v0,0.0,0.651,2.7795949381014076,2.7795949381014107
JR,v0,0.0,0.652,2.7229508500404815,2.722950850040485
JR,v0,0.0,0.653,2.6671100319761045,2.6671100319761076
JR,v0,0.0,0.654,2.6119835997184584,2.611983599718457
JR,v0,0.0,0.655,2.557519982496858,2.5575199824968635
JR,v0,0.0,0.656,2.5037049229597574,2.5037049229597628
JR,v0,0.0,0.657,2.45056147717475,2.4505614771747464
JR,v0,0.0,0.658,2.3981500146285644,2.3981500146285613
JR,v0,0.0,0.659,2.3465682182270697,2.346568218227075
JR,v0,0.0,0.66,2.2959514370083767,2.2959514370083713
JR,v0,0.0,0.661,2.246239669014054,2.2462396690140514
JR,v0,0.0,0.662,2.197254888658591,2.197254888658591
JR,v0,0.0,0.663,2.1488812481716675,2.1488812481716697
JR,v0,0.0,0.664,2.1010666022723807,2.1010666022723767
JR,v0,0.0,0.665,2.053822508169267,2.053822508169269
JR,v0,0.0,0.666,2.007224225560286,2.007224225560291
JR,v0,0.0,0.667,1.9614107166328267,1.9614107166328267
JR,v0,0.0,0.668,1.9165846460637095,1.916584646063711
JR,v0,0.0,0.669,1.8730123810191817,1.87301238101918
JR,v0,0.0,0.67,1.8308800161096777,1.8308800161096792
JR,v0,0.0,0.671,1.78997942768164,1.7899794276816388
JR,v0,0.0,0.672,1.7502358566277696,1.750235856627768
JR,v0,0.0,0.673,1.7116203278185687,1.711620327818566
JR,v0,0.0,0.674,1.6741398735816828,1.674139873581681
JR,v0,0.0,0.675,1.6378375337019184,1.637837533701915
JR,v0,0.0,0.676,1.6027923554212276,1.602792355421229
JR,v0,0.0,0.677,1.5691193934387169,1.5691193934387144
JR,v0,0.0,0.678,1.5369697099106432,1.5369697099106392
JR,v0,0.0,0.679,1.5065287947060728,1.5065287947060713
JR,v0,0.0,0.68,1.4778145097285078,1.4778145097285076
JR,v0,0.0,0.681,1.45070160414084,1.4507016041408431
JR,v0,0.0,0.682,1.4251312527302247,1.4251312527302258
JR,v0,0.0,0.683,1.4010669176173867,1.401066917617385
JR,v0,0.0,0.684,1.3784943482566403,1.3784943482566396
JR,v0,0.0,0.685,1.357421581435874,1.3574215814358734
JR,v0,0.0,0.686,1.3378789412765526,1.3378789412765544
JR,v0,0.0,0.687,1.319919039233726,1.3199190392337246
JR,v0,0.0,0.6880000000000001,1.3036167740960192,1.3036167740960172
JR,v0,0.0,0.6890000000000001,1.2890439238215388,1.289043923821538
JR,v0,0.0,0.6900000000000001,1.2761005421461764,1.2761005421461784
JR,v0,0.0,0.6910000000000001,1.2646840582244367,1.264684058224435
JR,v0,0.0,0.6920000000000001,1.2547174228459301,1.2547174228459286
JR,v0,0.0,0.6930000000000001,1.2461394342475192,1.2461394342475212
JR,v0,0.0,0.6940000000000001,1.2389047381133187,1.2389047381133194
JR,v0,0.0,0.6950000000000001,1.2329838275746994,1.2329838275746994
JR,v0,0.0,0.6960000000000001,1.2283630432102877,1.22836304321029
JR,v0,0.0,0.6970000000000001,1.2250445730459605,1.2250445730459623
JR,v0,0.0,0.6980000000000001,1.2230464525548497,1.2230464525548512
JR,v0,0.0,0.6990000000000001,1.2223813159694865,1.2223813159694858
JR,v0,0.0,0.7000000000000001,1.2229395643850198,1.2229395643850183
JR,v0,0.0,0.7010000000000001,1.2246248839514005,1.224624883951403
JR,v0,0.0,0.7020000000000001,1.2273590137318484,1.227359013731846
JR,v0,0.0,0.7030000000000001,1.2310743816147873,1.2310743816147889
JR,v0,0.0,0.704,1.2357141043138533,1.235714104313856
JR,v0,0.0,0.705,1.2412319873678888,1.241231987367886
JR,v0,0.0,0.706,1.2475925251409432,1.2475925251409448
JR,v0,0.0,0.707,1.254770900822276,1.2547709008222787
JR,v0,0.0,0.708,1.2627529864263538,1.262752986426352
JR,v0,0.0,0.709,1.2715353427928493,1.2715353427928475
JR,v0,0.0,0.71,1.2810791478360608,1.2810791478360637
JR,v0,0.0,0.711,1.2912899594301113,1.2912899594301133
JR,v0,0.0,0.712,1.3021049124422044,1.3021049124422037
JR,v0,0.0,0.713,1.3134675547004004,1.3134675547003984
JR,v0,0.0,0.714,1.3253277397528436,1.3253277397528473
JR,v0,0.0,0.715,1.33764162686776,1.3376416268677618
JR,v0,0.0,0.716,1.3503716810334545,1.3503716810334527
JR,v0,0.0,0.717,1.3634866729583193,1.3634866729583175
JR,v0,0.0,0.718,1.3769616790708241,1.376961679070828
JR,v0,0.0,0.719,1.3907780815195219,1.3907780815195248
JR,v0,0.0,0.72,1.40492356817305,1.4049235681730474
JR,v0,0.0,0.721,1.4193888289270822,1.4193888289270828
JR,v0,0.0,0.722,1.4341204944255734,1.4341204944255717
JR,v0,0.0,0.723,1.449072152427318,1.4490721524273178
JR,v0,0.0,0.724,1.4642097919732642,1.4642097919732633
JR,v0,0.0,0.725,1.4795025273412614,1.4795025273412628
JR,v0,0.0,0.726,1.4949225980460579,1.4949225980460594
JR,v0,0.0,0.727,1.5104453688393011,1.5104453688392996
JR,v0,0.0,0.728,1.526049329709536,1.5260493297095363
JR,v0,0.0,0.729,1.5417160958822076,1.5417160958822078
JR,v0,0.0,0.73,1.5574304078196577,1.5574304078196548
JR,v0,0.0,0.731,1.5731801312211302,1.573180131221133
JR,v0,0.0,0.732,1.5889562570227662,1.5889562570227695
JR,v0,0.0,0.733,1.6047529013976032,1.6047529013976032
JR,v0,0.0,0.734,1.620565429855609,1.6205654298556085
JR,v0,0.0,0.735,1.6363655765934992,1.6363655765935021
JR,v0,0.0,0.736,1.6521316632561351,1.6521316632561394
JR,v0,0.0,0.737,1.6678490743823353,1.6678490743823327
JR,v0,0.0,0.738,1.6835048084454054,1.6835048084454056
JR,v0,0.0,0.739,1.6990874778531393,1.6990874778531404
JR,v0,0.0,0.74,1.7145873089478196,1.7145873089478156
JR,v0,0.0,0.741,1.7299961420062204,1.7299961420062209
JR,v0,0.0,0.742,1.7453074312395995,1.7453074312396013
JR,v0,0.0,0.743,1.760516244793708,1.7605162447937064
JR,v0,0.0,0.744,1.775619264748784,1.7756192647487876
JR,v0,0.0,0.745,1.7906147871195528,1.7906147871195517
JR,v0,0.0,0.746,1.80550272185523,1.8055027218552278
JR,v0,0.0,0.747,1.8202845928395215,1.820284592839525
JR,v0,0.0,0.748,1.8349592926371239,1.8349592926371274
JR,v0,0.0,0.749,1.8495105076249452,1.8495105076249467
JR,v0,0.0,0.75,1.863931706430011,1.8639317064300094
JR,v0,0.0,0.751,1.8782187474800272,1.878218747480027
JR,v0,0.0,0.752,1.8923685797039784,1.8923685797039769
JR,v0,0.0,0.753,1.9063792425321227,1.9063792425321247
JR,v0,0.0,0.754,1.9202498658959937,1.9202498658959914
JR,v0,0.0,0.755,1.9339806702284008,1.9339806702284053
JR,v0,0.0,0.756,1.9475729664634294,1.9475729664634311
JR,v0,0.0,0.757,1.9610291560364406,1.9610291560364388
JR,v0,0.0,0.758,1.974352730884069,1.974352730884071
JR,v0,0.0,0.759,1.9875468306825343,1.9875468306825328
JR,v0,0.0,0.76,2.000608049940085,2.000608049940089
JR,v0,0.0,0.761,2.0135329398129906,2.01353293981299
JR,v0,0.0,0.762,2.026319345749261,2.0263193457492634
JR,v0,0.0,0.763,2.0389662942684743,2.038966294268476
JR,v0,0.0,0.764,2.051473992961785,2.051473992961782
JR,v0,0.0,0.765,2.063843830491917,2.0638438304919187
JR,v0,0.0,0.766,2.07607837659317,2.0760783765931676
JR,v0,0.0,0.767,2.088181382071412,2.088181382071412
JR,v0,0.0,0.768,2.1001577788040873,2.1001577788040886
JR,v0,0.0,0.769,2.1120136797402105,2.1120136797402136
JR,v0,0.0,0.77,2.1237548841683855,2.1237548841683895
JR,v0,0.0,0.771,2.1353791048178885,2.1353791048178925
JR,v0,0.0,0.772,2.1468821082513103,2.1468821082513063
JR,v0,0.0,0.773,2.1582611990502145,2.15826119905021
JR,v0,0.0,0.774,2.1695152147040706,2.1695152147040693
JR,v0,0.0,0.775,2.1806445256102522,2.1806445256102553
JR,v0,0.0,0.776,2.191651035074038,2.191651035074043
JR,v0,0.0,0.777,2.202538179308611,2.202538179308616
JR,v0,0.0,0.778,2.2133109274350593,2.2133109274350597
JR,v0,0.0,0.779,2.2239757814823737,2.2239757814823786
JR,v0,0.0,0.78,2.234540776387451,2.2345407763874543
JR,v0,0.0,0.781,2.2450152895681965,2.2450152895681934
JR,v0,0.0,0.782,2.255400034342508,2.255400034342506
JR,v0,0.0,0.783,2.265688507100352,2.2656885071003505
JR,v0,0.0,0.784,2.2758767825524036,2.275876782552408
JR,v0,0.0,0.785,2.2859626154802997,2.2859626154802943
JR,v0,0.0,0.786,2.2959454407366353,2.2959454407366326
JR,v0,0.0,0.787,2.3058263732449698,2.3058263732449693
JR,v0,0.0,0.788,2.3156082079998193,2.315608207999816
JR,v0,0.0,0.789,2.3252954200666647,2.32529542006666
JR,v0,0.0,0.79,2.3348941645819434,2.3348941645819474
JR,v0,0.0,0.791,2.344412276753057,2.3444122767530535
JR,v0,0.0,0.792,2.353859271858367,2.353859271858368
JR,v0,0.0,0.793,2.3632436170964195,2.3632436170964235
JR,v0,0.0,0.794,2.3725592386325065,2.372559238632505
JR,v0,0.0,0.795,2.3818005661575534,2.3818005661575516
JR,v0,0.0,0.796,2.3909642636910413,2.3909642636910444
JR,v0,0.0,0.797,2.400048691454088,2.400048691454088
JR,v0,0.0,0.798,2.4090539058694524,2.4090539058694556
JR,v0,0.0,0.799,2.4179816595615327,2.417981659561527
JR,v0,0.0,0.8,2.4268354013563678,2.4268354013563638
JR,v0,0.0,0.801,2.4356202762816332,2.4356202762816377
JR,v0,0.0,0.802,2.4443431255666472,2.4443431255666535
JR,v0,0.0,0.803,2.4530124866423657,2.4530124866423653
JR,v0,0.0,0.804,2.4616385867485353,2.4616385867485353
JR,v0,0.0,0.805,2.470224303637525,2.4702243036375298
JR,v0,0.0,0.806,2.4787617360779266,2.4787617360779275
JR,v0,0.0,0.807,2.4872464138542782,2.487246413854279
JR,v0,0.0,0.808,2.495675555478857,2.495675555478862
JR,v0,0.0,0.809,2.50404806819168,2.5040480681916795
JR,v0,0.0,0.81,2.512364547960508,2.5123645479605106
JR,v0,0.0,0.811,2.520627279480842,2.5206272794808395
JR,v0,0.0,0.812,2.528840236175926,2.5288402361759315
JR,v0,0.0,0.8130000000000001,2.5370090801967433,2.5370090801967478
JR,v0,0.0,0.8140000000000001,2.5451411624220204,2.5451411624220253
JR,v0,0.0,0.8150000000000001,2.5532455224582242,2.553245522458219
JR,v0,0.0,0.8160000000000001,2.561332165409453,2.561332165409453
JR,v0,0.0,0.8170000000000001,2.5693983840201975,2.5693983840201953
JR,v0,0.0,0.8180000000000001,2.577437181537432,2.577437181537426
JR,v0,0.0,0.8190000000000001,2.585444602044783,2.5854446020447863
JR,v0,0.0,0.8200000000000001,2.5934183580167423,2.5934183580167463
JR,v0,0.0,0.8210000000000001,2.6013578303186686,2.6013578303186704
JR,v0,0.0,0.8220000000000001,2.609264068206788,2.6092640682067856
JR,v0,0.0,0.8230000000000001,2.6171397893281907,2.6171397893281845
JR,v0,0.0,0.8240000000000001,2.6249893797208355,2.624989379720832
JR,v0,0.0,0.8250000000000001,2.632818893813545,2.6328188938135475
JR,v0,0.0,0.8260000000000001,2.640636054426009,2.6406360544260106
JR,v0,0.0,0.8270000000000001,2.648450252768785,2.6484502527687828
JR,v0,0.0,0.8280000000000001,2.6562702756172247,2.6562702756172287
JR,v0,0.0,0.8290000000000001,2.664090206419469,2.6640902064194716
JR,v0,0.0,0.8300000000000001,2.6719041470981018,2.671904147098102
JR,v0,0.0,0.8310000000000001,2.67970860870589,2.679708608705886
JR,v0,0.0,0.8320000000000001,2.687501768284725,2.6875017682847275
JR,v0,0.0,0.833,2.695283468865623,2.695283468865625
JR,v0,0.0,0.834,2.7030552194687316,2.70305521946873
JR,v0,0.0,0.835,2.7108201951033206,2.7108201951033175
JR,v0,0.0,0.836,2.7185832367677873,2.718583236767787
JR,v0,0.0,0.837,2.726350851449657,2.726350851449659
JR,v0,0.0,0.838,2.7341312121255794,2.734131212125584
JR,v0,0.0,0.839,2.741934157761332,2.741934157761333
JR,v0,0.0,0.84,2.749766857534412,2.749766857534413
JR,v0,0.0,0.841,2.7576219097795973,2.7576219097795978
JR,v0,0.0,0.842,2.765494291763883,2.7654942917638805
JR,v0,0.0,0.843,2.7733809660784825,2.773380966078486
JR,v0,0.0,0.844,2.781280609081685,2.781280609081684
JR,v0,0.0,0.845,2.789193610898853,2.7891936108988507
JR,v0,0.0,0.846,2.797122075422425,2.7971220754224277
JR,v0,0.0,0.847,2.805069820311913,2.805069820311908
JR,v0,0.0,0.848,2.813042376993905,2.8130423769939052
JR,v0,0.0,0.849,2.821046990662061,2.8210469906620634
JR,v0,0.0,0.85,2.8290926202771205,2.8290926202771196
JR,v0,0.0,0.851,2.8371899385668926,2.8371899385668935
JR,v0,0.0,0.852,2.8453442096430104,2.8453442096430104
JR,v0,0.0,0.853,2.85354766548489,2.8535476654848875
JR,v0,0.0,0.854,2.8617958793044815,2.861795879304484
JR,v0,0.0,0.855,2.8700863000881385,2.8700863000881345
JR,v0,0.0,0.856,2.878418230795866,2.878418230795864
JR,v0,0.0,0.857,2.8867928283613127,2.88679282836131
JR,v0,0.0,0.858,2.89521310369178,2.8952131036917823
JR,v0,0.0,0.859,2.903683921668215,2.903683921668213
JR,v0,0.0,0.86,2.912212001145213,2.912212001145212
JR,v0,0.0,0.861,2.920805914951019,2.920805914951018
JR,v0,0.0,0.862,2.929476089887525,2.929476089887524
JR,v0,0.0,0.863,2.9382347264832704,2.938234726483269
JR,v0,0.0,0.864,2.9470847614128655,2.9470847614128632
JR,v0,0.0,0.865,2.9560187737649892,2.9560187737649866
JR,v0,0.0,0.866,2.9650327537411942,2.9650327537411894
JR,v0,0.0,0.867,2.974124828876564,2.9741248288765636
JR,v0,0.0,0.868,2.9832952640397123,2.983295264039719
JR,v0,0.0,0.869,2.9925464614327844,2.9925464614327852
JR,v0,0.0,0.87,3.001882960591458,3.001882960591451
JR,v0,0.0,0.871,3.0113114383849386,3.011311438384945
JR,v0,0.0,0.872,3.0208407090159666,3.0208407090159652
JR,v0,0.0,0.873,3.0304817240208095,3.0304817240208086
JR,v0,0.0,0.874,3.040247572269268,3.040247572269266
JR,v0,0.0,0.875,3.0501526557363197,3.0501526557363245
JR,v0,0.0,0.876,3.0601969770025716,3.0601969770025716
JR,v0,0.0,0.877,3.0703737285204524,3.0703737285204515
JR,v0,0.0,0.878,3.080679671019223,3.0806796710192206
JR,v0,0.0,0.879,3.0911142091946977,3.0911142091946995
JR,v0,0.0,0.88,3.1016793917092556,3.1016793917092578
JR,v0,0.0,0.881,3.112379911191829,3.1123799111918293
JR,v0,0.0,0.882,3.123223104237911,3.123223104237917
JR,v0,0.0,0.883,3.1342189514095526,3.1342189514095544
JR,v0,0.0,0.884,3.1453800772353624,3.1453800772353593
JR,v0,0.0,0.885,3.15672175021051,3.1567217502105165
JR,v0,0.0,0.886,3.1682618827967213,3.168261882796723
JR,v0,0.0,0.887,3.180016752196096,3.1800167521960874
JR,v0,0.0,0.888,3.191982023255409,3.191982023255412
JR,v0,0.0,0.889,3.2041525028254356,3.2041525028254285
JR,v0,0.0,0.89,3.216526861899472,3.2165268618994687
JR,v0,0.0,0.891,3.2291073103734362,3.229107310373428
JR,v0,0.0,0.892,3.241899597045867,3.2418995970458626
JR,v0,0.0,0.893,3.2549130096179253,3.254913009617929
JR,v0,0.0,0.894,3.2681603746933923,3.2681603746933883
JR,v0,0.0,0.895,3.281658057778673,3.2816580577786736
JR,v0,0.0,0.896,3.295425963282793,3.295425963282793
JR,v0,0.0,0.897,3.3094875345173973,3.309487534517398
JR,v0,0.0,0.898,3.323869437576065,3.323869437576071
JR,v0,0.0,0.899,3.3385829882778335,3.338582988277835
JR,v0,0.0,0.9,3.3536216918864423,3.3536216918864388
JR,v0,0.0,0.901,3.3689840401115405,3.3689840401115343
JR,v0,0.0,0.902,3.3846736943939493,3.3846736943939435
JR,v0,0.0,0.903,3.400699485905669,3.4006994859056676
JR,v0,0.0,0.904,3.4170754155498697,3.4170754155498657
JR,v0,0.0,0.905,3.4338206539609004,3.433820653960899
JR,v0,0.0,0.906,3.4509595415042846,3.450959541504288
JR,v0,0.0,0.907,3.4685215882767193,3.4685215882767175
JR,v0,0.0,0.908,3.4865414741060774,3.486541474106084
JR,v0,0.0,0.909,3.505059048551406,3.5050590485514035
JR,v0,0.0,0.91,3.5241050263003393,3.524105026300335
JR,v0,0.0,0.911,3.5436769261475245,3.5436769261475183
JR,v0,0.0,0.912,3.5637752323983602,3.5637752323983665
JR,v0,0.0,0.913,3.5844087199337067,3.5844087199337142
JR,v0,0.0,0.914,3.6055944535419386,3.605594453541931
JR,v0,0.0,0.915,3.627357787918952,3.6273577879189447
JR,v0,0.0,0.916,3.649732367668158,3.6497323676681543
JR,v0,0.0,0.917,3.672760127300487,3.672760127300482
JR,v0,0.0,0.918,3.6964912912343872,3.696491291234391
JR,v0,0.0,0.919,3.7209843737958255,3.720984373795828
JR,v0,0.0,0.92,3.7463061397670208,3.7463061397670163
JR,v0,0.0,0.921,3.7725080309336017,3.7725080309335977
JR,v0,0.0,0.922,3.7995944806354673,3.7995944806354642
JR,v0,0.0,0.923,3.8275760134239256,3.827576013423932
JR,v0,0.0,0.924,3.8564777023870027,3.856477702386998
JR,v0,0.0,0.925,3.886339169149444,3.8863391691494384
JR,v0,0.0,0.926,3.9172145838727115,3.9172145838727075
JR,v0,0.0,0.927,3.9491726652549857,3.94917266525499
JR,v0,0.0,0.928,3.9822966805311646,3.982296680531174
JR,v0,0.0,0.929,4.0166844454728645,4.0166844454728725
JR,v0,0.0,0.93,4.052448324388418,4.052448324388421
JR,v0,0.0,0.931,4.0897095434432735,4.089709543443278
JR,v0,0.0,0.932,4.128526040219419,4.1285260402194135
JR,v0,0.0,0.933,4.168921408409645,4.168921408409635
JR,v0,0.0,0.934,4.21094490310469,4.21094490310469
JR,v0,0.0,0.935,4.2546727919982175,4.254672791998229
JR,v0,0.0,0.936,4.300208355386814,4.300208355386814
JR,v0,0.0,0.937,4.347681886169995,4.347681886169995
JR,v0,0.0,0.9380000000000001,4.39725068985019,4.3972506898501855
JR,v0,0.0,0.9390000000000001,4.449099084532765,4.44909908453276
JR,v0,0.0,0.9400000000000001,4.503438400926003,4.503438400926013
JR,v0,0.0,0.9410000000000001,4.5604973983695345,4.5604973983695345
JR,v0,0.0,0.9420000000000001,4.620406482005593,4.620406482005593
JR,v0,0.0,0.9430000000000001,4.683251497373909,4.683251497373916
JR,v0,0.0,0.9440000000000001,4.749162137742685,4.749162137742689
JR,v0,0.0,0.9450000000000001,4.8183129264228395,4.818312926422835
JR,v0,0.0,0.9460000000000001,4.890923216768007,4.890923216767999
JR,v0,0.0,0.9470000000000001,4.967257192174534,4.96725719217454
JR,v0,0.0,0.9480000000000001,5.047623866081482,5.047623866081491
JR,v0,0.0,0.9490000000000001,5.132377081970628,5.1323770819706205
JR,v0,0.0,0.9500000000000001,5.221915513366466,5.221915513366468
JR,v0,0.0,0.9510000000000001,5.316536833977997,5.316536833977991
JR,v0,0.0,0.9520000000000001,5.416431310915185,5.416431310915185
JR,v0,0.0,0.9530000000000001,5.521920604809751,5.521920604809751
JR,v0,0.0,0.9540000000000001,5.633331897548061,5.633331897548046
JR,v0,0.0,0.9550000000000001,5.750997394644992,5.7509973946449815
JR,v0,0.0,0.9560000000000001,5.875254325243945,5.875254325243946
JR,v0,0.0,0.9570000000000001,6.006444942116833,6.006444942116832
JR,v0,0.0,0.9580000000000001,6.144916521664089,6.144916521664081
JR,v0,0.0,0.9590000000000001,6.2910213639146635,6.291021363914649
JR,v0,0.0,0.96,6.445004857476899,6.445004857476886
JR,v0,0.0,0.961,6.606729731534431,6.606729731534424
JR,v0,0.0,0.962,6.776543056471989,6.776543056471985
JR,v0,0.0,0.963,6.954637143654521,6.954637143654512
JR,v0,0.0,0.964,7.1409544013467405,7.14095440134675
JR,v0,0.0,0.965,7.33518733471312,7.335187334713131
JR,v0,0.0,0.966,7.536778545817896,7.5367785458179135
JR,v0,0.0,0.967,7.744920733625062,7.744920733625046
JR,v0,0.0,0.968,7.958556693998375,7.9585566939983865
JR,v0,0.0,0.969,8.176425700506758,8.176425700506769
JR,v0,0.0,0.97,8.397393524233241,8.397393524233253
JR,v0,0.0,0.971,8.620276121715065,8.620276121715053
JR,v0,0.0,0.972,8.843720013702367,8.843720013702379
JR,v0,0.0,0.973,9.066205783068897,9.066205783068888
JR,v0,0.0,0.974,9.286048074812033,9.286048074812022
JR,v0,0.0,0.975,9.501395596052777,9.501395596052792
JR,v0,0.0,0.976,9.710231116035747,9.710231116035745
JR,v0,0.0,0.977,9.910371466129188,9.91037146612917
JR,v0,0.0,0.978,10.099697270259586,10.099697270259611
JR,v0,0.0,0.979,10.277004230826599,10.277004230826604
JR,v0,0.0,0.98,10.441187120446607,10.441187120446584
JR,v0,0.0,0.981,10.591166018454881,10.59116601845486
JR,v0,0.0,0.982,10.725900606258335,10.725900606258365
JR,v0,0.0,0.983,10.844390167335503,10.844390167335508
JR,v0,0.0,0.984,10.945673587236556,10.945673587236568
JR,v0,0.0,0.985,11.02882935358329,11.028829353583303
JR,v0,0.0,0.986,11.092983864934311,11.09298386493432
JR,v0,0.0,0.987,11.137799634465878,11.137799634465866
JR,v0,0.0,0.988,11.163407056862583,11.163407056862605
JR,v0,0.0,0.989,11.169920077010845,11.169920077010836
JR,v0,0.0,0.99,11.15748690391813,11.157486903918118
JR,v0,0.0,0.991,11.126290010712937,11.126290010712948
JR,v0,0.0,0.992,11.076546134644822,11.076546134644808
JR,v0,0.0,0.993,11.00850627708436,11.008506277084367
JR,v0,0.0,0.994,10.92245572747124,10.922455727471263
JR,v0,0.0,0.995,10.818860350215642,10.818860350215655
JR,v0,0.0,0.996,10.698528956700411,10.698528956700418
JR,v0,0.0,0.997,10.562290122561075,10.562290122561079
JR,v0,0.0,0.998,10.41096718080165,10.410967180801661
JR,v0,0.0,0.999,10.245378221794649,10.245378221794658
JR,v0,0.0,1.0,10.066336093281066,10.066336093281054
JR,v0,0.0,1.0010000000000001,9.874648400370381,9.87464840037037
JR,v0,0.0,1.002,9.671117505540634,9.67111750554065
JR,v0,0.0,1.0030000000000001,9.45655621114159,9.456556211141583
JR,v0,0.0,1.004,9.232056506828998,9.232056506829023
JR,v0,0.0,1.0050000000000001,8.998682264138283,8.998682264138298
JR,v0,0.0,1.006,8.757453724395612,8.75745372439562
JR,v0,0.0,1.0070000000000001,8.509416922630512,8.50941692263052
JR,v0,0.0,1.008,8.255643687576299,8.255643687576287
JR,v0,0.0,1.0090000000000001,7.997231641669654,7.997231641669637
JR,v0,0.0,1.01,7.735304201051051,7.7353042010510435
JR,v0,0.0,1.0110000000000001,7.471010575564309,7.471010575564301
JR,v0,0.0,1.012,7.2055661025278095,7.2055661025278015
JR,v0,0.0,1.0130000000000001,6.9402449493050895,6.9402449493051
JR,v0,0.0,1.014,6.676171549949029,6.676171549949015
JR,v0,0.0,1.0150000000000001,6.41451081640159,6.414510816401605
JR,v0,0.0,1.016,6.15648162241793,6.156481622417923
JR,v0,0.0,1.0170000000000001,5.903356803565938,5.903356803565933
JR,v0,0.0,1.018,5.656463157226684,5.656463157226693
JR,v0,0.0,1.0190000000000001,5.417181442593975,5.417181442593975
JR,v0,0.0,1.02,5.1869462705283365,5.186946270528328
JR,v0,0.0,1.0210000000000001,4.966896852400723,4.966896852400733
JR,v0,0.0,1.022,4.758062273438043,4.758062273438043
JR,v0,0.0,1.0230000000000001,4.5616111617011335,4.561611161701136
JR,v0,0.0,1.024,4.3785695247796,4.378569524779606
JR,v0,0.0,1.025,4.209820749791454,4.209820749791448
JR,v0,0.0,1.026,4.056105603383315,4.056105603383326
JR,v0,0.0,1.027,3.918022231730454,3.9180222317304483
JR,v0,0.0,1.028,3.796026160536581,3.796026160536584
JR,v0,0.0,1.029,3.6904302950340977,3.690430295034103
JR,v0,0.0,1.03,3.601391283712644,3.601391283712644
JR,v0,0.0,1.031,3.5287797836440262,3.528779783644035
JR,v0,0.0,1.032,3.4722548240331754,3.47225482403318
JR,v0,0.0,1.033,3.4312724990864254,3.4312724990864267
JR,v0,0.0,1.034,3.4050758101869256,3.4050758101869287
JR,v0,0.0,1.035,3.3926946658947017,3.3926946658947004
JR,v0,0.0,1.036,3.392920637890306,3.3929206378903114
JR,v0,0.0,1.037,3.4042627019582525,3.404262701958258
JR,v0,0.0,1.038,3.4250780640461365,3.425078064046142
JR,v0,0.0,1.039,3.4535892811958355,3.4535892811958324
JR,v0,0.0,1.04,3.487883754848248,3.4878837548482498
JR,v0,0.0,1.041,3.525878839047447,3.525878839047442
JR,v0,0.0,1.042,3.5652390936378424,3.5652390936378424
JR,v0,0.0,1.043,3.6042658727383454,3.6042658727383428
JR,v0,0.0,1.044,3.641443783888281,3.6414437838882865
JR,v0,0.0,1.045,3.6753055544548303,3.6753055544548356
JR,v0,0.0,1.046,3.7044320316331003,3.704432031633095
JR,v0,0.0,1.047,3.7274521824460614,3.7274521824460667
JR,v0,0.0,1.048,3.743043093744607,3.743043093744612
JR,v0,0.0,1.049,3.750204261362409,3.750204261362403
JR,v0,0.0,1.05,3.7491918954267938,3.7491918954268
JR,v0,0.0,1.051,3.7405336520925303,3.7405336520925334
JR,v0,0.0,1.052,3.724661028745267,3.72466102874527
JR,v0,0.0,1.053,3.701909429998688,3.701909429998692
JR,v0,0.0,1.054,3.6725181676944665,3.6725181676944727
JR,v0,0.0,1.055,3.6366305991890275,3.636630599189023
JR,v0,0.0,1.056,3.594776412268521,3.594776412268517
JR,v0,0.0,1.057,3.548194178192338,3.5481941781923347
JR,v0,0.0,1.058,3.497905992416907,3.4979059924169125
JR,v0,0.0,1.059,3.4447378541529687,3.4447378541529674
JR,v0,0.0,1.06,3.3893196663655125,3.3893196663655094
JR,v0,0.0,1.061,3.3320852357738495,3.332085235773848
JR,v0,0.0,1.062,3.2732750479804036,3.273275047980405
JR,v0,0.0,1.063,3.2133647072557174,3.2133647072557205
JR,v0,0.0,1.064,3.152994358035908,3.152994358035908
JR,v0,0.0,1.065,3.092581521373983,3.0925815213739782
JR,v0,0.0,1.066,3.032449104512043,3.032449104512045
JR,v0,0.0,1.067,2.972825400881387,2.97282540088139
JR,v0,0.0,1.068,2.9138440901023994,2.913844090102397
JR,v0,0.0,1.069,2.8555442379846667,2.8555442379846694
JR,v0,0.0,1.07,2.797870296526863,2.7978702965268663
JR,v0,0.0,1.071,2.7408954845282185,2.740895484528215
JR,v0,0.0,1.072,2.684836777286783,2.6848367772867876
JR,v0,0.0,1.073,2.629564724466899,2.629564724466895
JR,v0,0.0,1.074,2.574984225611024,2.5749842256110202
JR,v0,0.0,1.075,2.521042250174389,2.521042250174389
JR,v0,0.0,1.076,2.467727837524917,2.4677278375249116
JR,v0,0.0,1.077,2.4150720969432964,2.4150720969432995
JR,v0,0.0,1.078,2.363148207622915,2.3631482076229138
JR,v0,0.0,1.079,2.312071418669923,2.312071418669918
JR,v0,0.0,1.08,2.2619767764480034,2.2619767764480008
JR,v0,0.0,1.081,2.212774381847849,2.2127743818478502
JR,v0,0.0,1.082,2.164298650641408,2.1642986506414057
JR,v0,0.0,1.083,2.116445828425908,2.116445828425904
JR,v0,0.0,1.084,2.0691742788294505,2.0691742788294505
JR,v0,0.0,1.085,2.022504483511103,2.022504483511105
JR,v0,0.0,1.086,1.976519042160806,1.9765190421608083
JR,v0,0.0,1.087,1.931362672499466,1.9313626724994628
JR,v0,0.0,1.088,1.8872422102788615,1.8872422102788584
JR,v0,0.0,1.089,1.8444266092817347,1.8444266092817336
JR,v0,0.0,1.09,1.8030714924894955,1.803071492489494
JR,v0,0.0,1.091,1.7629684821289633,1.762968482128966
JR,v0,0.0,1.092,1.724052809737712,1.7240528097377135
JR,v0,0.0,1.093,1.6862992587385914,1.6862992587385888
JR,v0,0.0,1.094,1.6497173549415933,1.6497173549415975
JR,v0,0.0,1.095,1.614351366543909,1.614351366543909
JR,v0,0.0,1.096,1.5802803041298734,1.5802803041298719
JR,v0,0.0,1.097,1.5476179206710219,1.547617920671021
JR,v0,0.0,1.098,1.5165127115260306,1.5165127115260304
JR,v0,0.0,1.099,1.487142847123736,1.4871428471237371
JR,v0,0.0,1.1,1.4594956746103493,1.4594956746103493
JR,v0,0.0,1.101,1.4334542308160705,1.4334542308160687
JR,v0,0.0,1.102,1.4089598724592873,1.408959872459289
JR,v0,0.0,1.103,1.385975736727528,1.3859757367275287
JR,v0,0.0,1.104,1.3644867412774193,1.3644867412774186
JR,v0,0.0,1.105,1.3444995842347156,1.3444995842347138
JR,v0,0.0,1.106,1.3260427441942788,1.326042744194281
JR,v0,0.0,1.107,1.3091664802200969,1.3091664802200984
JR,v0,0.0,1.108,1.2939428318452606,1.2939428318452582
JR,v0,0.0,1.109,1.2804319245199371,1.2804319245199343
JR,v0,0.0,1.11,1.2685230405942347,1.268523040594233
JR,v0,0.0,1.111,1.25811701563571,1.258117015635708
JR,v0,0.0,1.112,1.2491371234303106,1.2491371234303126
JR,v0,0.0,1.113,1.241522141680039,1.2415221416800373
JR,v0,0.0,1.114,1.2352263520029378,1.2352263520029394
JR,v0,0.0,1.115,1.2302195399331017,1.2302195399331024
JR,v0,0.0,1.116,1.226486994920668,1.226486994920666
JR,v0,0.0,1.117,1.2240295103318202,1.2240295103318184
JR,v0,0.0,1.118,1.2228633834487912,1.2228633834487932
JR,v0,0.0,1.119,1.222995740310716,1.2229957403107183
JR,v0,0.0,1.12,1.2243141379282312,1.2243141379282318
JR,v0,0.0,1.121,1.226725178054875,1.2267251780548767
JR,v0,0.0,1.122,1.2301518380183465,1.2301518380183447
JR,v0,0.0,1.123,1.23452748449116,1.2345274844911633
JR,v0,0.0,1.124,1.2397958734906567,1.23979587349066
JR,v0,0.0,1.125,1.2459111503789932,1.2459111503789906
JR,v0,0.0,1.1260000000000001,1.252837849863151,1.2528378498631525
JR,v0,0.0,1.127,1.2605508959949274,1.2605508959949256
JR,v0,0.0,1.1280000000000001,1.2690356021709492,1.2690356021709475
JR,v0,0.0,1.129,1.2782876711326523,1.2782876711326556
JR,v0,0.0,1.1300000000000001,1.2882688095847223,1.2882688095847217
JR,v0,0.0,1.131,1.298886628517356,1.2988866285173544
JR,v0,0.0,1.1320000000000001,1.3100799394020894,1.310079939402088
JR,v0,0.0,1.133,1.3217937450071613,1.3217937450071597
JR,v0,0.0,1.1340000000000001,1.333979115332304,1.3339791153323017
JR,v0,0.0,1.135,1.3465931876087263,1.3465931876087291
JR,v0,0.0,1.1360000000000001,1.3595991662991294,1.3595991662991305
JR,v0,0.0,1.137,1.372966323097689,1.3729663230976872
JR,v0,0.0,1.1380000000000001,1.3866699969300713,1.3866699969300695
JR,v0,0.0,1.139,1.4006915939534208,1.4006915939534215
JR,v0,0.0,1.1400000000000001,1.415018587556374,1.4150185875563748
JR,v0,0.0,1.141,1.4296426586758866,1.4296426586758866
JR,v0,0.0,1.1420000000000001,1.4445154092393269,1.4445154092393286
JR,v0,0.0,1.143,1.4595900186413475,1.4595900186413475
JR,v0,0.0,1.1440000000000001,1.474833752243896,1.4748337522438977
JR,v0,0.0,1.145,1.4902168540489873,1.4902168540489842
JR,v0,0.0,1.1460000000000001,1.505712546698735,1.5057125466987324
JR,v0,0.0,1.147,1.5212970314753216,1.5212970314753227
JR,v0,0.0,1.1480000000000001,1.536949488301028,1.5369494883010282
JR,v0,0.0,1.149,1.5526520757382056,1.5526520757382056
JR,v0,0.0,1.1500000000000001,1.568389930989302,1.5683899309893001
JR,v0,0.0,1.151,1.5841511698968356,1.584151169896839
JR,v0,0.0,1.1520000000000001,1.5999268869434227,1.599926886943422
JR,v0,0.0,1.153,1.615711155251749,1.6157111552517471
JR,v0,0.0,1.154,1.6315005823748527,1.6315005823748543
JR,v0,0.0,1.155,1.6472723616919067,1.647272361691905
JR,v0,0.0,1.156,1.6630029271549418,1.6630029271549376
JR,v0,0.0,1.157,1.67867813577329,1.6786781357732903
JR,v0,0.0,1.158,1.694285430280094,1.694285430280095
JR,v0,0.0,1.159,1.7098138391323374,1.709813839132334
JR,v0,0.0,1.16,1.725253976510818,1.7252539765108197
JR,v0,0.0,1.161,1.7405980423201695,1.7405980423201681
JR,v0,0.0,1.162,1.7558398221888423,1.7558398221888447
JR,v0,0.0,1.163,1.7709746874691241,1.770974687469125
JR,v0,0.0,1.164,1.7859995952371168,1.7859995952371153
JR,v0,0.0,1.165,1.800913088292762,1.80091308829276
JR,v0,0.0,1.166,1.8157152951598121,1.8157152951598077
JR,v0,0.0,1.167,1.830407930085863,1.8304079300858667
JR,v0,0.0,1.168,1.844992246043395,1.844992246043396
JR,v0,0.0,1.169,1.8594534276558297,1.8594534276558337
JR,v0,0.0,1.17,1.873783514182982,1.8737835141829775
JR,v0,0.0,1.171,1.8879783612737189,1.887978361273722
JR,v0,0.0,1.172,1.9020349372262197,1.9020349372262237
JR,v0,0.0,1.173,1.9159513229879992,1.9159513229880005
JR,v0,0.0,1.174,1.9297267121558845,1.9297267121558834
JR,v0,0.0,1.175,1.9433614109760362,1.943361410976033
JR,v0,0.0,1.176,1.95685683834393,1.9568568383439264
JR,v0,0.0,1.177,1.970215525804373,1.9702155258043756
JR,v0,0.0,1.178,1.9834411175514886,1.983441117551486
JR,v0,0.0,1.179,1.9965377483088997,1.9965377483088975
JR,v0,0.0,1.18,2.009503309459177,2.009503309459177
JR,v0,0.0,1.181,2.0223339161641376,2.022333916164141
JR,v0,0.0,1.182,2.0350271551768717,2.0350271551768695
JR,v0,0.0,1.183,2.047581822292359,2.0475818222923583
JR,v0,0.0,1.184,2.059997922347439,2.0599979223474367
JR,v0,0.0,1.185,2.0722766692208396,2.072276669220835
JR,v0,0.0,1.186,2.0844204858331508,2.084420485833155
JR,v0,0.0,1.187,2.0964330041468457,2.0964330041468404
JR,v0,0.0,1.188,2.1083190651662664,2.108319065166263
JR,v0,0.0,1.189,2.120084718937634,2.120084718937639
JR,v0,0.0,1.19,2.1317366728571083,2.131736672857104
JR,v0,0.0,1.191,2.1432747091364366,2.1432747091364406
JR,v0,0.0,1.192,2.154694245994244,2.154694245994248
JR,v0,0.0,1.193,2.1659921674855194,2.1659921674855145
JR,v0,0.0,1.194,2.1771669048183737,2.1771669048183706
JR,v0,0.0,1.195,2.1882184363540627,2.1882184363540573
JR,v0,0.0,1.196,2.1991482876069646,2.1991482876069615
JR,v0,0.0,1.197,2.2099595312446008,2.209959531244605
JR,v0,0.0,1.198,2.220656787087617,2.2206567870876195
JR,v0,0.0,1.199,2.2312462221097995,2.2312462221098026
JR,v0,0.0,1.2,2.241735550438062,2.2417355504380585
JR,v0,0.0,1.201,2.252134033352459,2.2521340333524615
JR,v0,0.0,1.202,2.2624463696698935,2.262446369669896
JR,v0,0.0,1.203,2.272665761100712,2.2726657611007117
JR,v0,0.0,1.204,2.282787807655383,2.282787807655382
JR,v0,0.0,1.205,2.2928098059192354,2.292809805919234
JR,v0,0.0,1.206,2.3027307375005677,2.3027307375005615
JR,v0,0.0,1.207,2.3125512690306587,2.3125512690306556
JR,v0,0.0,1.208,2.3222737521637504,2.322273752163746
JR,v0,0.0,1.209,2.3319022235770714,2.331902223577068
JR,v0,0.0,1.21,2.341442404970812,2.3414424049708145
JR,v0,0.0,1.211,2.350901703068144,2.3509017030681396
JR,v0,0.0,1.212,2.360289209615209,2.3602892096152117
JR,v0,0.0,1.213,2.369614907987916,2.369614907987911
JR,v0,0.0,1.214,2.378876169038802,2.378876169038797
JR,v0,0.0,1.215,2.388066277585456,2.3880662775854598
JR,v0,0.0,1.216,2.397181422705026,2.397181422705023
JR,v0,0.0,1.217,2.406219491865923,2.4062194918659254
JR,v0,0.0,1.218,2.4151800709278106,2.415180070927816
JR,v0,0.0,1.219,2.424064444141615,2.4240644441416124
JR,v0,0.0,1.22,2.4328755941495146,2.43287559414952
JR,v0,0.0,1.221,2.4416182019849524,2.441618201984958
JR,v0,0.0,1.222,2.45029864707262,2.4502986470726227
JR,v0,0.0,1.223,2.4589250072284767,2.458925007228481
JR,v0,0.0,1.224,2.4675070586597294,2.467507058659726
JR,v0,0.0,1.225,2.4760519179779608,2.4760519179779634
JR,v0,0.0,1.226,2.484552167803179,2.484552167803175
JR,v0,0.0,1.227,2.493002613460934,2.493002613460931
JR,v0,0.0,1.228,2.501400001025567,2.5014000010255644
JR,v0,0.0,1.229,2.509742763412285,2.5097427634122824
JR,v0,0.0,1.23,2.5180310203771517,2.5180310203771517
JR,v0,0.0,1.231,2.5262665785170904,2.526266578517094
JR,v0,0.0,1.232,2.5344529312698816,2.5344529312698754
JR,v0,0.0,1.233,2.542595258914172,2.5425952589141674
JR,v0,0.0,1.234,2.550700428569459,2.550700428569457
JR,v0,0.0,1.235,2.5587769941961054,2.558776994196108
JR,v0,0.0,1.236,2.566835181711598,2.5668351817116037
JR,v0,0.0,1.237,2.5748772699662736,2.574877269966271
JR,v0,0.0,1.238,2.58289520057648,2.582895200576475
JR,v0,0.0,1.239,2.590884551225477,2.59088455122548
JR,v0,0.0,1.24,2.5988425661654966,2.5988425661654997
JR,v0,0.0,1.241,2.6067681562177554,2.6067681562177545
JR,v0,0.0,1.242,2.61466189877244,2.614661898772447
JR,v0,0.0,1.243,2.622526037788721,2.6225260377887247
JR,v0,0.0,1.244,2.6303644837947404,2.630364483794744
JR,v0,0.0,1.245,2.6381828138876227,2.638182813887624
JR,v0,0.0,1.246,2.645988271733465,2.6459882717334704
JR,v0,0.0,1.247,2.6537897675673463,2.6537897675673388
JR,v0,0.0,1.248,2.6615974067221977,2.6615974067221946
JR,v0,0.0,1.249,2.6694094467110916,2.6694094467110876
JR,v0,0.0,1.25,2.6772187107509673,2.6772187107509655
JR,v0,0.0,1.2510000000000001,2.6850212389898664,2.6850212389898633
JR,v0,0.0,1.252,2.692814739047761,2.6928147390477557
JR,v0,0.0,1.2530000000000001,2.700598586016571,2.700598586016574
JR,v0,0.0,1.254,2.708373822460144,2.7083738224601457
JR,v0,0.0,1.2550000000000001,2.7161431584142766,2.7161431584142757
JR,v0,0.0,1.256,2.7239109713866956,2.7239109713866934
JR,v0,0.0,1.2570000000000001,2.731683306357073,2.7316833063570702
JR,v0,0.0,1.258,2.739467875777013,2.7394678757770157
JR,v0,0.0,1.2590000000000001,2.7472740595700635,2.747274059570062
JR,v0,0.0,1.26,2.755111474894089,2.755111474894085
JR,v0,0.0,1.2610000000000001,2.7629757852812444,2.762975785281242
JR,v0,0.0,1.262,2.77086074968346,2.770860749683461
JR,v0,0.0,1.2630000000000001,2.7787628449573556,2.778762844957354
JR,v0,0.0,1.264,2.7866802687908034,2.7866802687908034
JR,v0,0.0,1.2650000000000001,2.794612939702939,2.79461293970294
JR,v0,0.0,1.266,2.8025624970441454,2.802562497044143
JR,v0,0.0,1.2670000000000001,2.81053230099607,2.81053230099607
JR,v0,0.0,1.268,2.8185274325716114,2.818527432571613
JR,v0,0.0,1.2690000000000001,2.826554693614929,2.8265546936149253
JR,v0,0.0,1.27,2.8346226068014335,2.834622606801437
JR,v0,0.0,1.2710000000000001,2.8427414156378004,2.8427414156377977
JR,v0,0.0,1.272,2.8509201047103754,2.8509201047103776
JR,v0,0.0,1.2730000000000001,2.8591526559097247,2.8591526559097247
JR,v0,0.0,1.274,2.8674336415291695,2.8674336415291704
JR,v0,0.0,1.2750000000000001,2.8757599859567806,2.875759985956785
JR,v0,0.0,1.276,2.884130484620459,2.8841304846204645
JR,v0,0.0,1.2770000000000001,2.892545803987945,2.892545803987951
JR,v0,0.0,1.278,2.9010084815668096,2.901008481566807
JR,v0,0.0,1.2790000000000001,2.9095229259044646,2.9095229259044673
JR,v0,0.0,1.28,2.9180954165881494,2.9180954165881503
JR,v0,0.0,1.281,2.926734104244944,2.9267341042449475
JR,v0,0.0,1.282,2.9354490105417654,2.935449010541765
JR,v0,0.0,1.283,2.9442520281853564,2.944252028185359
JR,v0,0.0,1.284,2.9531513175557524,2.953151317555751
JR,v0,0.0,1.285,2.9621397119071737,2.9621397119071786
JR,v0,0.0,1.286,2.971212464734559,2.9712124647345544
JR,v0,0.0,1.287,2.980367116936561,2.980367116936559
JR,v0,0.0,1.288,2.98960337849563,2.989603378495638
JR,v0,0.0,1.289,2.99892312847799,2.998923128477993
JR,v0,0.0,1.29,3.008330415033658,3.008330415033659
JR,v0,0.0,1.291,3.0178314553964314,3.0178314553964287
JR,v0,0.0,1.292,3.027434635883897,3.027434635883898
JR,v0,0.0,1.293,3.037150511897423,3.0371505118974307
JR,v0,0.0,1.294,3.0469918079221685,3.0469918079221605
JR,v0,0.0,1.295,3.056973388715945,3.056973388715942
JR,v0,0.0,1.296,3.0671012491193945,3.067101249119391
JR,v0,0.0,1.297,3.077367907605599,3.0773679076056037
JR,v0,0.0,1.298,3.0877694006927365,3.087769400692741
JR,v0,0.0,1.299,3.0983044646440527,3.098304464644057
JR,v0,0.0,1.3,3.108974535467876,3.1089745354678757
JR,v0,0.0,1.301,3.1197837489176012,3.1197837489175986
JR,v0,0.0,1.302,3.13073894049171,3.13073894049171
JR,v0,0.0,1.303,3.141849645433744,3.141849645433747
JR,v0,0.0,1.304,3.1531280987323362,3.153128098732338
JR,v0,0.0,1.305,3.1645892351211793,3.164589235121183
JR,v0,0.0,1.306,3.1762506890790565,3.1762506890790574
JR,v0,0.0,1.307,3.1881314358223216,3.188131435822321
JR,v0,0.0,1.308,3.200232548793597,3.2002325487935996
JR,v0,0.0,1.309,3.21254753322014,3.2125475332201385
JR,v0,0.0,1.31,3.2250742045149465,3.225074204514952
JR,v0,0.0,1.311,3.2378140166262894,3.2378140166262943
JR,v0,0.0,1.312,3.25077206203774,3.2507720620377483
JR,v0,0.0,1.313,3.2639570717681448,3.2639570717681403
JR,v0,0.0,1.314,3.2773814153716536,3.2773814153716567
JR,v0,0.0,1.315,3.291061100937691,3.2910611009376884
JR,v0,0.0,1.316,3.3050157750909803,3.305015775090981
JR,v0,0.0,1.317,3.3192687229915236,3.3192687229915236
JR,v0,0.0,1.318,3.3338468683346205,3.33384686833462
JR,v0,0.0,1.319,3.3487695424618473,3.3487695424618487
JR,v0,0.0,1.32,3.3640312014825984,3.364031201482594
JR,v0,0.0,1.321,3.3796291831077863,3.379629183107791
JR,v0,0.0,1.322,3.3955661865410627,3.395566186541068
JR,v0,0.0,1.323,3.4118502664059234,3.411850266405923
JR,v0,0.0,1.324,3.428494832745735,3.4284948327457396
JR,v0,0.0,1.325,3.4455186510237086,3.445518651023707
JR,v0,0.0,1.326,3.4629458421229273,3.4629458421229256
JR,v0,0.0,1.327,3.480805882346317,3.480805882346317
JR,v0,0.0,1.328,3.4991336034166762,3.4991336034166793
JR,v0,0.0,1.329,3.517969192476646,3.517969192476643
JR,v0,0.0,1.33,3.5373508860925207,3.5373508860925167
JR,v0,0.0,1.331,3.557281669109946,3.5572816691099507
JR,v0,0.0,1.332,3.577760343604277,3.577760343604272
JR,v0,0.0,1.333,3.598794507233678,3.5987945072336784
JR,v0,0.0,1.334,3.6204004120375513,3.620400412037554
JR,v0,0.0,1.335,3.642602964436497,3.642602964436493
JR,v0,0.0,1.336,3.6654357252323524,3.6654357252323466
JR,v0,0.0,1.337,3.6889409096081542,3.6889409096081596
JR,v0,0.0,1.338,3.713169387128177,3.713169387128176
JR,v0,0.0,1.339,3.738180681737892,3.7381806817378975
JR,v0,0.0,1.34,3.7640429717640096,3.7640429717640127
JR,v0,0.0,1.341,3.79081916769861,3.7908191676986047
JR,v0,0.0,1.342,3.8185201401334132,3.8185201401334057
JR,v0,0.0,1.343,3.847154613187249,3.8471546131872443
JR,v0,0.0,1.344,3.8767466259688512,3.8767466259688494
JR,v0,0.0,1.345,3.9073355072156373,3.907335507215635
JR,v0,0.0,1.346,3.9389758752937594,3.9389758752937536
JR,v0,0.0,1.347,3.971737638198052,3.9717376381980602
JR,v0,0.0,1.348,4.0057059935520885,4.005705993552096
JR,v0,0.0,1.349,4.040981428608121,4.040981428608121
JR,v0,0.0,1.35,4.077679720247143,4.077679720247146
JR,v0,0.0,1.351,4.115929578600616,4.115929578600624
JR,v0,0.0,1.352,4.15580807230057,4.1558080723005615
JR,v0,0.0,1.353,4.197339802059839,4.197339802059843
JR,v0,0.0,1.354,4.24057362291035,4.240573622910348
JR,v0,0.0,1.355,4.28558679676272,4.285586796762727
JR,v0,0.0,1.356,4.332484992406344,4.332484992406351
JR,v0,0.0,1.357,4.381402285509301,4.381402285509297
JR,v0,0.0,1.358,4.432501158618453,4.432501158618448
JR,v0,0.0,1.359,4.485972501159347,4.485972501159339
JR,v0,0.0,1.36,4.54203560943631,4.542035609436311
JR,v0,0.0,1.361,4.60093267118506,4.60093267118505
JR,v0,0.0,1.362,4.662817821026161,4.662817821026168
JR,v0,0.0,1.363,4.727782577143567,4.727782577143561
JR,v0,0.0,1.364,4.795961877493517,4.795961877493525
JR,v0,0.0,1.365,4.867536383210325,4.867536383210332
JR,v0,0.0,1.366,4.942732478606498,4.942732478606501
JR,v0,0.0,1.367,5.021822271172607,5.021822271172599
JR,v0,0.0,1.368,5.105123591577424,5.105123591577414
JR,v0,0.0,1.369,5.192999993667786,5.192999993667793
JR,v0,0.0,1.37,5.285860754468729,5.2858607544687315
JR,v0,0.0,1.371,5.384028487652727,5.384028487652713
JR,v0,0.0,1.372,5.487682581948011,5.487682581948019
JR,v0,0.0,1.373,5.597171349028231,5.597171349028246
JR,v0,0.0,1.374,5.712838884053624,5.712838884053619
JR,v0,0.0,1.375,5.835021342338621,5.835021342338628
JR,v0,0.0,1.3760000000000001,5.964046939352044,5.964046939352036
JR,v0,0.0,1.377,6.100235950716888,6.100235950716876
JR,v0,0.0,1.3780000000000001,6.243900712210557,6.243900712210566
JR,v0,0.0,1.379,6.395345619764619,6.395345619764613
JR,v0,0.0,1.3800000000000001,6.554798139382716,6.554798139382717
JR,v0,0.0,1.381,6.7220651038050345,6.722065103805029
JR,v0,0.0,1.3820000000000001,6.897394918972182,6.8973949189721715
JR,v0,0.0,1.383,7.08091155989762,7.080911559897611
JR,v0,0.0,1.3840000000000001,7.272472136253628,7.272472136253636
JR,v0,0.0,1.385,7.471666892370986,7.4716668923709895
JR,v0,0.0,1.3860000000000001,7.677819207239305,7.67781920723929
JR,v0,0.0,1.387,7.889985594506685,7.889985594506695
JR,v0,0.0,1.3880000000000001,8.10695570248007,8.106955702480063
JR,v0,0.0,1.389,8.327310149243925,8.327310149243914
JR,v0,0.0,1.3900000000000001,8.549809563730948,8.549809563730948
JR,v0,0.0,1.391,8.7731650641085,8.773165064108518
JR,v0,0.0,1.3920000000000001,8.995938907367186,8.995938907367188
JR,v0,0.0,1.393,9.216552745476285,9.21655274547629
JR,v0,0.0,1.3940000000000001,9.433287625384153,9.433287625384168
JR,v0,0.0,1.395,9.644283989017824,9.644283989017824
JR,v0,0.0,1.3960000000000001,9.847541673283398,9.847541673283418
JR,v0,0.0,1.397,10.040919910065668,10.040919910065668
JR,v0,0.0,1.3980000000000001,10.222410789092446,10.222410789092459
JR,v0,0.0,1.399,10.390914494635286,10.390914494635267
JR,v0,0.0,1.4000000000000001,10.545406143237418,10.545406143237416
JR,v0,0.0,1.401,10.684896589181669,10.684896589181669
JR,v0,0.0,1.4020000000000001,10.808440374133596,10.808440374133617
JR,v0,0.0,1.403,10.915135727141243,10.915135727141228
JR,v0,0.0,1.4040000000000001,11.004124564635351,11.00412456463536
JR,v0,0.0,1.405,11.074592490429168,11.074592490429165
JR,v0,0.0,1.4060000000000001,11.125789282908475,11.125789282908492
JR,v0,0.0,1.407,11.157546538633149,11.157546538633143
JR,v0,0.0,1.408,11.170061080580268,11.170061080580256
JR,v0,0.0,1.409,11.163519952953726,11.163519952953722
JR,v0,0.0,1.41,11.13814111856426,11.13814111856426
JR,v0,0.0,1.411,11.094173458829426,11.09417345882943
JR,v0,0.0,1.412,11.031896773773646,11.03189677377364
JR,v0,0.0,1.413,10.951621782028127,10.951621782028141
JR,v0,0.0,1.414,10.853690952848233,10.85369095284821
JR,v0,0.0,1.415,10.738653555981147,10.738653555981152
JR,v0,0.0,1.416,10.607360749140923,10.607360749140954
JR,v0,0.0,1.417,10.46066940230238,10.46066940230239
JR,v0,0.0,1.418,10.29943016260986,10.299430162609845
JR,v0,0.0,1.419,10.124487454376977,10.124487454376997
JR,v0,0.0,1.42,9.936679479086887,9.936679479086907
JR,v0,0.0,1.421,9.736838215392005,9.73683821539202
JR,v0,0.0,1.422,9.525789419114304,9.525789419114291
JR,v0,0.0,1.423,9.30437411415742,9.304374114157433
JR,v0,0.0,1.424,9.073721683651192,9.073721683651202
JR,v0,0.0,1.425,8.834894193826875,8.834894193826894
JR,v0,0.0,1.426,8.588917114758278,8.588917114758267
JR,v0,0.0,1.427,8.336846880748784,8.336846880748793
JR,v0,0.0,1.428,8.079770890331812,8.079770890331814
JR,v0,0.0,1.429,7.818807506270355,7.818807506270341
JR,v0,0.0,1.43,7.555106055557461,7.555106055557453
JR,v0,0.0,1.431,7.289846829415735,7.289846829415743
JR,v0,0.0,1.432,7.024261254532954,7.0242612545329495
JR,v0,0.0,1.433,6.759635521362947,6.759635521362951
JR,v0,0.0,1.434,6.497122798675436,6.497122798675447
JR,v0,0.0,1.435,6.23790168163616,6.237901681636162
JR,v0,0.0,1.436,5.98319582200892,5.983195822008915
JR,v0,0.0,1.437,5.734273928155115,5.734273928155112
JR,v0,0.0,1.438,5.492449765034202,5.492449765034207
JR,v0,0.0,1.439,5.259082154203249,5.259082154203257
JR,v0,0.0,1.44,5.035574973817347,5.035574973817347
JR,v0,0.0,1.441,4.823099424272765,4.823099424272758
JR,v0,0.0,1.442,4.622589655997871,4.622589655997883
JR,v0,0.0,1.443,4.435153976057087,4.4351539760570935
JR,v0,0.0,1.444,4.2617489609601975,4.261748960960192
JR,v0,0.0,1.445,4.103177258676315,4.103177258676322
JR,v0,0.0,1.446,3.960087588634206,3.9600875886342095
JR,v0,0.0,1.447,3.832974741722005,3.8329747417220106
JR,v0,0.0,1.448,3.7221795802874666,3.7221795802874635
JR,v0,0.0,1.449,3.6278890381377487,3.627889038137751
JR,v0,0.0,1.45,3.550110063600002,3.5501100636000107
JR,v0,0.0,1.451,3.4885560767281767,3.4885560767281736
JR,v0,0.0,1.452,3.4427368457363663,3.442736845736363
JR,v0,0.0,1.453,3.411954961655603,3.411954961655604
JR,v0,0.0,1.454,3.3953024900741333,3.39530249007413
JR,v0,0.0,1.455,3.391660971137348,3.3916609711373535
JR,v0,0.0,1.456,3.399661736070481,3.3996617360704757
JR,v0,0.0,1.457,3.417668004108812,3.4176680041088066
JR,v0,0.0,1.458,3.443929852869008,3.4439298528690134
JR,v0,0.0,1.459,3.4765878146633433,3.476587814663338
JR,v0,0.0,1.46,3.513672719855176,3.513672719855171
JR,v0,0.0,1.461,3.553085235854251,3.553085235854253
JR,v0,0.0,1.462,3.5925892991197017,3.592589299119707
JR,v0,0.0,1.463,3.6305430565489445,3.6305430565489534
JR,v0,0.0,1.464,3.6654979858960495,3.665497985896044
JR,v0,0.0,1.465,3.6960766780742347,3.6960766780742347
JR,v0,0.0,1.466,3.7209728371558057,3.7209728371558026
JR,v0,0.0,1.467,3.738951280372195,3.738951280372192
JR,v0,0.0,1.468,3.7488803314569665,3.748880331456972
JR,v0,0.0,1.469,3.7504869460624377,3.7504869460624377
JR,v0,0.0,1.47,3.7442698246433928,3.7442698246433874
JR,v0,0.0,1.471,3.730677659371173,3.730677659371169
JR,v0,0.0,1.472,3.710074081870463,3.71007408187046
JR,v0,0.0,1.473,3.6827376632192728,3.6827376632192714
JR,v0,0.0,1.474,3.6488619139489717,3.648861913948967
JR,v0,0.0,1.475,3.6087761685840576,3.6087761685840656
JR,v0,0.0,1.476,3.563622851049912,3.563622851049905
JR,v0,0.0,1.477,3.514484582443165,3.51448458244317
JR,v0,0.0,1.478,3.462240196719865,3.462240196719863
JR,v0,0.0,1.479,3.4075712047922337,3.407571204792242
JR,v0,0.0,1.48,3.3509617945287467,3.350961794528752
JR,v0,0.0,1.481,3.2926988307540643,3.292698830754069
JR,v0,0.0,1.482,3.233109490634874,3.2331094906348823
JR,v0,0.0,1.483,3.172904780112276,3.172904780112276
JR,v0,0.0,1.484,3.1125385929560867,3.1125385929560885
JR,v0,0.0,1.485,3.0523629156998116,3.052362915699807
JR,v0,0.0,1.486,2.9926342137755952,2.9926342137756006
JR,v0,0.0,1.487,2.933513431514136,2.9335134315141413
JR,v0,0.0,1.488,2.875065992144769,2.875065992144761
JR,v0,0.0,1.489,2.8172617977953855,2.8172617977953878
JR,v0,0.0,1.49,2.7600788109296417,2.7600788109296492
JR,v0,0.0,1.491,2.7038026520855496,2.703802652085553
JR,v0,0.0,1.492,2.6483426499438103,2.6483426499438063
JR,v0,0.0,1.493,2.5935938264135583,2.5935938264135547
JR,v0,0.0,1.494,2.5394927767089346,2.539492776708931
JR,v0,0.0,1.495,2.486017669348982,2.4860176693489886
JR,v0,0.0,1.496,2.433188246157746,2.433188246157749
JR,v0,0.0,1.497,2.3810658222641763,2.3810658222641825
JR,v0,0.0,1.498,2.3297532861022177,2.329753286102224
JR,v0,0.0,1.499,2.279392595805687,2.2793925958056884
JR,v0,0.0,1.5,2.2299668263066224,2.2299668263066224
JR,v0,0.0,1.5010000000000001,2.181300883386154,2.1813008833861507
JR,v0,0.0,1.502,2.1332743752056906,2.1332743752056933
JR,v0,0.0,1.5030000000000001,2.085829132350428,2.0858291323504266
JR,v0,0.0,1.504,2.0389692078294406,2.0389692078294392
JR,v0,0.0,1.5050000000000001,1.9927608770755967,1.9927608770755967
JR,v0,0.0,1.506,1.9473326379456353,1.9473326379456353
JR,v0,0.0,1.5070000000000001,1.9028752107200955,1.9028752107200924
JR,v0,0.0,1.508,1.859641538103391,1.8596415381033937
JR,v0,0.0,1.5090000000000001,1.8178701131732637,1.8178701131732593
JR,v0,0.0,1.51,1.777388796209852,1.777388796209853
JR,v0,0.0,1.5110000000000001,1.7381010417919658,1.7381010417919642
JR,v0,0.0,1.512,1.6999726018545438,1.6999726018545411
JR,v0,0.0,1.5130000000000001,1.6630040865768132,1.6630040865768165
JR,v0,0.0,1.514,1.627230964382357,1.6272309643823604
JR,v0,0.0,1.5150000000000001,1.5927235619390512,1.5927235619390498
JR,v0,0.0,1.516,1.5595870641591185,1.5595870641591203
JR,v0,0.0,1.5170000000000001,1.52796151419908,1.5279615141990806
JR,v0,0.0,1.518,1.4980218134598013,1.4980218134598027
JR,v0,0.0,1.5190000000000001,1.4698386600766833,1.4698386600766846
JR,v0,0.0,1.52,1.4432771078812525,1.4432771078812534
JR,v0,0.0,1.5210000000000001,1.4182729086929449,1.4182729086929435
JR,v0,0.0,1.522,1.3947838719574923,1.3947838719574892
JR,v0,0.0,1.5230000000000001,1.3727896377030726,1.3727896377030755
JR,v0,0.0,1.524,1.3522916765403448,1.3522916765403463
JR,v0,0.0,1.5250000000000001,1.3333132896624162,1.3333132896624145
JR,v0,0.0,1.526,1.3158996088448722,1.3158996088448724
JR,v0,0.0,1.5270000000000001,1.300117596445749,1.3001175964457474
JR,v0,0.0,1.528,1.2860457399396275,1.2860457399396248
JR,v0,0.0,1.5290000000000001,1.273611910813882,1.2736119108138835
JR,v0,0.0,1.53,1.2627040728632952,1.2627040728632972
JR,v0,0.0,1.5310000000000001,1.2532416851759463,1.2532416851759478
JR,v0,0.0,1.532,1.2451597459478752,1.2451597459478736
JR,v0,0.0,1.5330000000000001,1.2384087924830665,1.238408792483068
JR,v0,0.0,1.534,1.232954901193465,1.2329549011934657
JR,v0,0.0,1.5350000000000001,1.2287796875989612,1.2287796875989594
JR,v0,0.0,1.536,1.2258803063274053,1.2258803063274077
JR,v0,0.0,1.537,1.2242694511145933,1.224269451114594
JR,v0,0.0,1.538,1.2239676404089117,1.2239676404089144
JR,v0,0.0,1.539,1.2248871450899843,1.2248871450899828
JR,v0,0.0,1.54,1.2269237418285641,1.2269237418285608
JR,v0,0.0,1.541,1.229997741703138,1.2299977417031405
JR,v0,0.0,1.542,1.2340398766232612,1.2340398766232596
JR,v0,0.0,1.543,1.2389912993295384,1.2389912993295402
JR,v0,0.0,1.544,1.244803583393642,1.244803583393644
JR,v0,0.0,1.545,1.2514387232183006,1.2514387232183
JR,v0,0.0,1.546,1.2588691340373028,1.2588691340373008
JR,v0,0.0,1.547,1.2670776519154945,1.2670776519154965
JR,v0,0.0,1.548,1.276057533748788,1.2760575337487863
JR,v0,0.0,1.549,1.2857899850588188,1.285789985058816
JR,v0,0.0,1.55,1.296182011686886,1.296182011686884
JR,v0,0.0,1.551,1.3071677685838345,1.3071677685838372
JR,v0,0.0,1.552,1.3186906066728223,1.3186906066728203
JR,v0,0.0,1.553,1.3306999703069655,1.3306999703069662
JR,v0,0.0,1.554,1.3431513972693487,1.343151397269351
JR,v0,0.0,1.555,1.3560065187730137,1.3560065187730137
JR,v0,0.0,1.556,1.3692330594609805,1.3692330594609812
JR,v0,0.0,1.557,1.3828048374062192,1.3828048374062154
JR,v0,0.0,1.558,1.3967017641116746,1.3967017641116715
JR,v0,0.0,1.559,1.4109098445102468,1.4109098445102455
JR,v0,0.0,1.56,1.4254211611423848,1.4254211611423835
JR,v0,0.0,1.561,1.4402002368143973,1.440200236814396
JR,v0,0.0,1.562,1.455192399522372,1.455192399522372
JR,v0,0.0,1.563,1.470364026123307,1.4703640261233082
JR,v0,0.0,1.564,1.485684488596375,1.4856844885963765
JR,v0,0.0,1.565,1.5011261540429066,1.5011261540429073
JR,v0,0.0,1.566,1.5166643846864107,1.5166643846864085
JR,v0,0.0,1.567,1.5322775378725475,1.532277537872546
JR,v0,0.0,1.568,1.5479469660691616,1.5479469660691618
JR,v0,0.0,1.569,1.5636570168662471,1.5636570168662454
JR,v0,0.0,1.57,1.5793950329759805,1.5793950329759807
JR,v0,0.0,1.571,1.5951513522326897,1.5951513522326877
JR,v0,0.0,1.572,1.6109193075928845,1.6109193075928852
JR,v0,0.0,1.573,1.626695227135226,1.6266952271352286
JR,v0,0.0,1.574,1.6424631771267482,1.6424631771267486
JR,v0,0.0,1.575,1.6581950016653173,1.6581950016653189
JR,v0,0.0,1.576,1.6738760719272943,1.6738760719272923
JR,v0,0.0,1.577,1.689493381252599,1.689493381252598
JR,v0,0.0,1.578,1.7050355106326642,1.7050355106326633
JR,v0,0.0,1.579,1.7204926287104079,1.7204926287104088
JR,v0,0.0,1.58,1.7358564917802592,1.7358564917802566
JR,v0,0.0,1.581,1.7511204437881323,1.7511204437881327
JR,v0,0.0,1.582,1.7662794163314537,1.7662794163314564
JR,v0,0.0,1.583,1.781329928659134,1.7813299286591373
JR,v0,0.0,1.584,1.7962700876715973,1.7962700876715954
JR,v0,0.0,1.585,1.8110995879207512,1.811099587920751
JR,v0,0.0,1.586,1.825819711610015,1.8258197116100157
JR,v0,0.0,1.587,1.840432860241605,1.8404328602416056
JR,v0,0.0,1.588,1.8549271642191392,1.8549271642191363
JR,v0,0.0,1.589,1.869292014981946,1.8692920149819445
JR,v0,0.0,1.59,1.8835229892138834,1.8835229892138818
JR,v0,0.0,1.591,1.897616772269274,1.8976167722692785
JR,v0,0.0,1.592,1.9115711581729289,1.9115711581729309
JR,v0,0.0,1.593,1.925385049620124,1.9253850496201252
JR,v0,0.0,1.594,1.9390584579766257,1.939058457976623
JR,v0,0.0,1.595,1.9525925032786633,1.9525925032786606
JR,v0,0.0,1.596,1.9659894142329586,1.9659894142329577
JR,v0,0.0,1.597,1.9792525282166964,1.9792525282166977
JR,v0,0.0,1.598,1.9923861404030396,1.9923861404030365
JR,v0,0.0,1.599,2.005389820595646,2.0053898205956453
JR,v0,0.0,1.6,2.0182593741244768,2.0182593741244808
JR,v0,0.0,1.601,2.0309921168705496,2.0309921168705496
JR,v0,0.0,1.602,2.0435865691748902,2.043586569174891
JR,v0,0.0,1.603,2.056042455838506,2.0560424558385075
JR,v0,0.0,1.604,2.068360706122411,2.068360706122407
JR,v0,0.0,1.605,2.0805434537476017,2.080543453747597
JR,v0,0.0,1.606,2.092594036895083,2.092594036895086
JR,v0,0.0,1.607,2.104516998205842,2.1045169982058387
JR,v0,0.0,1.608,2.116318084780872,2.116318084780866
JR,v0,0.0,1.609,2.128004114584562,2.1280041145845634
JR,v0,0.0,1.61,2.1395770143801287,2.1395770143801305
JR,v0,0.0,1.611,2.151032236428992,2.1510322364289896
JR,v0,0.0,1.612,2.162366328496154,2.16236632849615
JR,v0,0.0,1.613,2.1735773827412537,2.173577382741257
JR,v0,0.0,1.614,2.184665035718601,2.184665035718603
JR,v0,0.0,1.615,2.1956304683771424,2.1956304683771446
JR,v0,0.0,1.616,2.206476406060493,2.2064764060604904
JR,v0,0.0,1.617,2.2172071185069093,2.217207118506906
JR,v0,0.0,1.618,2.22782841984931,2.227828419849315
JR,v0,0.0,1.619,2.2383476686152615,2.2383476686152615
JR,v0,0.0,1.62,2.248773767726988,2.248773767726988
JR,v0,0.0,1.621,2.2591139254172816,2.259113925417288
JR,v0,0.0,1.622,2.2693624060477933,2.269362406047797
JR,v0,0.0,1.623,2.2795142220024376,2.279514222002435
JR,v0,0.0,1.624,2.2895663017882666,2.289566301788263
JR,v0,0.0,1.625,2.2995172574161433,2.299517257416142
JR,v0,0.0,1.6260000000000001,2.309367384400765,2.30936738440076
JR,v0,0.0,1.627,2.3191186617606436,2.319118661760647
JR,v0,0.0,1.6280000000000001,2.328774752018122,2.3287747520181203
JR,v0,0.0,1.629,2.3383410011993604,2.338341001199355
JR,v0,0.0,1.6300000000000001,2.347824438834347,2.3478244388343494
JR,v0,0.0,1.631,2.3572337779568904,2.357233777956886
JR,v0,0.0,1.6320000000000001,2.366579311152912,2.3665793111529165
JR,v0,0.0,1.633,2.3758621031649394,2.375862103164936
JR,v0,0.0,1.6340000000000001,2.385074640339263,2.3850746403392673
JR,v0,0.0,1.635,2.394212741841441,2.3942127418414425
JR,v0,0.0,1.6360000000000001,2.4032739241670917,2.403273924167088
JR,v0,0.0,1.637,2.412257401141872,2.412257401141866
JR,v0,0.0,1.6380000000000001,2.4211640839215005,2.421164083921498
JR,v0,0.0,1.639,2.429996580991735,2.429996580991739
JR,v0,0.0,1.6400000000000001,2.438759198168391,2.438759198168386
JR,v0,0.0,1.641,2.447457938597327,2.4474579385973247
JR,v0,0.0,1.6420000000000001,2.456100502754459,2.4561005027544542
JR,v0,0.0,1.643,2.464696288445745,2.4646962884457424
JR,v0,0.0,1.6440000000000001,2.4732544011680995,2.473254401168104
JR,v0,0.0,1.645,2.4817695422460013,2.4817695422460067
JR,v0,0.0,1.6460000000000001,2.4902356403680592,2.490235640368063
JR,v0,0.0,1.647,2.498649072939698,2.498649072939692
JR,v0,0.0,1.6480000000000001,2.5070079037773154,2.5070079037773194
JR,v0,0.0,1.649,2.5153118831082613,2.515311883108266
JR,v0,0.0,1.6500000000000001,2.5235624475708605,2.523562447570866
JR,v0,0.0,1.651,2.531762720214393,2.5317627202143966
JR,v0,0.0,1.6520000000000001,2.539917510499108,2.5399175104991016
JR,v0,0.0,1.653,2.548033314296214,2.5480333142962177
JR,v0,0.0,1.6540000000000001,2.5561183138878882,2.5561183138878847
JR,v0,0.0,1.655,2.564182377967264,2.564182377967262
JR,v0,0.0,1.6560000000000001,2.57223148167214,2.5722314816721354
JR,v0,0.0,1.657,2.5802575634649414,2.5802575634649476
JR,v0,0.0,1.6580000000000001,2.58825570428904,2.5882557042890473
JR,v0,0.0,1.659,2.596222783347925,2.5962227833479186
JR,v0,0.0,1.6600000000000001,2.604157346127545,2.6041573461275482
JR,v0,0.0,1.661,2.6120596043963067,2.612059604396307
JR,v0,0.0,1.6620000000000001,2.6199314362050776,2.619931436205072
JR,v0,0.0,1.663,2.627776385887179,2.6277763858871817
JR,v0,0.0,1.6640000000000001,2.6355996640583967,2.635599664058392
JR,v0,0.0,1.665,2.643408147616971,2.643408147616975
JR,v0,0.0,1.666,2.6512103797436026,2.651210379743595
JR,v0,0.0,1.667,2.659016552154331,2.659016552154329
JR,v0,0.0,1.668,2.6668288189899876,2.6668288189899845
JR,v0,0.0,1.669,2.674639195196099,2.674639195196102
JR,v0,0.0,1.67,2.6824433557548235,2.682443355754825
JR,v0,0.0,1.671,2.6902386425630604,2.6902386425630613
JR,v0,0.0,1.672,2.698024064432432,2.6980240644324387
JR,v0,0.0,1.673,2.7058002970893016,2.705800297089299
JR,v0,0.0,1.674,2.7135696831747564,2.71356968317476
JR,v0,0.0,1.675,2.7213362322446235,2.7213362322446226
JR,v0,0.0,1.676,2.729105620769455,2.729105620769453
JR,v0,0.0,1.677,2.736885192134541,2.7368851921345385
JR,v0,0.0,1.678,2.7446839566399013,2.744683956639903
JR,v0,0.0,1.679,2.7525122382557616,2.752512238255767
JR,v0,0.0,1.68,2.760369118720813,2.7603691187208086
JR,v0,0.0,1.681,2.768247417530294,2.768247417530292
JR,v0,0.0,1.682,2.7761432342724737,2.7761432342724692
JR,v0,0.0,1.683,2.7840543882394235,2.78405438823942
JR,v0,0.0,1.684,2.7919804184270025,2.791980418427008
JR,v0,0.0,1.685,2.7999225835348707,2.799922583534872
JR,v0,0.0,1.686,2.807883861966476,2.8078838619664763
JR,v0,0.0,1.687,2.8158689518290667,2.8158689518290645
JR,v0,0.0,1.688,2.82388427093368,2.8238842709336813
JR,v0,0.0,1.689,2.8319379567951537,2.8319379567951524
JR,v0,0.0,1.69,2.8400398666321136,2.8400398666321145
JR,v0,0.0,1.691,2.8482004164373844,2.8482004164373835
JR,v0,0.0,1.692,2.8564163889620544,2.8564163889620557
JR,v0,0.0,1.693,2.8646814233914184,2.8646814233914224
JR,v0,0.0,1.694,2.872992033358916,2.872992033358914
JR,v0,0.0,1.695,2.8813466013098408,2.8813466013098394
JR,v0,0.0,1.696,2.8897453785013276,2.889745378501326
JR,v0,0.0,1.697,2.8981904850023663,2.8981904850023685
JR,v0,0.0,1.698,2.9066859096937883,2.9066859096937865
JR,v0,0.0,1.699,2.915237510268281,2.9152375102682786
JR,v0,0.0,1.7,2.923853013230369,2.9238530132303704
JR,v0,0.0,1.701,2.932542013896436,2.9325420138964335
JR,v0,0.0,1.702,2.9413159763947063,2.941315976394713
JR,v0,0.0,1.703,2.9501855024291204,2.9501855024291213
JR,v0,0.0,1.704,2.959145434775848,2.959145434775848
JR,v0,0.0,1.705,2.9681901539219817,2.9681901539219853
JR,v0,0.0,1.706,2.977316722145148,2.9773167221451513
JR,v0,0.0,1.707,2.9865243668885673,2.986524366888568
JR,v0,0.0,1.708,2.9958144807610325,2.9958144807610325
JR,v0,0.0,1.709,3.005190621536933,3.005190621536938
JR,v0,0.0,1.71,3.0146585121562284,3.014658512156227
JR,v0,0.0,1.711,3.024226040724476,3.024226040724477
JR,v0,0.0,1.712,3.0339032605128025,3.0339032605128056
JR,v0,0.0,1.713,3.0437023899579305,3.043702389957933
JR,v0,0.0,1.714,3.0536378126621586,3.0536378126621515
JR,v0,0.0,1.715,3.0637197322952234,3.0637197322952257
JR,v0,0.0,1.716,3.0739411953270137,3.0739411953270137
JR,v0,0.0,1.717,3.084297547995978,3.0842975479959778
JR,v0,0.0,1.718,3.094786923976989,3.0947869239769847
JR,v0,0.0,1.719,3.1054101499440954,3.105410149944096
JR,v0,0.0,1.72,3.116170745570502,3.1161707455705083
JR,v0,0.0,1.721,3.1270749235285895,3.1270749235285944
JR,v0,0.0,1.722,3.1381315894898933,3.1381315894898894
JR,v0,0.0,1.723,3.149352342125125,3.149352342125121
JR,v0,0.0,1.724,3.1607514731041535,3.1607514731041477
JR,v0,0.0,1.725,3.17234596709602,3.1723459670960206
JR,v0,0.0,1.726,3.184155238630198,3.1841552386301997
JR,v0,0.0,1.727,3.1961856106057076,3.1961856106057094
JR,v0,0.0,1.728,3.208429922514911,3.2084299225149158
JR,v0,0.0,1.729,3.2208851732689667,3.2208851732689654
JR,v0,0.0,1.73,3.233551988360459,3.233551988360454
JR,v0,0.0,1.731,3.2464346198634146,3.2464346198634093
JR,v0,0.0,1.732,3.259540946433282,3.259540946433278
JR,v0,0.0,1.733,3.2728824733069524,3.272882473306953
JR,v0,0.0,1.734,3.286474332302742,3.2864743323027428
JR,v0,0.0,1.735,3.3003352818204075,3.300335281820407
JR,v0,0.0,1.736,3.3144877068411294,3.314487706841133
JR,v0,0.0,1.737,3.328957618927532,3.328957618927524
JR,v0,0.0,1.738,3.3437689103126496,3.3437689103126496
JR,v0,0.0,1.739,3.358919236777343,3.358919236777348
JR,v0,0.0,1.74,3.374404503646724,3.3744045036467214
JR,v0,0.0,1.741,3.3902261744805107,3.3902261744805156
JR,v0,0.0,1.742,3.4063910460337725,3.4063910460337747
JR,v0,0.0,1.743,3.4229112482569706,3.422911248256976
JR,v0,0.0,1.744,3.4398042442959214,3.4398042442959254
JR,v0,0.0,1.745,3.4570928304918285,3.4570928304918307
JR,v0,0.0,1.746,3.4748051363812524,3.474805136381251
JR,v0,0.0,1.747,3.4929746246961413,3.4929746246961435
JR,v0,0.0,1.748,3.511640091363799,3.5116400913638013
JR,v0,0.0,1.749,3.5308427234146698,3.530842723414667
JR,v0,0.0,1.75,3.5505931659806844,3.5505931659806773
JR,v0,0.0,1.7510000000000001,3.570888336541829,3.570888336541828
JR,v0,0.0,1.752,3.591733793384419,3.5917337933844196
JR,v0,0.0,1.7530000000000001,3.6131437055540556,3.6131437055540614
JR,v0,0.0,1.754,3.6351408528555833,3.6351408528555766
JR,v0,0.0,1.7550000000000001,3.6577566258531307,3.6577566258531347
JR,v0,0.0,1.756,3.6810310258700683,3.681031025870069
JR,v0,0.0,1.7570000000000001,3.705012664989051,3.7050126649890545
JR,v0,0.0,1.758,3.7297587660519778,3.7297587660519826
JR,v0,0.0,1.7590000000000001,3.7553351626600318,3.755335162660023
JR,v0,0.0,1.76,3.78181020588539,3.781810205885392
JR,v0,0.0,1.7610000000000001,3.8092051514475296,3.8092051514475385
JR,v0,0.0,1.762,3.8375252945879064,3.8375252945879152
JR,v0,0.0,1.7630000000000001,3.866790949385273,3.866790949385276
JR,v0,0.0,1.764,3.8970376308954515,3.8970376308954537
JR,v0,0.0,1.7650000000000001,3.9283160551513916,3.928316055151395
JR,v0,0.0,1.766,3.9606921391631116,3.9606921391631045
JR,v0,0.0,1.7670000000000001,3.9942470009177584,3.9942470009177633
JR,v0,0.0,1.768,4.029076959379548,4.029076959379551
JR,v0,0.0,1.7690000000000001,4.065293534489824,4.065293534489815
JR,v0,0.0,1.77,4.1030231907000605,4.103023190700067
JR,v0,0.0,1.7710000000000001,4.142363562158599,4.142363562158604
JR,v0,0.0,1.772,4.183340376937879,4.183340376937889
JR,v0,0.0,1.7730000000000001,4.225995382936884,4.225995382936888
JR,v0,0.0,1.774,4.270398569588956,4.270398569588962
JR,v0,0.0,1.7750000000000001,4.3166481678618585,4.316648167861856
JR,v0,0.0,1.776,4.364870650257707,4.364870650257713
JR,v0,0.0,1.7770000000000001,4.4152207308130444,4.415220730813035
JR,v0,0.0,1.778,4.4678813650987586,4.467881365098764
JR,v0,0.0,1.7790000000000001,4.523063750220174,4.523063750220164
JR,v0,0.0,1.78,4.581006626662773,4.581006626662771
JR,v0,0.0,1.7810000000000001,4.641896939253136,4.641896939253128
JR,v0,0.0,1.782,4.705822982750771,4.705822982750764
JR,v0,0.0,1.7830000000000001,4.772907481160088,4.772907481160079
JR,v0,0.0,1.784,4.843318792075154,4.8433187920751495
JR,v0,0.0,1.7850000000000001,4.9172709066798115,4.9172709066798035
JR,v0,0.0,1.786,4.995023449747549,4.9950234497475625
JR,v0,0.0,1.7870000000000001,5.076881679641637,5.076881679641644
JR,v0,0.0,1.788,5.163196488314988,5.163196488314996
JR,v0,0.0,1.7890000000000001,5.2543644013102995,5.254364401310295
JR,v0,0.0,1.79,5.35076324145057,5.350763241450574
JR,v0,0.0,1.7910000000000001,5.45255509425442,5.4525550942544205
JR,v0,0.0,1.792,5.560065948299504,5.560065948299503
JR,v0,0.0,1.793,5.673639431944263,5.673639431944256
JR,v0,0.0,1.794,5.7936128701026695,5.793612870102671
JR,v0,0.0,1.795,5.920317284244137,5.920317284244144
JR,v0,0.0,1.796,6.054077392393715,6.054077392393719
JR,v0,0.0,1.797,6.195211609131853,6.195211609131852
JR,v0,0.0,1.798,6.344032045594652,6.344032045594646
JR,v0,0.0,1.799,6.500830694644404,6.50083069464439
JR,v0,0.0,1.8,6.665458385162122,6.665458385162118
JR,v0,0.0,1.801,6.838079379039768,6.838079379039758
JR,v0,0.0,1.802,7.018893279557591,7.018893279557582
JR,v0,0.0,1.803,7.20783466603627,7.2078346660362795
JR,v0,0.0,1.804,7.404573093837243,7.404573093837254
JR,v0,0.0,1.805,7.608513094362363,7.6085130943623644
JR,v0,0.0,1.806,7.8187941750542524,7.818794175054251
JR,v0,0.0,1.807,8.034290819395938,8.034290819395926
JR,v0,0.0,1.808,8.253629098896276,8.253629098896262
JR,v0,0.0,1.809,8.475526903348783,8.475526903348769
JR,v0,0.0,1.81,8.698747354090429,8.698747354090417
JR,v0,0.0,1.811,8.92189778061425,8.921897780614247
JR,v0,0.0,1.812,9.143441885382302,9.143441885382314
JR,v0,0.0,1.813,9.361699743825254,9.36169974382526
JR,v0,0.0,1.814,9.574847804342781,9.574847804342768
JR,v0,0.0,1.815,9.78091888830319,9.780918888303178
JR,v0,0.0,1.816,9.977802190043784,9.977802190043798
JR,v0,0.0,1.817,10.163352785547694,10.16335278554768
JR,v0,0.0,1.818,10.336275874056764,10.336275874056783
JR,v0,0.0,1.819,10.495548270842466,10.49554827084248
JR,v0,0.0,1.82,10.640158740762082,10.640158740762093
JR,v0,0.0,1.821,10.769139276456743,10.769139276456738
JR,v0,0.0,1.822,10.881565098351665,10.881565098351658
JR,v0,0.0,1.823,10.976554654655928,10.97655465465595
JR,v0,0.0,1.824,11.053269621362695,11.05326962136269
JR,v0,0.0,1.825,11.110915190076373,11.110915190076389
JR,v0,0.0,1.826,11.149096808771496,11.149096808771471
JR,v0,0.0,1.827,11.167997196708644,11.167997196708631
JR,v0,0.0,1.828,11.167786810553821,11.16778681055383
JR,v0,0.0,1.829,11.148667441561834,11.148667441561859
JR,v0,0.0,1.83,11.110872215576308,11.110872215576338
JR,v0,0.0,1.831,11.054665593029716,11.05466559302974
JR,v0,0.0,1.832,10.980343368943306,10.980343368943297
JR,v0,0.0,1.833,10.8882326729272,10.88823267292719
JR,v0,0.0,1.834,10.77878268599987,10.778782685999879
JR,v0,0.0,1.835,10.652802295417468,10.652802295417468
JR,v0,0.0,1.836,10.511147568977613,10.511147568977632
JR,v0,0.0,1.837,10.354667454113045,10.354667454113043
JR,v0,0.0,1.838,10.184204775556557,10.184204775556536
JR,v0,0.0,1.839,10.000596235341268,10.000596235341275
JR,v0,0.0,1.84,9.804672412800327,9.804672412800308
JR,v0,0.0,1.841,9.597257764567239,9.59725776456722
JR,v0,0.0,1.842,9.379172018287909,9.379172018287925
JR,v0,0.0,1.843,9.1514636159344,9.151463615934402
JR,v0,0.0,1.844,8.915243023264086,8.915243023264104
JR,v0,0.0,1.845,8.671527599555231,8.67152759955524
JR,v0,0.0,1.846,8.4213650034923,8.421365003492296
JR,v0,0.0,1.847,8.165833193166403,8.165833193166385
JR,v0,0.0,1.848,7.906040426074837,7.906040426074819
JR,v0,0.0,1.849,7.64312525912155,7.643125259121566
JR,v0,0.0,1.85,7.378256548616674,7.378256548616681
JR,v0,0.0,1.851,7.112640796737635,7.112640796737643
JR,v0,0.0,1.852,6.847575344864456,6.84757534486447
JR,v0,0.0,1.853,6.584229162748009,6.584229162747999
JR,v0,0.0,1.854,6.323768521985732,6.323768521985734
JR,v0,0.0,1.855,6.067405898824992,6.067405898824983
JR,v0,0.0,1.856,5.816399974162621,5.816399974162618
JR,v0,0.0,1.857,5.572055633545364,5.572055633545357
JR,v0,0.0,1.858,5.335723967169439,5.335723967169432
JR,v0,0.0,1.859,5.108802269880972,5.108802269880979
JR,v0,0.0,1.86,4.892573059583384,4.892573059583371
JR,v0,0.0,1.861,4.6879437831548145,4.687943783154821
JR,v0,0.0,1.862,4.496043809572665,4.496043809572658
JR,v0,0.0,1.863,4.3178755882544095,4.317875588254419
JR,v0,0.0,1.864,4.154289363195296,4.15428936319529
JR,v0,0.0,1.865,4.005983172968648,4.0059831729686435
JR,v0,0.0,1.866,3.8735028507255933,3.8735028507255898
JR,v0,0.0,1.867,3.7572420241953175,3.7572420241953113
JR,v0,0.0,1.868,3.657442115684816,3.657442115684825
JR,v0,0.0,1.869,3.574182995033766,3.574182995033766
JR,v0,0.0,1.87,3.5072671328025713,3.5072671328025695
JR,v0,0.0,1.871,3.456270987155282,3.456270987155279
JR,v0,0.0,1.872,3.420568975412106,3.4205689754121007
JR,v0,0.0,1.873,3.3993245598200765,3.399324559820075
JR,v0,0.0,1.874,3.391490247552923,3.39149024755293
JR,v0,0.0,1.875,3.3957880704963372,3.3957880704963372
JR,v0,0.0,1.8760000000000001,3.4106488791208633,3.410648879120858
JR,v0,0.0,1.877,3.4343625247375265,3.434362524737532
JR,v0,0.0,1.8780000000000001,3.4651066733414986,3.4651066733414955
JR,v0,0.0,1.879,3.500944922970632,3.500944922970632
JR,v0,0.0,1.8800000000000001,3.5398236749474528,3.539823674947456
JR,v0,0.0,1.881,3.5794751085059,3.579475108505903
JR,v0,0.0,1.8820000000000001,3.6181146065436067,3.6181146065436014
JR,v0,0.0,1.883,3.6542526758904827,3.65425267589048
JR,v0,0.0,1.8840000000000001,3.6864699578340847,3.686469957834088
JR,v0,0.0,1.885,3.713417228119539,3.71341722811953
JR,v0,0.0,1.8860000000000001,3.7338153969496126,3.733815396949618
JR,v0,0.0,1.887,3.7464588520124806,3.7464588520124895
JR,v0,0.0,1.8880000000000001,3.750745489211038,3.7507454892110412
JR,v0,0.0,1.889,3.7470931133692282,3.747093113369223
JR,v0,0.0,1.8900000000000001,3.735952182095147,3.735952182095156
JR,v0,0.0,1.891,3.7176897990048037,3.7176897990048023
JR,v0,0.0,1.8920000000000001,3.6925897137220964,3.6925897137220995
JR,v0,0.0,1.893,3.6608523218788296,3.660852321878833
JR,v0,0.0,1.8940000000000001,3.6226850010643474,3.6226850010643448
JR,v0,0.0,1.895,3.579074318920325,3.57907431892033
JR,v0,0.0,1.8960000000000001,3.5311675631778616,3.5311675631778603
JR,v0,0.0,1.897,3.47989482540598,3.479894825405986
JR,v0,0.0,1.8980000000000001,3.4259891620163554,3.4259891620163585
JR,v0,0.0,1.899,3.3699865942633593,3.3699865942633647
JR,v0,0.0,1.9000000000000001,3.3122261082439906,3.312226108243982
JR,v0,0.0,1.901,3.2529626932960927,3.2529626932960904
JR,v0,0.0,1.9020000000000001,3.1928931857816103,3.1928931857816054
JR,v0,0.0,1.903,3.132532233566655,3.1325322335666566
JR,v0,0.0,1.9040000000000001,3.072263775200428,3.0722637752004345
JR,v0,0.0,1.905,3.0123738038279697,3.0123738038279777
JR,v0,0.0,1.9060000000000001,2.953050367190043,2.9530503671900368
JR,v0,0.0,1.907,2.8943835676232386,2.8943835676232403
JR,v0,0.0,1.9080000000000001,2.836365562059866,2.8363655620598625
JR,v0,0.0,1.909,2.7789296199922173,2.7789296199922187
JR,v0,0.0,1.9100000000000001,2.722359125561823,2.7223591255618156
JR,v0,0.0,1.911,2.6666330473598165,2.666633047359822
JR,v0,0.0,1.9120000000000001,2.6116398583008564,2.61163985830086
JR,v0,0.0,1.913,2.557308668130167,2.5573086681301636
JR,v0,0.0,1.9140000000000001,2.503609223423437,2.5036092234234384
JR,v0,0.0,1.915,2.450551907586915,2.4505519075869135
JR,v0,0.0,1.9160000000000001,2.3981877408573204,2.398187740857317
JR,v0,0.0,1.917,2.3466083803019266,2.346608380301923
JR,v0,0.0,1.9180000000000001,2.2959489151202117,2.295948915120215
JR,v0,0.0,1.919,2.2462530677683468,2.24625306776835
JR,v0,0.0,1.92,2.1973484472655613,2.197348447265566
JR,v0,0.0,1.921,2.149100040174412,2.14910004017441
JR,v0,0.0,1.922,2.1014353934698793,2.101435393469877
JR,v0,0.0,1.923,2.054344614539291,2.0543446145392945
JR,v0,0.0,1.924,2.007880371182411,2.00788037118241
JR,v0,0.0,1.925,1.962157891611355,1.962157891611355
JR,v0,0.0,1.926,1.9173549644506664,1.9173549644506709
JR,v0,0.0,1.927,1.8737119387372463,1.8737119387372447
JR,v0,0.0,1.928,1.8315027310867595,1.8315027310867622
JR,v0,0.0,1.929,1.7906234162633599,1.7906234162633623
JR,v0,0.0,1.93,1.7509425574499087,1.7509425574499096
JR,v0,0.0,1.931,1.7124183280235457,1.7124183280235457
JR,v0,0.0,1.932,1.675044012788752,1.6750440127887518
JR,v0,0.0,1.933,1.6388480079772556,1.6388480079772583
JR,v0,0.0,1.934,1.6038938212481124,1.6038938212481098
JR,v0,0.0,1.935,1.5702800716876366,1.5702800716876373
JR,v0,0.0,1.936,1.5381404898094626,1.5381404898094617
JR,v0,0.0,1.937,1.5076439175544847,1.5076439175544847
JR,v0,0.0,1.938,1.4789161565807243,1.4789161565807254
JR,v0,0.0,1.939,1.451829894462981,1.451829894462978
JR,v0,0.0,1.94,1.4263108554690653,1.426310855469068
JR,v0,0.0,1.941,1.4023126577347762,1.4023126577347782
JR,v0,0.0,1.942,1.3798108511539233,1.3798108511539218
JR,v0,0.0,1.943,1.358802917378302,1.3588029173783003
JR,v0,0.0,1.944,1.3393082698177183,1.3393082698177197
JR,v0,0.0,1.945,1.3213682536399594,1.3213682536399596
JR,v0,0.0,1.946,1.3050461457708264,1.305046145770828
JR,v0,0.0,1.947,1.290425440999499,1.290425440999499
JR,v0,0.0,1.948,1.2774751242467604,1.2774751242467621
JR,v0,0.0,1.949,1.2660731434864214,1.266073143486423
JR,v0,0.0,1.95,1.2561358571748045,1.2561358571748011
JR,v0,0.0,1.951,1.247595232315442,1.247595232315444
JR,v0,0.0,1.952,1.240398844459107,1.2403988444591076
JR,v0,0.0,1.953,1.2345098777037897,1.234509877703787
JR,v0,0.0,1.954,1.2299071246947104,1.2299071246947084
JR,v0,0.0,1.955,1.2265849866243146,1.2265849866243164
JR,v0,0.0,1.956,1.2245534732322776,1.224553473232277
JR,v0,0.0,1.957,1.2238368181609127,1.2238368181609152
JR,v0,0.0,1.958,1.2243745259956054,1.2243745259956034
JR,v0,0.0,1.959,1.2260530317225342,1.2260530317225322
JR,v0,0.0,1.96,1.228790353553685,1.2287903535536875
JR,v0,0.0,1.961,1.2325149911167168,1.2325149911167161
JR,v0,0.0,1.962,1.2371659254549519,1.2371659254549492
JR,v0,0.0,1.963,1.2426926190273848,1.2426926190273833
JR,v0,0.0,1.964,1.2490550157086782,1.2490550157086775
JR,v0,0.0,1.965,1.2562235407891649,1.2562235407891649
JR,v0,0.0,1.966,1.2641791009748413,1.2641791009748429
JR,v0,0.0,1.967,1.2729130843873797,1.2729130843873824
JR,v0,0.0,1.968,1.2824162292605559,1.2824162292605588
JR,v0,0.0,1.969,1.2926025373353394,1.292602537335341
JR,v0,0.0,1.97,1.303400139883645,1.3034001398836466
JR,v0,0.0,1.971,1.3147508943068154,1.314750894306813
JR,v0,0.0,1.972,1.32660279954559,1.3266027995455862
JR,v0,0.0,1.973,1.3389099960801252,1.338909996080123
JR,v0,0.0,1.974,1.3516327659299687,1.3516327659299665
JR,v0,0.0,1.975,1.3647375326540878,1.3647375326540894
JR,v0,0.0,1.976,1.378196861350843,1.3781968613508429
JR,v0,0.0,1.977,1.3919894586580117,1.3919894586580128
JR,v0,0.0,1.978,1.4061001727527627,1.406100172752761
JR,v0,0.0,1.979,1.4205199933516859,1.4205199933516885
JR,v0,0.0,1.98,1.4352236869504944,1.4352236869504953
JR,v0,0.0,1.981,1.4501516334241655,1.450151633424166
JR,v0,0.0,1.982,1.4652687976892942,1.4652687976892933
JR,v0,0.0,1.983,1.480543732050151,1.4805437320501493
JR,v0,0.0,1.984,1.495948013303411,1.495948013303408
JR,v0,0.0,1.985,1.5114562427381828,1.51145624273818
JR,v0,0.0,1.986,1.5270460461359812,1.5270460461359796
JR,v0,0.0,1.987,1.5426980737707563,1.542698073770756
JR,v0,0.0,1.988,1.5583960004088642,1.5583960004088626
JR,v0,0.0,1.989,1.5741265253090941,1.574126525309094
JR,v0,0.0,1.99,1.5898793722226423,1.5898793722226408
JR,v0,0.0,1.991,1.6056472893931386,1.6056472893931386
JR,v0,0.0,1.992,1.6214260495566206,1.6214260495566188
JR,v0,0.0,1.993,1.6372016241025227,1.6372016241025193
JR,v0,0.0,1.994,1.6529406678215555,1.652940667821554
JR,v0,0.0,1.995,1.6686310502514532,1.668631050251454
JR,v0,0.0,1.996,1.6842623698668748,1.6842623698668726
JR,v0,0.0,1.997,1.6998251642250661,1.6998251642250668
JR,v0,0.0,1.998,1.7153109099658272,1.7153109099658281
JR,v0,0.0,1.999,1.730712022811547,1.7307120228115491
JR,v0,0.0,2.0,1.7460218575671678,1.7460218575671698
JR,v0,0.25,0.0,0.0,0.0
JR,v0,0.25,0.001,0.017990921313896083,0.01799075340410076
JR,v0,0.25,0.002,0.06699730565049196,0.06699644681610879
JR,v0,0.25,0.003,0.14045973885441188,0.1404574640158207
JR,v0,0.25,0.004,0.2327758925253963,0.23277134718088136
JR,v0,0.25,0.005,0.3391467665575065,0.3391390265608008
JR,v0,0.25,0.006,0.4556763216494468,0.4556644712649387
JR,v0,0.25,0.007,0.5790872052282761,0.5790703460143811
JR,v0,0.25,0.008,0.7065458469540349,0.7065231198633704
JR,v0,0.25,0.009000000000000001,0.8356705126035322,0.8356411402734183
JR,v0,0.25,0.01,0.9646679688934109,0.9646313151201684
JR,v0,0.25,0.011,1.0921240480795442,1.0920795841749087
JR,v0,0.25,0.012,1.2168226999259575,1.216770012723273
JR,v0,0.25,0.013000000000000001,1.337744059358272,1.3376828589756808
JR,v0,0.25,0.014,1.4540858664838612,1.4540160338182349
JR,v0,0.25,0.015,1.5654015560618453,1.565323158403967
JR,v0,0.25,0.016,1.6714127902277987,1.671326045693602
JR,v0,0.25,0.017,1.7718992783103384,1.771804566426736
JR,v0,0.25,0.018000000000000002,1.8666984640568238,1.8665963341233331
JR,v0,0.25,0.019,1.9557055147810125,1.9555966934964844
JR,v0,0.25,0.02,2.038903600270405,2.038789033403908
JR,v0,0.25,0.021,2.116486925105935,2.116367738511373
JR,v0,0.25,0.022,2.1887020134002735,2.18857950005715
JR,v0,0.25,0.023,2.2557870681479426,2.255662697201686
JR,v0,0.25,0.024,2.3179719712253117,2.3178473970276037
JR,v0,0.25,0.025,2.375478283390603,2.375355354539697
JR,v0,0.25,0.026000000000000002,2.428519244283886,2.4284000126649343
JR,v0,0.25,0.027,2.4773105035022436,2.4771972355727536
JR,v0,0.25,0.028,2.522175632474855,2.522070780524516
JR,v0,0.25,0.029,2.5634658626924933,2.5633719682450415
JR,v0,0.25,0.03,2.6015071801121255,2.6014268716963667
JR,v0,0.25,0.031,2.6366039893199096,2.6365399915967545
JR,v0,0.25,0.032,2.669039113531198,2.668994256420685
JR,v0,0.25,0.033,2.699073794590533,2.6990510223988595
JR,v0,0.25,0.034,2.7269476929716507,2.7269500735181977
JR,v0,0.25,0.035,2.752878887777479,2.7529096215218387
JR,v0,0.25,0.036000000000000004,2.777068575182264,2.7771310239592237
JR,v0,0.25,0.037,2.7997753921795407,2.7998730060871684
JR,v0,0.25,0.038,2.8212118814870024,2.8213479902716
JR,v0,0.25,0.039,2.841556696710787,2.841734547207533
JR,v0,0.25,0.04,2.860978759055259,2.8612015595600058
JR,v0,0.25,0.041,2.8796372573230067,2.87990822196408
JR,v0,0.25,0.042,2.8976816479148413,2.8980040410248455
JR,v0,0.25,0.043000000000000003,2.9152516548298033,2.9156288353174182
JR,v0,0.25,0.044,2.932477269665156,2.9329127353869313
JR,v0,0.25,0.045,2.949495050491377,2.949992408991292
JR,v0,0.25,0.046,2.966383601962658,2.96694619136321
JR,v0,0.25,0.047,2.9831733587490397,2.9838045012791508
JR,v0,0.25,0.048,2.999901539832936,3.0006046236606925
JR,v0,0.25,0.049,3.01661224731011,3.0173908024823732
JR,v0,0.25,0.05,3.0333564663896695,3.034214240771698
JR,v0,0.25,0.051000000000000004,3.0501920653940715,3.051133100609145
JR,v0,0.25,0.052000000000000005,3.067183795759119,3.0682125031281537
JR,v0,0.25,0.053,3.084403292033961,3.08552452802071
JR,v0,0.25,0.054,3.101909333797149,3.1031274993104203
JR,v0,0.25,0.055,3.1196704737891845,3.120990013352122
JR,v0,0.25,0.056,3.1376401110632104,3.1390658840736125
JR,v0,0.25,0.057,3.155789186260005,3.157326552476673
JR,v0,0.25,0.058,3.1741061909314414,3.1757611188227775
JR,v0,0.25,0.059000000000000004,3.192597167540486,3.1943763426330793
JR,v0,0.25,0.06,3.2112857094612024,3.2131966426884158
JR,v0,0.25,0.061,3.2302129609787493,3.232264097029315
JR,v0,0.25,0.062,3.249437617289379,3.2516384429559833
JR,v0,0.25,0.063,3.26901760284518,3.271375996662125
JR,v0,0.25,0.064,3.2889083458247463,3.291433489086385
JR,v0,0.25,0.065,3.3090597770117345,3.3117616823483846
JR,v0,0.25,0.066,3.329442234328202,3.332331954792616
JR,v0,0.25,0.067,3.350043665310112,3.353133482690584
JR,v0,0.25,0.068,3.3708696271073384,3.3741732402408204
JR,v0,0.25,0.069,3.3919432864836643,3.395475999568873
JR,v0,0.25,0.07,3.4133054198167794,3.4170843307273078
JR,v0,0.25,0.07100000000000001,3.435014413098285,3.4390586016957165
JR,v0,0.25,0.07200000000000001,3.457145702714429,3.46147364287377
JR,v0,0.25,0.073,3.479721111677929,3.484350235564847
JR,v0,0.25,0.074,3.5027042263275625,3.507655286728607
JR,v0,0.25,0.075,3.5260832506011264,3.5313785623445564
JR,v0,0.25,0.076,3.549861675856617,3.555525852844763
JR,v0,0.25,0.077,3.5740582808722294,3.5801186165740635
JR,v0,0.25,0.078,3.598707131846359,3.605193979790025
JR,v0,0.25,0.079,3.6238575823975987,3.630804736662968
JR,v0,0.25,0.08,3.649574273564741,3.657019349275966
JR,v0,0.25,0.081,3.675937133806779,3.6839219218514554
JR,v0,0.25,0.082,3.703035676791513,3.711596816901164
JR,v0,0.25,0.083,3.730890349095046,3.740067791337869
JR,v0,0.25,0.084,3.7594952810496056,3.769333537649714
JR,v0,0.25,0.085,3.7888647361352454,3.799412929138697
JR,v0,0.25,0.08600000000000001,3.8190301981093624,3.830342993773749
JR,v0,0.25,0.08700000000000001,3.8500403710066973,3.8621787706618567
JR,v0,0.25,0.088,3.8819611791393323,3.8949933100480867
JR,v0,0.25,0.089,3.9148757670966927,3.92887767331556
JR,v0,0.25,0.09,3.9488844997455477,3.963940932985466
JR,v0,0.25,0.091,3.9841049622300098,4.000308342177526
JR,v0,0.25,0.092,4.020659473123377,4.038086705226136
JR,v0,0.25,0.093,4.058588442283151,4.077326130671237
JR,v0,0.25,0.094,4.097911987003822,4.1180613320803126
JR,v0,0.25,0.095,4.1386770997389135,4.1603512270831455
JR,v0,0.25,0.096,4.180957591944576,4.204282524580716
JR,v0,0.25,0.097,4.224854094079588,4.2499696622472936
JR,v0,0.25,0.098,4.270494055605353,4.297554806530464
JR,v0,0.25,0.099,4.3180317449859,4.347207852651084
JR,v0,0.25,0.1,4.367648249687887,4.399125684430375
JR,v0,0.25,0.101,4.419551471517699,4.4535024695614025
JR,v0,0.25,0.10200000000000001,4.47392759151913,4.510494297203127
JR,v0,0.25,0.10300000000000001,4.530846535479807,4.570220551707551
JR,v0,0.25,0.10400000000000001,4.59039396213643,4.632796089726312
JR,v0,0.25,0.105,4.652699909705685,4.698367151379099
JR,v0,0.25,0.106,4.717938795884219,4.767118766843527
JR,v0,0.25,0.107,4.786329417848664,4.839274795812134
JR,v0,0.25,0.108,4.858134952255613,4.915097927492355
JR,v0,0.25,0.109,4.933662955241637,4.994889088869923
JR,v0,0.25,0.11,5.013265362423281,5.078914409274837
JR,v0,0.25,0.111,5.097302166715593,5.167414029736315
JR,v0,0.25,0.112,5.185956773211043,5.26067920891316
JR,v0,0.25,0.113,5.279459586982174,5.358967023080978
JR,v0,0.25,0.114,5.378085017896456,5.46248971310435
JR,v0,0.25,0.115,5.482139609850418,5.5714399217445
JR,v0,0.25,0.116,5.591962040769661,5.685997520210304
JR,v0,0.25,0.117,5.7079231226088485,5.806329667902129
JR,v0,0.25,0.11800000000000001,5.830425801351711,5.932590812411843
JR,v0,0.25,0.11900000000000001,5.959905157011039,6.064922702351738
JR,v0,0.25,0.12,6.096774303892586,6.203396448091712
JR,v0,0.25,0.121,6.2408559165544855,6.34797178217391
JR,v0,0.25,0.122,6.39261622801942,6.498698914103033
JR,v0,0.25,0.123,6.552583838140659,6.655561801266725
JR,v0,0.25,0.124,6.721063780531519,6.8183944526655065
JR,v0,0.25,0.125,6.898137522565359,6.9868764159203876
JR,v0,0.25,0.126,7.083662965375584,7.160531080385004
JR,v0,0.25,0.127,7.277274443855646,7.33872566574533
JR,v0,0.25,0.128,7.478382726659038,7.520690466235743
JR,v0,0.25,0.129,7.686175016199305,7.705721541866648
JR,v0,0.25,0.13,7.89961800298984,7.893160967877625
JR,v0,0.25,0.131,8.117687377727059,8.082268737816886
JR,v0,0.25,0.132,8.33946005448653,8.272222401084024
JR,v0,0.25,0.133,8.56382101250193,8.462196167885441
JR,v0,0.25,0.134,8.789452985538588,8.651275288567893
JR,v0,0.25,0.135,9.014836461893495,8.838386504613489
JR,v0,0.25,0.136,9.23824968439531,9.022295856123602
JR,v0,0.25,0.137,9.457768650404342,9.201686850783313
JR,v0,0.25,0.138,9.671267111812565,9.375381894542492
JR,v0,0.25,0.139,9.876416575043613,9.54223376390359
JR,v0,0.25,0.14,10.071043667483881,9.701222312996121
JR,v0,0.25,0.14100000000000001,10.25404757579961,9.851453026656632
JR,v0,0.25,0.14200000000000002,10.42426530580958,9.992019593686562
JR,v0,0.25,0.14300000000000002,10.580555046135622,10.122021844245848
JR,v0,0.25,0.14400000000000002,10.721812234944302,10.24054018770284
JR,v0,0.25,0.145,10.846969559946935,10.34663948049055
JR,v0,0.25,0.146,10.954996958399573,10.439477898616692
JR,v0,0.25,0.147,11.044901617103005,10.51830069175706
JR,v0,0.25,0.148,11.115740053829738,10.582435443216621
JR,v0,0.25,0.149,11.16715126239865,10.631436309278506
JR,v0,0.25,0.15,11.199230470424249,10.66495787262699
JR,v0,0.25,0.151,11.212055054456176,10.682768743731328
JR,v0,0.25,0.152,11.205738329802621,10.684716862354954
JR,v0,0.25,0.153,11.180429550530286,10.670677812920532
JR,v0,0.25,0.154,11.136313909464421,10.640613176631168
JR,v0,0.25,0.155,11.0736125381888,10.594587424148667
JR,v0,0.25,0.156,10.992582740014521,10.532735164308276
JR,v0,0.25,0.157,10.893684206609077,10.455340067190214
JR,v0,0.25,0.158,10.77772107592135,10.362799777904552
JR,v0,0.25,0.159,10.645513119897782,10.255593613675217
JR,v0,0.25,0.16,10.49787473478582,10.134311570502259
JR,v0,0.25,0.161,10.335614941133915,9.999571849080668
JR,v0,0.25,0.162,10.159537383791523,9.85200330610118
JR,v0,0.25,0.163,9.970440331909106,9.692331009509658
JR,v0,0.25,0.164,9.769116678938136,9.521303750390437
JR,v0,0.25,0.165,9.556377495837552,9.339683923879377
JR,v0,0.25,0.166,9.33332402411977,9.148334380500994
JR,v0,0.25,0.167,9.101013259439124,8.948172925040225
JR,v0,0.25,0.168,8.860469466398605,8.740199944841159
JR,v0,0.25,0.169,8.612739427392803,8.5254674786633
JR,v0,0.25,0.17,8.358892442607893,8.30505259407247
JR,v0,0.25,0.171,8.100020330021646,8.080051966392732
JR,v0,0.25,0.17200000000000001,7.837237425403423,7.851579286481479
JR,v0,0.25,0.17300000000000001,7.5716805823141655,7.620686704295874
JR,v0,0.25,0.17400000000000002,7.304572249502259,7.388441226034604
JR,v0,0.25,0.17500000000000002,7.0371694587426585,7.155951846665931
JR,v0,0.25,0.176,6.770585994966396,6.924293754655057
JR,v0,0.25,0.177,6.505988502826906,6.6945520231965965
JR,v0,0.25,0.178,6.244602522793304,6.467806310396932
JR,v0,0.25,0.179,5.987712491150379,6.245131488648029
JR,v0,0.25,0.18,5.736661739998576,6.027598678716145
JR,v0,0.25,0.181,5.492852497254017,5.816217757499625
JR,v0,0.25,0.182,5.257735333705565,5.611929390439723
JR,v0,0.25,0.183,5.03240768825842,5.415613284889737
JR,v0,0.25,0.184,4.81799770708006,5.228028320315032
JR,v0,0.25,0.185,4.615678706048172,5.049842111601833
JR,v0,0.25,0.186,4.426498166009161,4.881663102323963
JR,v0,0.25,0.187,4.251377732778156,4.723961784885831
JR,v0,0.25,0.188,4.091113217139011,4.577089319254875
JR,v0,0.25,0.189,3.9463745948442934,4.441285121904554
JR,v0,0.25,0.19,3.8177060066152997,4.316689888631636
JR,v0,0.25,0.191,3.705514196171684,4.203339150116915
JR,v0,0.25,0.192,3.6099458324098777,4.101118046182288
JR,v0,0.25,0.193,3.53095575982087,4.009758480754918
JR,v0,0.25,0.194,3.468297828073819,3.92889314265507
JR,v0,0.25,0.195,3.421510889815927,3.8580818745966172
JR,v0,0.25,0.196,3.38991878880411,3.796765981353164
JR,v0,0.25,0.197,3.3726040697801345,3.744296322725804
JR,v0,0.25,0.198,3.3683759465228675,3.699904783076091
JR,v0,0.25,0.199,3.3758463018238025,3.662710605998716
JR,v0,0.25,0.2,3.3934417166201776,3.6318506240700565
JR,v0,0.25,0.201,3.4194034699949682,3.6065330402428604
JR,v0,0.25,0.202,3.451747027728633,3.5859997084856783
JR,v0,0.25,0.203,3.4883723512210487,3.569470289270654
JR,v0,0.25,0.20400000000000001,3.5273594808408113,3.556077563166069
JR,v0,0.25,0.20500000000000002,3.566831471781267,3.5449430333855734
JR,v0,0.25,0.20600000000000002,3.604947404413913,3.5352421416569553
JR,v0,0.25,0.20700000000000002,3.639902384288387,3.5262510592747884
JR,v0,0.25,0.20800000000000002,3.6699272922958492,3.51733254263249
JR,v0,0.25,0.209,3.693213428837442,3.5079076433109164
JR,v0,0.25,0.21,3.709172417038868,3.4974261211007405
JR,v0,0.25,0.211,3.717795796874949,3.4854391928516737
JR,v0,0.25,0.212,3.7190199784832707,3.4715879996373564
JR,v0,0.25,0.213,3.7127262421641767,3.45556036156609
JR,v0,0.25,0.214,3.6987407383807636,3.4370679701336364
JR,v0,0.25,0.215,3.676834487758885,3.415841324266309
JR,v0,0.25,0.216,3.6469748097424652,3.391676761271273
JR,v0,0.25,0.217,3.6103722010264594,3.3644842240901394
JR,v0,0.25,0.218,3.5681643358559203,3.3343105678660367
JR,v0,0.25,0.219,3.521272721210744,3.3012342816400646
JR,v0,0.25,0.22,3.4704361073931036,3.2653413813959737
JR,v0,0.25,0.221,3.4162104880274846,3.2266953483700695
JR,v0,0.25,0.222,3.3589691000606514,3.185445840655018
JR,v0,0.25,0.223,3.299202333769026,3.141767731424311
JR,v0,0.25,0.224,3.2377816571957307,3.0959190086845028
JR,v0,0.25,0.225,3.1753869225064495,3.0481999768273287
JR,v0,0.25,0.226,3.112554376440647,2.998869781147532
JR,v0,0.25,0.227,3.049676728006272,2.9481817580752625
JR,v0,0.25,0.228,2.9870031484797455,2.8964340769973034
JR,v0,0.25,0.229,2.9246392714059777,2.843922595607341
JR,v0,0.25,0.23,2.862547533957743,2.7909248210198387
JR,v0,0.25,0.231,2.800977748246492,2.7377410995818137
JR,v0,0.25,0.232,2.7401985347941107,2.6846108455381916
JR,v0,0.25,0.233,2.6801731887977702,2.6317275933549023
JR,v0,0.25,0.234,2.620884602764743,2.579266728778306
JR,v0,0.25,0.23500000000000001,2.5623352665124024,2.5274142455795525
JR,v0,0.25,0.23600000000000002,2.5045472671682276,2.476364538331776
JR,v0,0.25,0.23700000000000002,2.4475622891697935,2.4262840912356425
JR,v0,0.25,0.23800000000000002,2.3914416142647834,2.377307679555685
JR,v0,0.25,0.23900000000000002,2.336278710983539,2.3295635634154936
JR,v0,0.25,0.24,2.2821925892016903,2.283120578490549
JR,v0,0.25,0.241,2.2290152154050737,2.2380012225500523
JR,v0,0.25,0.242,2.176584071203285,2.194228500924386
JR,v0,0.25,0.243,2.1248049092125605,2.1518198971225937
JR,v0,0.25,0.244,2.073651753055799,2.1107681688622946
JR,v0,0.25,0.245,2.0231668973625503,2.0710890275030702
JR,v0,0.25,0.246,1.9734609077690077,2.03283427341743
JR,v0,0.25,0.247,1.9247126209180276,1.9960487543863956
JR,v0,0.25,0.248,1.8771691444591116,1.9607577509530298
JR,v0,0.25,0.249,1.8311082845551674,1.9269683803007995
JR,v0,0.25,0.25,1.7864140861478823,1.8946572804049848
JR,v0,0.25,0.251,1.7429500954155799,1.8637784962503838
JR,v0,0.25,0.252,1.7006653677810348,1.834285857650466
JR,v0,0.25,0.253,1.6595501438323677,1.8061224828602542
JR,v0,0.25,0.254,1.6196358493230356,1.779259853389804
JR,v0,0.25,0.255,1.5809950951718363,1.7536995249646024
JR,v0,0.25,0.256,1.5437416774629096,1.7294738702499493
JR,v0,0.25,0.257,1.5080305774457345,1.706625757893476
JR,v0,0.25,0.258,1.4740579615351272,1.6851685578355593
JR,v0,0.25,0.259,1.441966710878277,1.665073301751853
JR,v0,0.25,0.26,1.4116124364071032,1.6463021084586953
JR,v0,0.25,0.261,1.3829194717163302,1.6288009258132863
JR,v0,0.25,0.262,1.3558431478778719,1.6125239508907918
JR,v0,0.25,0.263,1.3303633230584326,1.597429532309654
JR,v0,0.25,0.264,1.3064843825195123,1.5834939184344463
JR,v0,0.25,0.265,1.2842352386174003,1.5707158768413358
JR,v0,0.25,0.266,1.2636693308031806,1.5591078115843637
JR,v0,0.25,0.267,1.2448646256227276,1.5486892689037395
JR,v0,0.25,0.268,1.2279200129071821,1.539454256679759
JR,v0,0.25,0.269,1.2127938573564112,1.5313652357824696
JR,v0,0.25,0.27,1.1993582537578158,1.524385116026028
JR,v0,0.25,0.271,1.1875263011829693,1.5184602106504446
JR,v0,0.25,0.272,1.1772282944032657,1.5135400731072803
JR,v0,0.25,0.273,1.1684117238899177,1.5095853237650172
JR,v0,0.25,0.274,1.1610412758139583,1.5065621141748853
JR,v0,0.25,0.275,1.1550988320462476,1.5044518204150383
JR,v0,0.25,0.276,1.1505834701574598,1.503248836888034
JR,v0,0.25,0.277,1.147511463418092,1.5029425388918904
JR,v0,0.25,0.278,1.145909858879893,1.503507740937995
JR,v0,0.25,0.279,1.1456906715688815,1.50490607397113
JR,v0,0.25,0.28,1.146737058683323,1.5070960671152338
JR,v0,0.25,0.281,1.1489606179439784,1.510031107824943
JR,v0,0.25,0.28200000000000003,1.1522846969732576,1.513664361880769
JR,v0,0.25,0.28300000000000003,1.1566443932952177,1.5179579727023298
JR,v0,0.25,0.28400000000000003,1.1619865543355647,1.5228813670860013
JR,v0,0.25,0.28500000000000003,1.168269777421651,1.5284093608045375
JR,v0,0.25,0.28600000000000003,1.1754644097824771,1.5345234683667894
JR,v0,0.25,0.28700000000000003,1.1835525485486897,1.5412077435392875
JR,v0,0.25,0.28800000000000003,1.1925280407525856,1.548436422444906
JR,v0,0.25,0.289,1.2023627881739243,1.5561811858360062
JR,v0,0.25,0.29,1.2129513557008682,1.5644077575702755
JR,v0,0.25,0.291,1.2242211249013666,1.5730759653453092
JR,v0,0.25,0.292,1.2361081165594907,1.582152352975199
JR,v0,0.25,0.293,1.2485554207877758,1.5916057699866935
JR,v0,0.25,0.294,1.2615131970272282,1.6014088132140134
JR,v0,0.25,0.295,1.2749386740473163,1.6115376702599804
JR,v0,0.25,0.296,1.2887961499459788,1.6219761400533337
JR,v0,0.25,0.297,1.30305699214962,1.632712916258814
JR,v0,0.25,0.298,1.3176996374131145,1.643730924253067
JR,v0,0.25,0.299,1.3327095918197989,1.6550067876432677
JR,v0,0.25,0.3,1.3480765684072802,1.6665235665043046
JR,v0,0.25,0.301,1.363743325040173,1.6782594791492018
JR,v0,0.25,0.302,1.37965676074751,1.690191891440874
JR,v0,0.25,0.303,1.3957783192955118,1.7022986847101689
JR,v0,0.25,0.304,1.4120730105295332,1.7145620199454559
JR,v0,0.25,0.305,1.428509410374069,1.7269652161071503
JR,v0,0.25,0.306,1.4450596608327495,1.7394944381259956
JR,v0,0.25,0.307,1.4616994699883432,1.7521406081099662
JR,v0,0.25,0.308,1.4784081120027555,1.7648983358230441
JR,v0,0.25,0.309,1.4951684271170285,1.777758060635324
JR,v0,0.25,0.31,1.511966821651344,1.7907072426731898
JR,v0,0.25,0.311,1.5287932680050167,1.8037351469454563
JR,v0,0.25,0.312,1.5456413046565016,1.8168301938495282
JR,v0,0.25,0.313,1.5625048941440105,1.8299833566556094
JR,v0,0.25,0.314,1.5793506835058153,1.8431857099470326
JR,v0,0.25,0.315,1.5961557664782693,1.8564302699136455
JR,v0,0.25,0.316,1.6129040136578983,1.8697099257600838
JR,v0,0.25,0.317,1.6295810754176157,1.8830189168300269
JR,v0,0.25,0.318,1.646174381906718,1.8963542789300354
JR,v0,0.25,0.319,1.6626731430508892,1.9097151478186671
JR,v0,0.25,0.32,1.6790683485522,1.923101709748743
JR,v0,0.25,0.321,1.6953527678891063,1.9365128133688632
JR,v0,0.25,0.322,1.7115209503164492,1.9499455526067917
JR,v0,0.25,0.323,1.7275692248654564,1.9633960031209714
JR,v0,0.25,0.324,1.7434957003437428,1.9768618460334373
JR,v0,0.25,0.325,1.7593002653353085,1.990342041895645
JR,v0,0.25,0.326,1.774984588200537,2.0038374636660357
JR,v0,0.25,0.327,1.7905451080835384,2.017349149274343
JR,v0,0.25,0.328,1.8059642740273434,2.030878732449048
JR,v0,0.25,0.329,1.8212362920269483,2.0444305919355377
JR,v0,0.25,0.33,1.8363570936307854,2.058010910217235
JR,v0,0.25,0.331,1.8513237279696724,2.0716262777814096
JR,v0,0.25,0.332,1.8661343617568056,2.085281330229019
JR,v0,0.25,0.333,1.880788279287768,2.0989813788049965
JR,v0,0.25,0.334,1.89528588244052,2.1127320775353944
JR,v0,0.25,0.335,1.9096286906754094,2.126539014131303
JR,v0,0.25,0.336,1.9238193410351645,2.1404082800616973
JR,v0,0.25,0.337,1.9378615881448944,2.154347257102593
JR,v0,0.25,0.338,1.951757009502432,2.168363955555807
JR,v0,0.25,0.339,1.9655016606841347,2.182466722908772
JR,v0,0.25,0.34,1.9790928081410777,2.1966661867397645
JR,v0,0.25,0.341,1.992528904979861,2.2109722150549005
JR,v0,0.25,0.342,2.0058095908881173,2.225386840042078
JR,v0,0.25,0.343,2.0189356921345056,2.239919396407164
JR,v0,0.25,0.34400000000000003,2.031909221568716,2.2545806274887084
JR,v0,0.25,0.34500000000000003,2.0447333786214656,2.2693785645933007
JR,v0,0.25,0.34600000000000003,2.0574125493045026,2.2843172636606512
JR,v0,0.25,0.34700000000000003,2.069952306210602,2.299396220584875
JR,v0,0.25,0.34800000000000003,2.0823593617227645,2.314611025650801
JR,v0,0.25,0.34900000000000003,2.094636888437797,2.32995266792999
JR,v0,0.25,0.35000000000000003,2.1067808781448325,2.345409001002852
JR,v0,0.25,0.35100000000000003,2.1187879933255407,2.3609684184829676
JR,v0,0.25,0.352,2.1306564605697726,2.376613105830115
JR,v0,0.25,0.353,2.142386070575558,2.3923279621678772
JR,v0,0.25,0.354,2.1539781781491025,2.408094829090391
JR,v0,0.25,0.355,2.165435702204791,2.4238901977255405
JR,v0,0.25,0.356,2.1767631257651865,2.439684508704873
JR,v0,0.25,0.357,2.187966495961031,2.4554419114412993
JR,v0,0.25,0.358,2.199053424031245,2.4711194515519157
JR,v0,0.25,0.359,2.2100330853229253,2.4866703855449246
JR,v0,0.25,0.36,2.220912843300185,2.50205189672395
JR,v0,0.25,0.361,2.2316871624846533,2.517226840014361
JR,v0,0.25,0.362,2.242351225474621,2.53216032528681
JR,v0,0.25,0.363,2.2529021364916972,2.546816595483018
JR,v0,0.25,0.364,2.2633387267834046,2.5611573030684025
JR,v0,0.25,0.365,2.2736615546231773,2.575143121145757
JR,v0,0.25,0.366,2.2838729053103606,2.5887345236366657
JR,v0,0.25,0.367,2.293976791170213,2.601891698413446
JR,v0,0.25,0.368,2.3039789515539035,2.6145799196761335
JR,v0,0.25,0.369,2.3138868528385137,2.6267707578823054
JR,v0,0.25,0.37,2.323709688427037,2.6384480829432935
JR,v0,0.25,0.371,2.3334580673327094,2.64959893135946
JR,v0,0.25,0.372,2.343131637480138,2.66021034663015
JR,v0,0.25,0.373,2.3527232233888253,2.670270329697631
JR,v0,0.25,0.374,2.362228877402861,2.679769109732669
JR,v0,0.25,0.375,2.371646394047883,2.6886972650823657
JR,v0,0.25,0.376,2.380975310031072,2.697048484367212
JR,v0,0.25,0.377,2.3902169042411567,2.7048228017131803
JR,v0,0.25,0.378,2.3993741977484113,2.7120281748883635
JR,v0,0.25,0.379,2.408451953804654,2.7186811571008827
JR,v0,0.25,0.38,2.4174566778432514,2.724798855934758
JR,v0,0.25,0.381,2.4263966174791127,2.73039835415245
JR,v0,0.25,0.382,2.435281762508696,2.735495596641054
JR,v0,0.25,0.383,2.4441199783965333,2.7401060007944222
JR,v0,0.25,0.384,2.4529042541230637,2.744244892267605
JR,v0,0.25,0.385,2.4616292062340186,2.7479317818731
JR,v0,0.25,0.386,2.4702915112963724,2.7511894623251005
JR,v0,0.25,0.387,2.4788895821391996,2.7540434741597384
JR,v0,0.25,0.388,2.4874235678536727,2.756521654295842
JR,v0,0.25,0.389,2.49589535379306,2.7586529708526517
JR,v0,0.25,0.39,2.504308561572732,2.760467281086185
JR,v0,0.25,0.391,2.512668549070155,2.7619951937755896
JR,v0,0.25,0.392,2.520982410424896,2.7632669978017605
JR,v0,0.25,0.393,2.5292589760386193,2.7643128718419234
JR,v0,0.25,0.394,2.5375087864176242,2.765162248669347
JR,v0,0.25,0.395,2.5457339575166555,2.7658501258780315
JR,v0,0.25,0.396,2.5539263518403765,2.766408072008687
JR,v0,0.25,0.397,2.562081505991844,2.766866891441842
JR,v0,0.25,0.398,2.570196662870108,2.7672580381943526
JR,v0,0.25,0.399,2.5782707716702085,2.7676137786712456
JR,v0,0.25,0.4,2.586304487883179,2.7679687209751425
JR,v0,0.25,0.401,2.594300173296044,2.768359895606112
JR,v0,0.25,0.402,2.6022618959918202,2.7688264701516996
JR,v0,0.25,0.403,2.610195430349518,2.769407059884125
JR,v0,0.25,0.404,2.6181082570441356,2.7701380982726764
JR,v0,0.25,0.405,2.6260095630466678,2.771059512798096
JR,v0,0.25,0.406,2.6339095172615496,2.7722016429999856
JR,v0,0.25,0.40700000000000003,2.641805370192213,2.7735949353038496
JR,v0,0.25,0.40800000000000003,2.6496900687316853,2.775269679116678
JR,v0,0.25,0.40900000000000003,2.657559687211334,2.7772549587493267
JR,v0,0.25,0.41000000000000003,2.665411987948958,2.779577189033302
JR,v0,0.25,0.41100000000000003,2.6732464212487907,2.7822619185156325
JR,v0,0.25,0.41200000000000003,2.6810641254015013,2.7853341738234874
JR,v0,0.25,0.41300000000000003,2.6888679266841913,2.788816941553177
JR,v0,0.25,0.41400000000000003,2.6966623393603966,2.7927256388437924
JR,v0,0.25,0.41500000000000004,2.7044535656800868,2.79707296940409
JR,v0,0.25,0.41600000000000004,2.712249495879665,2.801869383948755
JR,v0,0.25,0.417,2.7200597081819704,2.807119000327211
JR,v0,0.25,0.418,2.7278933342599396,2.812820155749657
JR,v0,0.25,0.419,2.7357447683564637,2.8189657585302967
JR,v0,0.25,0.42,2.7436080732321866,2.8255441326147355
JR,v0,0.25,0.421,2.7514798102291134,2.832538702194246
JR,v0,0.25,0.422,2.759358256812804,2.839927591770248
JR,v0,0.25,0.423,2.7672434065723626,2.8476848792319176
JR,v0,0.25,0.424,2.775136969220448,2.855779719271403
JR,v0,0.25,0.425,2.783042370593265,2.8641795657974516
JR,v0,0.25,0.426,2.7909647526505696,2.872854019308743
JR,v0,0.25,0.427,2.798910973475667,2.881771001128543
JR,v0,0.25,0.428,2.806889607275413,2.8908969314915622
JR,v0,0.25,0.429,2.814910944380212,2.900194307885812
JR,v0,0.25,0.43,2.8229827842083584,2.9096237692634657
JR,v0,0.25,0.431,2.831098017886733,2.9191443616869783
JR,v0,0.25,0.432,2.8392515895687715,2.9287269685437076
JR,v0,0.25,0.433,2.8474405539819703,2.938351126681915
JR,v0,0.25,0.434,2.8556637921390093,2.947995524368851
JR,v0,0.25,0.435,2.8639220113377526,2.957642495457938
JR,v0,0.25,0.436,2.872217745161249,2.9672758585661505
JR,v0,0.25,0.437,2.8805553534777344,2.976880858809295
JR,v0,0.25,0.438,2.888941022440625,2.986450553649103
JR,v0,0.25,0.439,2.8973827644885257,2.995992063794118
JR,v0,0.25,0.44,2.9058904183452237,3.0055127464671356
JR,v0,0.25,0.441,2.914475649019694,3.015022599883581
JR,v0,0.25,0.442,2.923144494545016,3.0245376497020464
JR,v0,0.25,0.443,2.9318893089882274,3.034070346163838
JR,v0,0.25,0.444,2.9407056698735268,3.0436320774650163
JR,v0,0.25,0.445,2.949591240995158,3.053238225365987
JR,v0,0.25,0.446,2.95854575671585,3.0629076114600298
JR,v0,0.25,0.447,2.9675710219668123,3.072658636673275
JR,v0,0.25,0.448,2.9766709122477417,3.0825174412868734
JR,v0,0.25,0.449,2.9858513736268155,3.0925099322263083
JR,v0,0.25,0.45,2.995120422740696,3.1026563873429485
JR,v0,0.25,0.451,3.0044881467945266,3.112976160496251
JR,v0,0.25,0.452,3.013966703561937,3.123487051621627
JR,v0,0.25,0.453,3.0235701555240544,3.134204386196682
JR,v0,0.25,0.454,3.0333018085174466,3.1451443899363163
JR,v0,0.25,0.455,3.043154294801366,3.15632286730337
JR,v0,0.25,0.456,3.0531238189102394,3.1677528119204483
JR,v0,0.25,0.457,3.0632091027807316,3.1794451126597614
JR,v0,0.25,0.458,3.073411385751745,3.1914106745120443
JR,v0,0.25,0.459,3.0837344245644163,3.20366347906325
JR,v0,0.25,0.46,3.0941844933621216,3.2162182706290388
JR,v0,0.25,0.461,3.1047703836904708,3.2290882680868034
JR,v0,0.25,0.462,3.115503404497314,3.2422902216524596
JR,v0,0.25,0.463,3.126397382132735,3.255838601916786
JR,v0,0.25,0.464,3.1374686603490543,3.269744835867325
JR,v0,0.25,0.465,3.1487342902874675,3.284021145430894
JR,v0,0.25,0.466,3.16019322539668,3.298679777089967
JR,v0,0.25,0.467,3.1718391810281337,3.3137324682366205
JR,v0,0.25,0.468,3.1836698445970186,3.329192950870692
JR,v0,0.25,0.46900000000000003,3.195686210097102,3.345078146237319
JR,v0,0.25,0.47000000000000003,3.2078925781007315,3.361411044624773
JR,v0,0.25,0.47100000000000003,3.220296555758825,3.378216438521759
JR,v0,0.25,0.47200000000000003,3.232909056800884,3.3955211765930375
JR,v0,0.25,0.47300000000000003,3.2457443015349825,3.4133492242734995
JR,v0,0.25,0.47400000000000003,3.2588198168477747,3.43172326776448
JR,v0,0.25,0.47500000000000003,3.272156436204491,3.4506704201344522
JR,v0,0.25,0.47600000000000003,3.2857782996489364,3.4702194639412927
JR,v0,0.25,0.47700000000000004,3.2997020747824006,3.4903975840696586
JR,v0,0.25,0.47800000000000004,3.3139215992301194,3.5112315538813035
JR,v0,0.25,0.47900000000000004,3.3284337201679994,3.532752836590216
JR,v0,0.25,0.48,3.343240023716273,3.5549966973289253
JR,v0,0.25,0.481,3.358346829716565,3.578004351479115
JR,v0,0.25,0.482,3.3737651917318883,3.601817605732398
JR,v0,0.25,0.483,3.389510897046648,3.626474486363672
JR,v0,0.25,0.484,3.405604466666639,3.6520171431741493
JR,v0,0.25,0.485,3.422071155319046,3.678486367629717
JR,v0,0.25,0.486,3.438940951452445,3.7059223648187993
JR,v0,0.25,0.487,3.456248577236804,3.7343637006086556
JR,v0,0.25,0.488,3.4740282643948244,3.7638419297833106
JR,v0,0.25,0.489,3.4922829525541816,3.7943864548848962
JR,v0,0.25,0.49,3.5110096529881916,3.826029558061833
JR,v0,0.25,0.491,3.530213030839655,3.8588101032248523
JR,v0,0.25,0.492,3.5499051866564213,3.8927747838692763
JR,v0,0.25,0.493,3.570105656391397,3.927966791155665
JR,v0,0.25,0.494,3.590841411402538,3.964420938341374
JR,v0,0.25,0.495,3.6121468584528564,4.002171402013397
JR,v0,0.25,0.496,3.634063839710414,4.041261882643114
JR,v0,0.25,0.497,3.656641632748327,4.081730222178538
JR,v0,0.25,0.498,3.6799369505447643,4.123611216352733
JR,v0,0.25,0.499,3.7040070685657898,4.166943724076497
JR,v0,0.25,0.5,3.728865489150985,4.21177763937787
JR,v0,0.25,0.501,3.7545150178296436,4.258180423969773
JR,v0,0.25,0.502,3.780971285173244,4.306221386215145
JR,v0,0.25,0.503,3.808262732179172,4.355960310644703
JR,v0,0.25,0.504,3.8364306102707157,4.407475324320613
JR,v0,0.25,0.505,3.86552898129707,4.460846992977851
JR,v0,0.25,0.506,3.8956247175333343,4.516139041409508
JR,v0,0.25,0.507,3.9267975016805137,4.5734134031143885
JR,v0,0.25,0.508,3.959139826865517,4.632752449617396
JR,v0,0.25,0.509,3.9927569328948227,4.694243315031512
JR,v0,0.25,0.51,4.027734189979882,4.757969128190379
JR,v0,0.25,0.511,4.064090226260228,4.823991992898354
JR,v0,0.25,0.512,4.101853618897355,4.892339325671871
JR,v0,0.25,0.513,4.141076592349665,4.963026362804583
JR,v0,0.25,0.514,4.181835018372462,5.036087917408939
JR,v0,0.25,0.515,4.224228416017951,5.111530458414454
JR,v0,0.25,0.516,4.268379951635244,5.189333805257836
JR,v0,0.25,0.517,4.314436438870357,5.269453979259996
JR,v0,0.25,0.518,4.362568338666207,5.351831989012698
JR,v0,0.25,0.519,4.412969759262617,5.4363736650964745
JR,v0,0.25,0.52,4.46582068765727,5.5229466822234
JR,v0,0.25,0.521,4.521192491709049,5.611379423345755
JR,v0,0.25,0.522,4.5791663402449245,5.701475731219417
JR,v0,0.25,0.523,4.6398649425700995,5.793054018917843
JR,v0,0.25,0.524,4.703452541244838,5.8858978145516865
JR,v0,0.25,0.525,4.770134912084456,5.97981011116046
JR,v0,0.25,0.526,4.8401593641593355,6.074574538618175
JR,v0,0.25,0.527,4.913814739794913,6.169970724625035
JR,v0,0.25,0.528,4.991431414571682,6.2657478652331475
JR,v0,0.25,0.529,5.0733737031158705,6.361625649230997
JR,v0,0.25,0.53,5.159859444713723,6.457306197915005
JR,v0,0.25,0.531,5.2510913685855485,6.552549567391339
JR,v0,0.25,0.532,5.3473337905217235,6.647102897641547
JR,v0,0.25,0.533,5.448879710882992,6.740733342421792
JR,v0,0.25,0.534,5.556050814600471,6.833246150530685
JR,v0,0.25,0.535,5.669197471175635,6.924440232151033
JR,v0,0.25,0.536,5.788698734680342,7.014111084239778
JR,v0,0.25,0.537,5.914962343756806,7.102046247684166
JR,v0,0.25,0.538,6.048424721617616,7.188012588894859
JR,v0,0.25,0.539,6.189144360176363,7.2718004427531255
JR,v0,0.25,0.54,6.337161799621389,7.353248099282464
JR,v0,0.25,0.541,6.493102776083919,7.4321899845882635
JR,v0,0.25,0.542,6.657371879031193,7.5085023491776175
JR,v0,0.25,0.543,6.830144774328866,7.582070089666507
JR,v0,0.25,0.544,7.011368204241022,7.652743490185124
JR,v0,0.25,0.545,7.20075998743016,7.7203836767797505
JR,v0,0.25,0.546,7.397809018957205,7.784839958022506
JR,v0,0.25,0.547,7.601775270281503,7.845951255560249
JR,v0,0.25,0.548,7.811689789260821,7.903587535827633
JR,v0,0.25,0.549,8.026420396573428,7.957602167305876
JR,v0,0.25,0.55,8.24505551015708,8.007872580882882
JR,v0,0.25,0.551,8.466573744601504,8.054332233398544
JR,v0,0.25,0.552,8.68975183177621,8.096898176140563
JR,v0,0.25,0.553,8.91317530860638,8.135491756544496
JR,v0,0.25,0.554,9.135238517072882,8.170027251956812
JR,v0,0.25,0.555,9.354144604212266,8.20039633220751
JR,v0,0.25,0.556,9.56790552211676,8.22649380114594
JR,v0,0.25,0.557,9.774342027934274,8.248214378518794
JR,v0,0.25,0.558,9.971116747078334,8.265438386079005
JR,v0,0.25,0.559,10.15668104284357,8.27815925684404
JR,v0,0.25,0.56,10.329971474046417,8.286416329389358
JR,v0,0.25,0.561,10.489855687575645,8.290239951146901
JR,v0,0.25,0.562,10.635239727797423,8.289697649717404
JR,v0,0.25,0.5630000000000001,10.765068036555338,8.284853134533215
JR,v0,0.25,0.5640000000000001,10.878323453170403,8.275770711815017
JR,v0,0.25,0.5650000000000001,10.974027214441023,8.262512359281981
JR,v0,0.25,0.5660000000000001,11.051238954643035,8.245109602528242
JR,v0,0.25,0.5670000000000001,11.10922506696157,8.22365226231136
JR,v0,0.25,0.5680000000000001,11.148001080301368,8.198315271173502
JR,v0,0.25,0.5690000000000001,11.167646195251681,8.169274097525259
JR,v0,0.25,0.5700000000000001,11.16826430898719,8.13672344090204
JR,v0,0.25,0.5710000000000001,11.1499949437545,8.100866260235808
JR,v0,0.25,0.5720000000000001,11.113013246872145,8.061877899911508
JR,v0,0.25,0.5730000000000001,11.057529990730576,8.019921762741603
JR,v0,0.25,0.5740000000000001,10.983791572792173,7.975146272766145
JR,v0,0.25,0.5750000000000001,10.892114551546227,7.9276928032036675
JR,v0,0.25,0.5760000000000001,10.783174059863182,7.877727503779019
JR,v0,0.25,0.577,10.657791990502474,7.825419766370608
JR,v0,0.25,0.578,10.516781665277591,7.770912775235322
JR,v0,0.25,0.579,10.360951682255076,7.7143395500445004
JR,v0,0.25,0.58,10.191105915754465,7.655779575196139
JR,v0,0.25,0.581,10.0080435163483,7.595268159772198
JR,v0,0.25,0.582,9.81255891086213,7.53282992394708
JR,v0,0.25,0.583,9.605441802374513,7.468475348796579
JR,v0,0.25,0.584,9.387621238992674,7.402209675620072
JR,v0,0.25,0.585,9.160231749606686,7.33403005550809
JR,v0,0.25,0.586,8.924283707802802,7.263912569189329
JR,v0,0.25,0.587,8.680808889670397,7.191813750432095
JR,v0,0.25,0.588,8.43086291551819,7.117673376055037
JR,v0,0.25,0.589,8.175525249874246,7.041365569903776
JR,v0,0.25,0.59,7.915899201485958,6.962750671928421
JR,v0,0.25,0.591,7.65311192332007,6.881770679378476
JR,v0,0.25,0.592,7.38832377797258,6.798416998831828
JR,v0,0.25,0.593,7.122824717442736,6.712713245389808
JR,v0,0.25,0.594,6.857762304354367,6.624658610101213
JR,v0,0.25,0.595,6.594275632430955,6.5342630062117575
JR,v0,0.25,0.596,6.3335601607847725,6.441556043561062
JR,v0,0.25,0.597,6.076867713916904,6.346650060879632
JR,v0,0.25,0.598,5.82550648171722,6.249698265935186
JR,v0,0.25,0.599,5.580841019464401,6.15090949206073
JR,v0,0.25,0.6,5.34429224782593,6.050504978860886
JR,v0,0.25,0.601,5.1171748298162605,5.948697547208683
JR,v0,0.25,0.602,4.900464633214089,5.845729842331043
JR,v0,0.25,0.603,4.695378375947996,5.741875256750465
JR,v0,0.25,0.604,4.503019753735003,5.637425899898002
JR,v0,0.25,0.605,4.324356136810138,5.53265847421858
JR,v0,0.25,0.606,4.160218569926393,5.4278133366115915
JR,v0,0.25,0.607,4.011301772354766,5.323096074558768
JR,v0,0.25,0.608,3.878164137884248,5.218737914208755
JR,v0,0.25,0.609,3.7612277348218157,5.115003908737239
JR,v0,0.25,0.61,3.6607782893936864,5.012147977669063
JR,v0,0.25,0.611,3.576877037163932,4.910411171902343
JR,v0,0.25,0.612,3.509311530759746,4.809981034006274
JR,v0,0.25,0.613,3.457688510858027,4.711006970748061
JR,v0,0.25,0.614,3.421400755439425,4.613615254215855
JR,v0,0.25,0.615,3.3996270797883454,4.5179536309365105
JR,v0,0.25,0.616,3.3913275175361406,4.42418502168506
JR,v0,0.25,0.617,3.3951802894124867,4.332436206958105
JR,v0,0.25,0.618,3.409653341440883,4.242794407450705
JR,v0,0.25,0.619,3.4330689363202147,4.15531707244137
JR,v0,0.25,0.62,3.4636022636402792,4.070009938485364
JR,v0,0.25,0.621,3.4992808836041256,3.9869224449366554
JR,v0,0.25,0.622,3.5378295167247202,3.9060866761465274
JR,v0,0.25,0.623,3.577291839383154,3.82753853817035
JR,v0,0.25,0.624,3.616037633598804,3.751314619085768
JR,v0,0.25,0.625,3.6524881519364314,3.677433425022285
JR,v0,0.25,0.626,3.6851161175061335,3.6058973507316585
JR,v0,0.25,0.627,3.7124457239633877,3.536698183085044
JR,v0,0.25,0.628,3.7330526355090186,3.469830344079044
JR,v0,0.25,0.629,3.7456564868963724,3.40528110401857
JR,v0,0.25,0.63,3.7500765599237447,3.343112286622291
JR,v0,0.25,0.631,3.7467489502748563,3.2833732260068706
JR,v0,0.25,0.632,3.7360335616721265,3.2261313416874065
JR,v0,0.25,0.633,3.7182041191266606,3.171434666808304
JR,v0,0.25,0.634,3.693448168938234,3.1192749164783398
JR,v0,0.25,0.635,3.6618670786952805,3.069608008398611
JR,v0,0.25,0.636,3.623726992595497,3.0224328149627073
JR,v0,0.25,0.637,3.5802259127899383,2.977748848351045
JR,v0,0.25,0.638,3.5324595547113997,2.935522697672226
JR,v0,0.25,0.639,3.481316941063417,2.8957006905271006
JR,v0,0.25,0.64,3.427492342977903,2.8582083616061915
JR,v0,0.25,0.641,3.371485280015131,2.8229623764896803
JR,v0,0.25,0.642,3.313600520163746,2.789873106917034
JR,v0,0.25,0.643,3.254216847075927,2.758846436411017
JR,v0,0.25,0.644,3.194063827236061,2.7297519234203893
JR,v0,0.25,0.645,3.1336355059536665,2.702438081044057
JR,v0,0.25,0.646,3.0733175396888157,2.6767619243010286
JR,v0,0.25,0.647,3.013389187203602,2.6525858008381284
JR,v0,0.25,0.648,2.9540233095621247,2.6297563960137533
JR,v0,0.25,0.649,2.895286370130494,2.6081258214739127
JR,v0,0.25,0.65,2.8371384345768274,2.587539308518921
JR,v0,0.25,0.651,2.7795949381014076,2.5678391861022045
JR,v0,0.25,0.652,2.7229508500404815,2.5488899819667137
JR,v0,0.25,0.653,2.6671100319761045,2.5305553921083233
JR,v0,0.25,0.654,2.6119835997184584,2.512709467914144
JR,v0,0.25,0.655,2.557519982496858,2.495231756938532
JR,v0,0.25,0.656,2.5037049229597574,2.478016926464696
JR,v0,0.25,0.657,2.45056147717475,2.4609635309214855
JR,v0,0.25,0.658,2.3981500146285644,2.4439927929865735
JR,v0,0.25,0.659,2.3465682182270697,2.4270162056007227
JR,v0,0.25,0.66,2.2959514370083767,2.4099805554837674
JR,v0,0.25,0.661,2.246239669014054,2.392865572653022
JR,v0,0.25,0.662,2.197254888658591,2.375715183859066
JR,v0,0.25,0.663,2.1488812481716675,2.358576693648301
JR,v0,0.25,0.664,2.1010666022723807,2.3414827449268825
JR,v0,0.25,0.665,2.053822508169267,2.3244712771414977
JR,v0,0.25,0.666,2.007224225560286,2.3075672789205584
JR,v0,0.25,0.667,1.9614107166328267,2.2908124546124724
JR,v0,0.25,0.668,1.9165846460637095,2.274270800863464
JR,v0,0.25,0.669,1.8730123810191817,2.2580398098785883
JR,v0,0.25,0.67,1.8308800161096777,2.2421943664392767
JR,v0,0.25,0.671,1.78997942768164,2.22678035575553
JR,v0,0.25,0.672,1.7502358566277696,2.211837666268175
JR,v0,0.25,0.673,1.7116203278185687,2.1973860578974267
JR,v0,0.25,0.674,1.6741398735816828,2.1834369704122847
JR,v0,0.25,0.675,1.6378375337019184,2.1700354645938
JR,v0,0.25,0.676,1.6027923554212276,2.1572292817525835
JR,v0,0.25,0.677,1.5691193934387169,2.1450404878622784
JR,v0,0.25,0.678,1.5369697099106432,2.1334631430048088
JR,v0,0.25,0.679,1.5065287947060728,2.12247510973622
JR,v0,0.25,0.68,1.4778145097285078,2.112053719093849
JR,v0,0.25,0.681,1.45070160414084,2.102163365335095
JR,v0,0.25,0.682,1.4251312527302247,2.092774206058147
JR,v0,0.25,0.683,1.4010669176173867,2.083869248794448
JR,v0,0.25,0.684,1.3784943482566403,2.0754292598847415
JR,v0,0.25,0.685,1.357421581435874,2.0674365671363883
JR,v0,0.25,0.686,1.3378789412765526,2.059875633103299
JR,v0,0.25,0.687,1.319919039233726,2.0527195055557907
JR,v0,0.25,0.6880000000000001,1.3036167740960192,2.045940902605535
JR,v0,0.25,0.6890000000000001,1.2890439238215388,2.03951282864321
JR,v0,0.25,0.6900000000000001,1.2761005421461764,2.0334137426525127
JR,v0,0.25,0.6910000000000001,1.2646840582244367,2.0276185126323387
JR,v0,0.25,0.6920000000000001,1.2547174228459301,2.0220985886478235
JR,v0,0.25,0.6930000000000001,1.2461394342475192,2.016835784772711
JR,v0,0.25,0.6940000000000001,1.2389047381133187,2.011821707755544
JR,v0,0.25,0.6950000000000001,1.2329838275746994,2.0070523707031978
JR,v0,0.25,0.6960000000000001,1.2283630432102877,2.0025303257348672
JR,v0,0.25,0.6970000000000001,1.2250445730459605,1.99826077328205
JR,v0,0.25,0.6980000000000001,1.2230464525548497,1.9942483258701527
JR,v0,0.25,0.6990000000000001,1.2223813159694865,1.9904978809964482
JR,v0,0.25,0.7000000000000001,1.2229395643850198,1.987015987796641
JR,v0,0.25,0.7010000000000001,1.2246248839514005,1.9838005903353622
JR,v0,0.25,0.7020000000000001,1.2273590137318484,1.9808526096615175
JR,v0,0.25,0.7030000000000001,1.2310743816147873,1.978178099161669
JR,v0,0.25,0.704,1.2357141043138533,1.9757891699093617
JR,v0,0.25,0.705,1.2412319873678888,1.973704754591597
JR,v0,0.25,0.706,1.2475925251409432,1.9719451984945595
JR,v0,0.25,0.707,1.254770900822276,1.9705259136144593
JR,v0,0.25,0.708,1.2627529864263538,1.9694607165995766
JR,v0,0.25,0.709,1.2715353427928493,1.9687681506576613
JR,v0,0.25,0.71,1.2810791478360608,1.9684659637488306
JR,v0,0.25,0.711,1.2912899594301113,1.9685616863436532
JR,v0,0.25,0.712,1.3021049124422044,1.969060217770474
JR,v0,0.25,0.713,1.3134675547004004,1.96997179741451
JR,v0,0.25,0.714,1.3253277397528436,1.9713076836319459
JR,v0,0.25,0.715,1.33764162686776,1.9730834856732267
JR,v0,0.25,0.716,1.3503716810334545,1.9753108456062796
JR,v0,0.25,0.717,1.3634866729583193,1.9779977284538646
JR,v0,0.25,0.718,1.3769616790708241,1.9811516454769191
JR,v0,0.25,0.719,1.3907780815195219,1.9847786675988481
JR,v0,0.25,0.72,1.40492356817305,1.9888829816565186
JR,v0,0.25,0.721,1.4193888289270822,1.9934601607816753
JR,v0,0.25,0.722,1.4341204944255734,1.998500794069358
JR,v0,0.25,0.723,1.449072152427318,2.0039963939692247
JR,v0,0.25,0.724,1.4642097919732642,2.0099394580434584
JR,v0,0.25,0.725,1.4795025273412614,2.016324370296451
JR,v0,0.25,0.726,1.4949225980460579,2.023146701438793
JR,v0,0.25,0.727,1.5104453688393011,2.030400862417459
JR,v0,0.25,0.728,1.526049329709536,2.0380767902907637
JR,v0,0.25,0.729,1.5417160958822076,2.046163072140834
JR,v0,0.25,0.73,1.5574304078196577,2.0546551906828685
JR,v0,0.25,0.731,1.5731801312211302,2.0635427519364016
JR,v0,0.25,0.732,1.5889562570227662,2.0728119316012923
JR,v0,0.25,0.733,1.6047529013976032,2.0824499936073133
JR,v0,0.25,0.734,1.620565429855609,2.0924455331859777
JR,v0,0.25,0.735,1.6363655765934992,2.1027904612162747
JR,v0,0.25,0.736,1.6521316632561351,2.1134793667374665
JR,v0,0.25,0.737,1.6678490743823353,2.1245115064599447
JR,v0,0.25,0.738,1.6835048084454054,2.135886245558143
JR,v0,0.25,0.739,1.6990874778531393,2.147604284062013
JR,v0,0.25,0.74,1.7145873089478196,2.1596656559367657
JR,v0,0.25,0.741,1.7299961420062204,2.172061750964935
JR,v0,0.25,0.742,1.7453074312395995,2.184785157393754
JR,v0,0.25,0.743,1.760516244793708,2.197832907264326
JR,v0,0.25,0.744,1.775619264748784,2.2111983924685132
JR,v0,0.25,0.745,1.7906147871195528,2.2248765258788503
JR,v0,0.25,0.746,1.80550272185523,2.238860261661938
JR,v0,0.25,0.747,1.8202845928395215,2.2531402898940556
JR,v0,0.25,0.748,1.8349592926371239,2.2677017001762136
JR,v0,0.25,0.749,1.8495105076249452,2.2825266025331037
JR,v0,0.25,0.75,1.863931706430011,2.2975917779542563
JR,v0,0.25,0.751,1.8782187474800272,2.3128720333348536
JR,v0,0.25,0.752,1.8923685797039784,2.3283408545772253
JR,v0,0.25,0.753,1.9063792425321227,2.3439658886792243
JR,v0,0.25,0.754,1.9202498658959937,2.3597107929937393
JR,v0,0.25,0.755,1.9339806702284008,2.3755365167786295
JR,v0,0.25,0.756,1.9475729664634294,2.3914075598449984
JR,v0,0.25,0.757,1.9610291560364406,2.407291341014391
JR,v0,0.25,0.758,1.974352730884069,2.423154858903453
JR,v0,0.25,0.759,1.9875468306825343,2.438962579865674
JR,v0,0.25,0.76,2.000608049940085,2.4546828737029696
JR,v0,0.25,0.761,2.0135329398129906,2.470287354801083
JR,v0,0.25,0.762,2.026319345749261,2.4857525017169393
JR,v0,0.25,0.763,2.0389662942684743,2.5010635592056745
JR,v0,0.25,0.764,2.051473992961785,2.516206301187803
JR,v0,0.25,0.765,2.063843830491917,2.5311656524317883
JR,v0,0.25,0.766,2.07607837659317,2.5459279855099974
JR,v0,0.25,0.767,2.088181382071412,2.5604759745507635
JR,v0,0.25,0.768,2.1001577788040873,2.5747937612992575
JR,v0,0.25,0.769,2.1120136797402105,2.588875874685162
JR,v0,0.25,0.77,2.1237548841683855,2.602713543732507
JR,v0,0.25,0.771,2.1353791048178885,2.616296201504292
JR,v0,0.25,0.772,2.1468821082513103,2.629613130868142
JR,v0,0.25,0.773,2.1582611990502145,2.6426509539396896
JR,v0,0.25,0.774,2.1695152147040706,2.6553998705745956
JR,v0,0.25,0.775,2.1806445256102522,2.6678506350349545
JR,v0,0.25,0.776,2.191651035074038,2.6799921117921195
JR,v0,0.25,0.777,2.202538179308611,2.6918139166800126
JR,v0,0.25,0.778,2.2133109274350593,2.7033041292165554
JR,v0,0.25,0.779,2.2239757814823737,2.7144483843564884
JR,v0,0.25,0.78,2.234540776387451,2.7252327474993696
JR,v0,0.25,0.781,2.2450152895681965,2.735639935254371
JR,v0,0.25,0.782,2.255400034342508,2.7456627237019755
JR,v0,0.25,0.783,2.265688507100352,2.755300889762412
JR,v0,0.25,0.784,2.2758767825524036,2.7645519780295467
JR,v0,0.25,0.785,2.2859626154802997,2.7734146561901345
JR,v0,0.25,0.786,2.2959454407366353,2.7818887331961464
JR,v0,0.25,0.787,2.3058263732449698,2.789971602089711
JR,v0,0.25,0.788,2.3156082079998193,2.797659939916177
JR,v0,0.25,0.789,2.3252954200666647,2.804952409663071
JR,v0,0.25,0.79,2.3348941645819434,2.8118500674155933
JR,v0,0.25,0.791,2.344412276753057,2.8183631991028393
JR,v0,0.25,0.792,2.353859271858367,2.8245025819047975
JR,v0,0.25,0.793,2.3632436170964195,2.83027987962429
JR,v0,0.25,0.794,2.3725592386325065,2.8357083954658098
JR,v0,0.25,0.795,2.3818005661575534,2.8408039013062965
JR,v0,0.25,0.796,2.3909642636910413,2.845579186938492
JR,v0,0.25,0.797,2.400048691454088,2.8500487509677446
JR,v0,0.25,0.798,2.4090539058694524,2.8542313581181737
JR,v0,0.25,0.799,2.4179816595615327,2.858153287733671
JR,v0,0.25,0.8,2.4268354013563678,2.861839033759545
JR,v0,0.25,0.801,2.4356202762816332,2.865315145998051
JR,v0,0.25,0.802,2.4443431255666472,2.8686104006474493
JR,v0,0.25,0.803,2.4530124866423657,2.8717530536845755
JR,v0,0.25,0.804,2.4616385867485353,2.8747702880744455
JR,v0,0.25,0.805,2.470224303637525,2.8776822045453914
JR,v0,0.25,0.806,2.4787617360779266,2.880509524470382
JR,v0,0.25,0.807,2.4872464138542782,2.883275665650861
JR,v0,0.25,0.808,2.495675555478857,2.886005740743617
JR,v0,0.25,0.809,2.50404806819168,2.888722720270808
JR,v0,0.25,0.81,2.512364547960508,2.891448992246044
JR,v0,0.25,0.811,2.520627279480842,2.894203258576113
JR,v0,0.25,0.812,2.528840236175926,2.897001277075264
JR,v0,0.25,0.8130000000000001,2.5370090801967433,2.8998543646956367
JR,v0,0.25,0.8140000000000001,2.5451411624220204,2.9027707049949636
JR,v0,0.25,0.8150000000000001,2.5532455224582242,2.9057575365997383
JR,v0,0.25,0.8160000000000001,2.561332165409453,2.9088200989834623
JR,v0,0.25,0.8170000000000001,2.5693983840201975,2.9119595684842112
JR,v0,0.25,0.8180000000000001,2.577437181537432,2.9151767862225983
JR,v0,0.25,0.8190000000000001,2.585444602044783,2.9184716689591137
JR,v0,0.25,0.8200000000000001,2.5934183580167423,2.9218411057512066
JR,v0,0.25,0.8210000000000001,2.6013578303186686,2.9252814674577614
JR,v0,0.25,0.8220000000000001,2.609264068206788,2.928787433959373
JR,v0,0.25,0.8230000000000001,2.6171397893281907,2.9323515694923588
JR,v0,0.25,0.8240000000000001,2.6249893797208355,2.935965911796351
JR,v0,0.25,0.8250000000000001,2.632818893813545,2.93962101063059
JR,v0,0.25,0.8260000000000001,2.640636054426009,2.943306521273846
JR,v0,0.25,0.8270000000000001,2.648450252768785,2.947023133150192
JR,v0,0.25,0.8280000000000001,2.6562702756172247,2.9507719273959325
JR,v0,0.25,0.8290000000000001,2.664090206419469,2.9545523950650256
JR,v0,0.25,0.8300000000000001,2.6719041470981018,2.9583660201248545
JR,v0,0.25,0.8310000000000001,2.67970860870589,2.962221184603172
JR,v0,0.25,0.8320000000000001,2.687501768284725,2.9661312796904578
JR,v0,0.25,0.833,2.695283468865623,2.9701181334330857
JR,v0,0.25,0.834,2.7030552194687316,2.9742002834833356
JR,v0,0.25,0.835,2.7108201951033206,2.978394419762324
JR,v0,0.25,0.836,2.7185832367677873,2.982716784329998
JR,v0,0.25,0.837,2.726350851449657,2.987189226216665
JR,v0,0.25,0.838,2.7341312121255794,2.99183268670599
JR,v0,0.25,0.839,2.741934157761332,2.996670360793218
JR,v0,0.25,0.84,2.749766857534412,3.0017221220307984
JR,v0,0.25,0.841,2.7576219097795973,3.007001868806457
JR,v0,0.25,0.842,2.765494291763883,3.012519674723452
JR,v0,0.25,0.843,2.7733809660784825,3.0182878059417777
JR,v0,0.25,0.844,2.781280609081685,3.0243154470501166
JR,v0,0.25,0.845,2.789193610898853,3.0306055991144594
JR,v0,0.25,0.846,2.797122075422425,3.0371648596295704
JR,v0,0.25,0.847,2.805069820311913,3.0439977120061332
JR,v0,0.25,0.848,2.813042376993905,3.051104494391816
JR,v0,0.25,0.849,2.821046990662061,3.0584847195874274
JR,v0,0.25,0.85,2.8290926202771205,3.066141928023409
JR,v0,0.25,0.851,2.8371899385668926,3.0740787958973277
JR,v0,0.25,0.852,2.8453442096430104,3.0822999725245954
JR,v0,0.25,0.853,2.85354766548489,3.0908148082120372
JR,v0,0.25,0.854,2.8617958793044815,3.099634054876852
JR,v0,0.25,0.855,2.8700863000881385,3.1087706193267235
JR,v0,0.25,0.856,2.878418230795866,3.118235433357555
JR,v0,0.25,0.857,2.8867928283613127,3.12803600716156
JR,v0,0.25,0.858,2.89521310369178,3.138182794530912
JR,v0,0.25,0.859,2.903683921668215,3.148689925124135
JR,v0,0.25,0.86,2.912212001145213,3.159573445009631
JR,v0,0.25,0.861,2.920805914951019,3.170854053562168
JR,v0,0.25,0.862,2.929476089887525,3.1825528433696104
JR,v0,0.25,0.863,2.9382347264832704,3.1946798315218716
JR,v0,0.25,0.864,2.9470847614128655,3.2072477943773863
JR,v0,0.25,0.865,2.9560187737649892,3.220268064205466
JR,v0,0.25,0.866,2.9650327537411942,3.2337573868487364
JR,v0,0.25,0.867,2.974124828876564,3.247732272858416
JR,v0,0.25,0.868,2.9832952640397123,3.2622043713855136
JR,v0,0.25,0.869,2.9925464614327844,3.2771798925637334
JR,v0,0.25,0.87,3.001882960591458,3.2926606045893543
JR,v0,0.25,0.871,3.0113114383849386,3.308645224563474
JR,v0,0.25,0.872,3.0208407090159666,3.3251346877341517
JR,v0,0.25,0.873,3.0304817240208095,3.3421360709957413
JR,v0,0.25,0.874,3.040247572269268,3.3596565367626057
JR,v0,0.25,0.875,3.0501526557363197,3.377699481384144
JR,v0,0.25,0.876,3.0601969770025716,3.3962676048414
JR,v0,0.25,0.877,3.0703737285204524,3.4153611214315203
JR,v0,0.25,0.878,3.080679671019223,3.434973158715431
JR,v0,0.25,0.879,3.0911142091946977,3.455096754053652
JR,v0,0.25,0.88,3.1016793917092556,3.4757268062064948
JR,v0,0.25,0.881,3.112379911191829,3.496868936144679
JR,v0,0.25,0.882,3.123223104237911,3.5185328757033485
JR,v0,0.25,0.883,3.1342189514095526,3.540728646851708
JR,v0,0.25,0.884,3.1453800772353624,3.5634693003357456
JR,v0,0.25,0.885,3.15672175021051,3.5867724950583
JR,v0,0.25,0.886,3.1682618827967213,3.610664509010041
JR,v0,0.25,0.887,3.180016752196096,3.635173811302026
JR,v0,0.25,0.888,3.191982023255409,3.660329547768683
JR,v0,0.25,0.889,3.2041525028254356,3.6861643778406843
JR,v0,0.25,0.89,3.216526861899472,3.712719472413607
JR,v0,0.25,0.891,3.2291073103734362,3.7400363455422636
JR,v0,0.25,0.892,3.241899597045867,3.768165993306781
JR,v0,0.25,0.893,3.2549130096179253,3.7971660527196267
JR,v0,0.25,0.894,3.2681603746933923,3.8270944757482552
JR,v0,0.25,0.895,3.281658057778673,3.8580126025249175
JR,v0,0.25,0.896,3.295425963282793,3.8899749898778095
JR,v0,0.25,0.897,3.3094875345173973,3.9230498257781075
JR,v0,0.25,0.898,3.323869437576065,3.9573118789010993
JR,v0,0.25,0.899,3.3385829882778335,3.992837783233699
JR,v0,0.25,0.9,3.3536216918864423,4.02969373630273
JR,v0,0.25,0.901,3.3689840401115405,4.067937764224533
JR,v0,0.25,0.902,3.3846736943939493,4.107625610077559
JR,v0,0.25,0.903,3.400699485905669,4.148810240171006
JR,v0,0.25,0.904,3.4170754155498697,4.191536798439525
JR,v0,0.25,0.905,3.4338206539609004,4.235848626534894
JR,v0,0.25,0.906,3.4509595415042846,4.281782762472952
JR,v0,0.25,0.907,3.4685215882767193,4.329371159651211
JR,v0,0.25,0.908,3.4865414741060774,4.378621696145703
JR,v0,0.25,0.909,3.505059048551406,4.429538117407438
JR,v0,0.25,0.91,3.5241050263003393,4.482115104475138
JR,v0,0.25,0.911,3.5436769261475245,4.536338967709841
JR,v0,0.25,0.912,3.5637752323983602,4.59217572776359
JR,v0,0.25,0.913,3.5844087199337067,4.649564439288114
JR,v0,0.25,0.914,3.6055944535419386,4.708412861608224
JR,v0,0.25,0.915,3.627357787918952,4.768606242975433
JR,v0,0.25,0.916,3.649732367668158,4.830041645889019
JR,v0,0.25,0.917,3.672760127300487,4.892596706650883
JR,v0,0.25,0.918,3.6964912912343872,4.956135617994364
JR,v0,0.25,0.919,3.7209843737958255,5.020516452657204
JR,v0,0.25,0.92,3.7463061397670208,5.0855847576760995
JR,v0,0.25,0.921,3.7725080309336017,5.151159002991196
JR,v0,0.25,0.922,3.7995944806354673,5.217038109358263
JR,v0,0.25,0.923,3.8275760134239256,5.283002693820245
JR,v0,0.25,0.924,3.8564777023870027,5.348816584514903
JR,v0,0.25,0.925,3.886339169149444,5.41424487445209
JR,v0,0.25,0.926,3.9172145838727115,5.479071764189544
JR,v0,0.25,0.927,3.9491726652549857,5.543102877265338
JR,v0,0.25,0.928,3.9822966805311646,5.6061782129355215
JR,v0,0.25,0.929,4.0166844454728645,5.668134075541931
JR,v0,0.25,0.93,4.052448324388418,5.728798412965873
JR,v0,0.25,0.931,4.0897095434432735,5.788001048946132
JR,v0,0.25,0.932,4.128526040219419,5.8455865750864655
JR,v0,0.25,0.933,4.168921408409645,5.901410854955179
JR,v0,0.25,0.934,4.21094490310469,5.955339846452758
JR,v0,0.25,0.935,4.2546727919982175,6.007286807366085
JR,v0,0.25,0.936,4.300208355386814,6.057199510320909
JR,v0,0.25,0.937,4.347681886169995,6.105042230797064
JR,v0,0.25,0.9380000000000001,4.39725068985019,6.15077247316291
JR,v0,0.25,0.9390000000000001,4.449099084532765,6.194335316211094
JR,v0,0.25,0.9400000000000001,4.503438400926003,6.235682827788098
JR,v0,0.25,0.9410000000000001,4.5604973983695345,6.274778828711207
JR,v0,0.25,0.9420000000000001,4.620406482005593,6.311604381729109
JR,v0,0.25,0.9430000000000001,4.683251497373909,6.346168976181371
JR,v0,0.25,0.9440000000000001,4.749162137742685,6.378503823050026
JR,v0,0.25,0.9450000000000001,4.8183129264228395,6.408636751540851
JR,v0,0.25,0.9460000000000001,4.890923216768007,6.436590370860647
JR,v0,0.25,0.9470000000000001,4.967257192174534,6.462380215240573
JR,v0,0.25,0.9480000000000001,5.047623866081482,6.486005475695008
JR,v0,0.25,0.9490000000000001,5.132377081970628,6.507490144712025
JR,v0,0.25,0.9500000000000001,5.221915513366466,6.52689741382286
JR,v0,0.25,0.9510000000000001,5.316536833977997,6.544305684439771
JR,v0,0.25,0.9520000000000001,5.416431310915185,6.5598173585093535
JR,v0,0.25,0.9530000000000001,5.521920604809751,6.573549732057514
JR,v0,0.25,0.9540000000000001,5.633331897548061,6.585613772888287
JR,v0,0.25,0.9550000000000001,5.750997394644992,6.596113208138071
JR,v0,0.25,0.9560000000000001,5.875254325243945,6.605170751015425
JR,v0,0.25,0.9570000000000001,6.006444942116833,6.612914549190009
JR,v0,0.25,0.9580000000000001,6.144916521664089,6.619490096049376
JR,v0,0.25,0.9590000000000001,6.2910213639146635,6.625068716961019
JR,v0,0.25,0.96,6.445004857476899,6.629839561231563
JR,v0,0.25,0.961,6.606729731534431,6.633987131816216
JR,v0,0.25,0.962,6.776543056471989,6.637690155308116
JR,v0,0.25,0.963,6.954637143654521,6.641108072129017
JR,v0,0.25,0.964,7.1409544013467405,6.644371423145841
JR,v0,0.25,0.965,7.33518733471312,6.6475927953539955
JR,v0,0.25,0.966,7.536778545817896,6.65089334116884
JR,v0,0.25,0.967,7.744920733625062,6.654386200770583
JR,v0,0.25,0.968,7.958556693998375,6.658159839682138
JR,v0,0.25,0.969,8.176425700506758,6.662326187219338
JR,v0,0.25,0.97,8.397393524233241,6.666964360621948
JR,v0,0.25,0.971,8.620276121715065,6.672102652745412
JR,v0,0.25,0.972,8.843720013702367,6.677734732059523
JR,v0,0.25,0.973,9.066205783068897,6.683835099816366
JR,v0,0.25,0.974,9.286048074812033,6.690345773682898
JR,v0,0.25,0.975,9.501395596052777,6.697191456632829
JR,v0,0.25,0.976,9.710231116035747,6.704273917923411
JR,v0,0.25,0.977,9.910371466129188,6.711471806201519
JR,v0,0.25,0.978,10.099697270259586,6.718654687077292
JR,v0,0.25,0.979,10.277004230826599,6.725694587568837
JR,v0,0.25,0.98,10.441187120446607,6.732442737027162
JR,v0,0.25,0.981,10.591166018454881,6.738756780823955
JR,v0,0.25,0.982,10.725900606258335,6.744478013737759
JR,v0,0.25,0.983,10.844390167335503,6.749424751636935
JR,v0,0.25,0.984,10.945673587236556,6.753408587727377
JR,v0,0.25,0.985,11.02882935358329,6.756205838983824
JR,v0,0.25,0.986,11.092983864934311,6.757615585822743
JR,v0,0.25,0.987,11.137799634465878,6.757490711284969
JR,v0,0.25,0.988,11.163407056862583,6.755699190102901
JR,v0,0.25,0.989,11.169920077010845,6.752092265079616
JR,v0,0.25,0.99,11.15748690391813,6.746521651272525
JR,v0,0.25,0.991,11.126290010712937,6.7388750051298825
JR,v0,0.25,0.992,11.076546134644822,6.7290808682729075
JR,v0,0.25,0.993,11.00850627708436,6.71705807533697
JR,v0,0.25,0.994,10.92245572747124,6.702771014891572
JR,v0,0.25,0.995,10.818860350215642,6.686181852181066
JR,v0,0.25,0.996,10.698528956700411,6.667281115666219
JR,v0,0.25,0.997,10.562290122561075,6.646088007219443
JR,v0,0.25,0.998,10.41096718080165,6.622663798742799
JR,v0,0.25,0.999,10.245378221794649,6.597090990251768
JR,v0,0.25,1.0,10.066336093281066,6.569474732059369
JR,v0,0.25,1.0010000000000001,9.874648400370381,6.539903374635568
JR,v0,0.25,1.002,9.671117505540634,6.508460101925516
JR,v0,0.25,1.0030000000000001,9.45655621114159,6.475267175004808
JR,v0,0.25,1.004,9.232056506828998,6.44047977024986
JR,v0,0.25,1.0050000000000001,8.998682264138283,6.404261520286362
JR,v0,0.25,1.006,8.757453724395612,6.366731095831176
JR,v0,0.25,1.0070000000000001,8.509416922630512,6.327982803854633
JR,v0,0.25,1.008,8.255643687576299,6.288092320345153
JR,v0,0.25,1.0090000000000001,7.997231641669654,6.247121171340288
JR,v0,0.25,1.01,7.735304201051051,6.205118856627701
JR,v0,0.25,1.0110000000000001,7.471010575564309,6.162143928499123
JR,v0,0.25,1.012,7.2055661025278095,6.118260877202515
JR,v0,0.25,1.0130000000000001,6.9402449493050895,6.073507846589197
JR,v0,0.25,1.014,6.676171549949029,6.027882810344462
JR,v0,0.25,1.0150000000000001,6.41451081640159,5.981345872927966
JR,v0,0.25,1.016,6.15648162241793,5.933863967696489
JR,v0,0.25,1.0170000000000001,5.903356803565938,5.885400356357931
JR,v0,0.25,1.018,5.656463157226684,5.835897353393346
JR,v0,0.25,1.0190000000000001,5.417181442593975,5.785288253746756
JR,v0,0.25,1.02,5.1869462705283365,5.733570684220792
JR,v0,0.25,1.0210000000000001,4.966896852400723,5.680756602172421
JR,v0,0.25,1.022,4.758062273438043,5.626832473762741
JR,v0,0.25,1.0230000000000001,4.5616111617011335,5.571795930946354
JR,v0,0.25,1.024,4.3785695247796,5.51565957024937
JR,v0,0.25,1.025,4.209820749791454,5.458452478093074
JR,v0,0.25,1.026,4.056105603383315,5.400178652390724
JR,v0,0.25,1.027,3.918022231730454,5.340858981725986
JR,v0,0.25,1.028,3.796026160536581,5.280540390056475
JR,v0,0.25,1.029,3.6904302950340977,5.219299620004525
JR,v0,0.25,1.03,3.601391283712644,5.15722879671202
JR,v0,0.25,1.031,3.5287797836440262,5.094421570012276
JR,v0,0.25,1.032,3.4722548240331754,5.030940482990348
JR,v0,0.25,1.033,3.4312724990864254,4.966853111252342
JR,v0,0.25,1.034,3.4050758101869256,4.902187929552913
JR,v0,0.25,1.035,3.3926946658947017,4.836954224517678
JR,v0,0.25,1.036,3.392920637890306,4.771163156108507
JR,v0,0.25,1.037,3.4042627019582525,4.704830739591981
JR,v0,0.25,1.038,3.4250780640461365,4.6379840658518425
JR,v0,0.25,1.039,3.4535892811958355,4.570637052669561
JR,v0,0.25,1.04,3.487883754848248,4.502786766314153
JR,v0,0.25,1.041,3.525878839047447,4.434436475950757
JR,v0,0.25,1.042,3.5652390936378424,4.365588812348034
JR,v0,0.25,1.043,3.6042658727383454,4.296257746695714
JR,v0,0.25,1.044,3.641443783888281,4.226453634373389
JR,v0,0.25,1.045,3.6753055544548303,4.156232886776283
JR,v0,0.25,1.046,3.7044320316331003,4.085671496702404
JR,v0,0.25,1.047,3.7274521824460614,4.014829431311239
JR,v0,0.25,1.048,3.743043093744607,3.943790739898227
JR,v0,0.25,1.049,3.750204261362409,3.8726547360962384
JR,v0,0.25,1.05,3.7491918954267938,3.8015441208132104
JR,v0,0.25,1.051,3.7405336520925303,3.730617612926508
JR,v0,0.25,1.052,3.724661028745267,3.660038127375897
JR,v0,0.25,1.053,3.701909429998688,3.5899679683324965
JR,v0,0.25,1.054,3.6725181676944665,3.5205657730099955
JR,v0,0.25,1.055,3.6366305991890275,3.452000764661997
JR,v0,0.25,1.056,3.594776412268521,3.3844559581102103
JR,v0,0.25,1.057,3.548194178192338,3.3181166086731997
JR,v0,0.25,1.058,3.497905992416907,3.253173551488636
JR,v0,0.25,1.059,3.4447378541529687,3.1898187696624696
JR,v0,0.25,1.06,3.3893196663655125,3.128224537773184
JR,v0,0.25,1.061,3.3320852357738495,3.0685381428613057
JR,v0,0.25,1.062,3.2732750479804036,3.010906452712428
JR,v0,0.25,1.063,3.2133647072557174,2.9554664065789678
JR,v0,0.25,1.064,3.152994358035908,2.9023191347507136
JR,v0,0.25,1.065,3.092581521373983,2.8515386805821223
JR,v0,0.25,1.066,3.032449104512043,2.8032155023860628
JR,v0,0.25,1.067,2.972825400881387,2.7573961296778533
JR,v0,0.25,1.068,2.9138440901023994,2.7141138383826995
JR,v0,0.25,1.069,2.8555442379846667,2.6734072289021777
JR,v0,0.25,1.07,2.797870296526863,2.635304039077298
JR,v0,0.25,1.071,2.7408954845282185,2.5997901553568634
JR,v0,0.25,1.072,2.684836777286783,2.5668132125704117
JR,v0,0.25,1.073,2.629564724466899,2.536301828851968
JR,v0,0.25,1.074,2.574984225611024,2.508183467109869
JR,v0,0.25,1.075,2.521042250174389,2.482394170122591
JR,v0,0.25,1.076,2.467727837524917,2.458857486512764
JR,v0,0.25,1.077,2.4150720969432964,2.4374872838281507
JR,v0,0.25,1.078,2.363148207622915,2.418174043242525
JR,v0,0.25,1.079,2.312071418669923,2.400792584299596
JR,v0,0.25,1.08,2.2619767764480034,2.3851955483374865
JR,v0,0.25,1.081,2.212774381847849,2.371248084176302
JR,v0,0.25,1.082,2.164298650641408,2.3588115574309234
JR,v0,0.25,1.083,2.116445828425908,2.347748147797458
JR,v0,0.25,1.084,2.0691742788294505,2.3379131467157155
JR,v0,0.25,1.085,2.022504483511103,2.3291580789371498
JR,v0,0.25,1.086,1.976519042160806,2.3213256771902206
JR,v0,0.25,1.087,1.931362672499466,2.314266222967456
JR,v0,0.25,1.088,1.8872422102788615,2.307825169195708
JR,v0,0.25,1.089,1.8444266092817347,2.3018621260166507
JR,v0,0.25,1.09,1.8030714924894955,2.296246887727823
JR,v0,0.25,1.091,1.7629684821289633,2.290871053855544
JR,v0,0.25,1.092,1.724052809737712,2.2856284364005375
JR,v0,0.25,1.093,1.6862992587385914,2.28042929133708
JR,v0,0.25,1.094,1.6497173549415933,2.2752099164701094
JR,v0,0.25,1.095,1.614351366543909,2.2699174160787354
JR,v0,0.25,1.096,1.5802803041298734,2.2645255073216615
JR,v0,0.25,1.097,1.5476179206710219,2.2590395295663295
JR,v0,0.25,1.098,1.5165127115260306,2.2534724849466072
JR,v0,0.25,1.099,1.487142847123736,2.2478294968052803
JR,v0,0.25,1.1,1.4594956746103493,2.2421367130406877
JR,v0,0.25,1.101,1.4334542308160705,2.236425521216164
JR,v0,0.25,1.102,1.4089598724592873,2.2307277580991896
JR,v0,0.25,1.103,1.385975736727528,2.2250926024839637
JR,v0,0.25,1.104,1.3644867412774193,2.219583762678822
JR,v0,0.25,1.105,1.3444995842347156,2.214254593700617
JR,v0,0.25,1.106,1.3260427441942788,2.2091593037418336
JR,v0,0.25,1.107,1.3091664802200969,2.204350068442499
JR,v0,0.25,1.108,1.2939428318452606,2.199869580046392
JR,v0,0.25,1.109,1.2804319245199371,2.19574300899819
JR,v0,0.25,1.11,1.2685230405942347,2.191993136364181
JR,v0,0.25,1.111,1.25811701563571,2.188631180875844
JR,v0,0.25,1.112,1.2491371234303106,2.1856632907687445
JR,v0,0.25,1.113,1.241522141680039,2.18309309643223
JR,v0,0.25,1.114,1.2352263520029378,2.1809244275188333
JR,v0,0.25,1.115,1.2302195399331017,2.1791596454362456
JR,v0,0.25,1.116,1.226486994920668,2.177790035247051
JR,v0,0.25,1.117,1.2240295103318202,2.1768105074934594
JR,v0,0.25,1.118,1.2228633834487912,2.1762118973752864
JR,v0,0.25,1.119,1.222995740310716,2.175975217007236
JR,v0,0.25,1.12,1.2243141379282312,2.1760775464988518
JR,v0,0.25,1.121,1.226725178054875,2.176497889737701
JR,v0,0.25,1.122,1.2301518380183465,2.177213555248857
JR,v0,0.25,1.123,1.23452748449116,2.178203149881243
JR,v0,0.25,1.124,1.2397958734906567,2.179447015971243
JR,v0,0.25,1.125,1.2459111503789932,2.180931876039578
JR,v0,0.25,1.1260000000000001,1.252837849863151,2.182649797616408
JR,v0,0.25,1.127,1.2605508959949274,2.184586144426029
JR,v0,0.25,1.1280000000000001,1.2690356021709492,2.186719589780664
JR,v0,0.25,1.129,1.2782876711326523,2.1890372224584205
JR,v0,0.25,1.1300000000000001,1.2882688095847223,2.191524367450457
JR,v0,0.25,1.131,1.298886628517356,2.1941639961520294
JR,v0,0.25,1.1320000000000001,1.3100799394020894,2.1969384081530285
JR,v0,0.25,1.133,1.3217937450071613,2.1998391726807043
JR,v0,0.25,1.1340000000000001,1.333979115332304,2.2028612906707705
JR,v0,0.25,1.135,1.3465931876087263,2.2060018182210577
JR,v0,0.25,1.1360000000000001,1.3595991662991294,2.2092633100699324
JR,v0,0.25,1.137,1.372966323097689,2.2126425864944976
JR,v0,0.25,1.1380000000000001,1.3866699969300713,2.2161335436868224
JR,v0,0.25,1.139,1.4006915939534208,2.219735543938586
JR,v0,0.25,1.1400000000000001,1.415018587556374,2.2234479454463565
JR,v0,0.25,1.141,1.4296426586758866,2.227264512391925
JR,v0,0.25,1.1420000000000001,1.4445154092393269,2.231175502524805
JR,v0,0.25,1.143,1.4595900186413475,2.2351788203729472
JR,v0,0.25,1.1440000000000001,1.474833752243896,2.2392755972146654
JR,v0,0.25,1.145,1.4902168540489873,2.243466259936932
JR,v0,0.25,1.1460000000000001,1.505712546698735,2.247757648999423
JR,v0,0.25,1.147,1.5212970314753216,2.252155875372173
JR,v0,0.25,1.1480000000000001,1.536949488301028,2.2566650480112984
JR,v0,0.25,1.149,1.5526520757382056,2.2612895167519174
JR,v0,0.25,1.1500000000000001,1.568389930989302,2.266035442217779
JR,v0,0.25,1.151,1.5841511698968356,2.270905557148942
JR,v0,0.25,1.1520000000000001,1.5999268869434227,2.2759023194349375
JR,v0,0.25,1.153,1.615711155251749,2.281031977941148
JR,v0,0.25,1.154,1.6315005823748527,2.2863028659805162
JR,v0,0.25,1.155,1.6472723616919067,2.291722417060918
JR,v0,0.25,1.156,1.6630029271549418,2.2973013907997175
JR,v0,0.25,1.157,1.67867813577329,2.303051099504
JR,v0,0.25,1.158,1.694285430280094,2.3089822752033093
JR,v0,0.25,1.159,1.7098138391323374,2.3151085323408633
JR,v0,0.25,1.16,1.725253976510818,2.321441818650423
JR,v0,0.25,1.161,1.7405980423201695,2.3279907939240503
JR,v0,0.25,1.162,1.7558398221888423,2.33476464153876
JR,v0,0.25,1.163,1.7709746874691241,2.3417744556277276
JR,v0,0.25,1.164,1.7859995952371168,2.349030719003683
JR,v0,0.25,1.165,1.800913088292762,2.356546185988973
JR,v0,0.25,1.166,1.8157152951598121,2.3643341705857206
JR,v0,0.25,1.167,1.830407930085863,2.37240881909433
JR,v0,0.25,1.168,1.844992246043395,2.380783180285107
JR,v0,0.25,1.169,1.8594534276558297,2.389469366212639
JR,v0,0.25,1.17,1.873783514182982,2.398482201665895
JR,v0,0.25,1.171,1.8879783612737189,2.407832520478781
JR,v0,0.25,1.172,1.9020349372262197,2.417528085431871
JR,v0,0.25,1.173,1.9159513229879992,2.4275739733117456
JR,v0,0.25,1.174,1.9297267121558845,2.4379734029655125
JR,v0,0.25,1.175,1.9433614109760362,2.4487321234808825
JR,v0,0.25,1.176,1.95685683834393,2.4598550749345667
JR,v0,0.25,1.177,1.970215525804373,2.4713453704357535
JR,v0,0.25,1.178,1.9834411175514886,2.483200215999946
JR,v0,0.25,1.179,1.9965377483088997,2.495412117148005
JR,v0,0.25,1.18,2.009503309459177,2.5079739645889414
JR,v0,0.25,1.181,2.0223339161641376,2.520870233176952
JR,v0,0.25,1.182,2.0350271551768717,2.5340775013392474
JR,v0,0.25,1.183,2.047581822292359,2.5475772791533475
JR,v0,0.25,1.184,2.059997922347439,2.5613486261867693
JR,v0,0.25,1.185,2.0722766692208396,2.5753632878630266
JR,v0,0.25,1.186,2.0844204858331508,2.589586607995347
JR,v0,0.25,1.187,2.0964330041468457,2.6039817479841383
JR,v0,0.25,1.188,2.1083190651662664,2.6185113009612353
JR,v0,0.25,1.189,2.120084718937634,2.633131652153838
JR,v0,0.25,1.19,2.1317366728571083,2.647795872192167
JR,v0,0.25,1.191,2.1432747091364366,2.6624669740714997
JR,v0,0.25,1.192,2.154694245994244,2.677110787030768
JR,v0,0.25,1.193,2.1659921674855194,2.6916901339913464
JR,v0,0.25,1.194,2.1771669048183737,2.706164822560281
JR,v0,0.25,1.195,2.1882184363540627,2.720491881534676
JR,v0,0.25,1.196,2.1991482876069646,2.734633569909077
JR,v0,0.25,1.197,2.2099595312446008,2.748553776373255
JR,v0,0.25,1.198,2.220656787087617,2.762218130669812
JR,v0,0.25,1.199,2.2312462221097995,2.77559522070324
JR,v0,0.25,1.2,2.241735550438062,2.788666273852769
JR,v0,0.25,1.201,2.252134033352459,2.801413898562986
JR,v0,0.25,1.202,2.2624463696698935,2.813821128653381
JR,v0,0.25,1.203,2.272665761100712,2.825870618097767
JR,v0,0.25,1.204,2.282787807655383,2.837548116101326
JR,v0,0.25,1.205,2.2928098059192354,2.848844529988097
JR,v0,0.25,1.206,2.3027307375005677,2.8597520707300323
JR,v0,0.25,1.207,2.3125512690306587,2.8702632745675087
JR,v0,0.25,1.208,2.3222737521637504,2.8803766823863075
JR,v0,0.25,1.209,2.3319022235770714,2.890099052840655
JR,v0,0.25,1.21,2.341442404970812,2.8994355736160786
JR,v0,0.25,1.211,2.350901703068144,2.9083921092212432
JR,v0,0.25,1.212,2.360289209615209,2.9169765331641044
JR,v0,0.25,1.213,2.369614907987916,2.925201056972379
JR,v0,0.25,1.214,2.378876169038802,2.933078370127016
JR,v0,0.25,1.215,2.388066277585456,2.9406214192578712
JR,v0,0.25,1.216,2.397181422705026,2.947844807132622
JR,v0,0.25,1.217,2.406219491865923,2.954768376810813
JR,v0,0.25,1.218,2.4151800709278106,2.961411964188222
JR,v0,0.25,1.219,2.424064444141615,2.9677947545870507
JR,v0,0.25,1.22,2.4328755941495146,2.973938004589889
JR,v0,0.25,1.221,2.4416182019849524,2.9798692998538017
JR,v0,0.25,1.222,2.45029864707262,2.985616867998599
JR,v0,0.25,1.223,2.4589250072284767,2.991204653472607
JR,v0,0.25,1.224,2.4675070586597294,2.9966555510686472
JR,v0,0.25,1.225,2.4760519179779608,3.0019936576066772
JR,v0,0.25,1.226,2.484552167803179,3.0072413054627614
JR,v0,0.25,1.227,2.493002613460934,3.012421727331796
JR,v0,0.25,1.228,2.501400001025567,3.0175581263484235
JR,v0,0.25,1.229,2.509742763412285,3.022675540209256
JR,v0,0.25,1.23,2.5180310203771517,3.0277993181816947
JR,v0,0.25,1.231,2.5262665785170904,3.0329545186689137
JR,v0,0.25,1.232,2.5344529312698816,3.0381648595517508
JR,v0,0.25,1.233,2.542595258914172,3.0434548966856694
JR,v0,0.25,1.234,2.550700428569459,3.048845150243216
JR,v0,0.25,1.235,2.5587769941961054,3.054352282271298
JR,v0,0.25,1.236,2.566835181711598,3.0599960252365634
JR,v0,0.25,1.237,2.5748772699662736,3.0658003413832886
JR,v0,0.25,1.238,2.58289520057648,3.0717934133838707
JR,v0,0.25,1.239,2.590884551225477,3.078000707279717
JR,v0,0.25,1.24,2.5988425661654966,3.084440149468902
JR,v0,0.25,1.241,2.6067681562177554,3.09112795919891
JR,v0,0.25,1.242,2.61466189877244,3.098077650550834
JR,v0,0.25,1.243,2.622526037788721,3.105296982098863
JR,v0,0.25,1.244,2.6303644837947404,3.112784981115943
JR,v0,0.25,1.245,2.6381828138876227,3.120541567145436
JR,v0,0.25,1.246,2.645988271733465,3.12857199577394
JR,v0,0.25,1.247,2.6537897675673463,3.1368758412022486
JR,v0,0.25,1.248,2.6615974067221977,3.1454469737384887
JR,v0,0.25,1.249,2.6694094467110916,3.154273296501564
JR,v0,0.25,1.25,2.6772187107509673,3.1633368543255296
JR,v0,0.25,1.2510000000000001,2.6850212389898664,3.1726129764956807
JR,v0,0.25,1.252,2.692814739047761,3.182068677884897
JR,v0,0.25,1.2530000000000001,2.700598586016571,3.1916648988141008
JR,v0,0.25,1.254,2.708373822460144,3.2013634176194126
JR,v0,0.25,1.2550000000000001,2.7161431584142766,3.211137607733444
JR,v0,0.25,1.256,2.7239109713866956,3.220963902659093
JR,v0,0.25,1.2570000000000001,2.731683306357073,3.230818741013837
JR,v0,0.25,1.258,2.739467875777013,3.240676190506065
JR,v0,0.25,1.2590000000000001,2.7472740595700635,3.250508840182787
JR,v0,0.25,1.26,2.755111474894089,3.260294957119519
JR,v0,0.25,1.2610000000000001,2.7629757852812444,3.2700116317302577
JR,v0,0.25,1.262,2.77086074968346,3.279645416065421
JR,v0,0.25,1.2630000000000001,2.7787628449573556,3.2891996594418527
JR,v0,0.25,1.264,2.7866802687908034,3.298679514261499
JR,v0,0.25,1.2650000000000001,2.794612939702939,3.3080925987632486
JR,v0,0.25,1.266,2.8025624970441454,3.3174562357752357
JR,v0,0.25,1.2670000000000001,2.81053230099607,3.326792637775674
JR,v0,0.25,1.268,2.8185274325716114,3.336125285360992
JR,v0,0.25,1.2690000000000001,2.826554693614929,3.3454854311600304
JR,v0,0.25,1.27,2.8346226068014335,3.354903271967316
JR,v0,0.25,1.2710000000000001,2.8427414156378004,3.364415665608613
JR,v0,0.25,1.272,2.8509201047103754,3.3740725548391395
JR,v0,0.25,1.2730000000000001,2.8591526559097247,3.383925588906405
JR,v0,0.25,1.274,2.8674336415291695,3.3940211855207
JR,v0,0.25,1.2750000000000001,2.8757599859567806,3.4043996613705816
JR,v0,0.25,1.276,2.884130484620459,3.415102077419753
JR,v0,0.25,1.2770000000000001,2.892545803987945,3.426168219611839
JR,v0,0.25,1.278,2.9010084815668096,3.43764563317625
JR,v0,0.25,1.2790000000000001,2.9095229259044646,3.4495855679674774
JR,v0,0.25,1.28,2.9180954165881494,3.4620374349665344
JR,v0,0.25,1.281,2.926734104244944,3.475046752108849
JR,v0,0.25,1.282,2.9354490105417654,3.4886536417673426
JR,v0,0.25,1.283,2.9442520281853564,3.502896928885609
JR,v0,0.25,1.284,2.9531513175557524,3.5178179806653014
JR,v0,0.25,1.285,2.9621397119071737,3.5334582621802086
JR,v0,0.25,1.286,2.971212464734559,3.5498589078659823
JR,v0,0.25,1.287,2.980367116936561,3.567063381327025
JR,v0,0.25,1.288,2.98960337849563,3.5851200767444245
JR,v0,0.25,1.289,2.99892312847799,3.6040744799738182
JR,v0,0.25,1.29,3.008330415033658,3.6239645001719962
JR,v0,0.25,1.291,3.0178314553964314,3.6448322722065623
JR,v0,0.25,1.292,3.027434635883897,3.666734555242591
JR,v0,0.25,1.293,3.037150511897423,3.689722516395774
JR,v0,0.25,1.294,3.0469918079221685,3.7138338375250406
JR,v0,0.25,1.295,3.056973388715945,3.739107370095435
JR,v0,0.25,1.296,3.0671012491193945,3.765580963985119
JR,v0,0.25,1.297,3.077367907605599,3.7932876900068107
JR,v0,0.25,1.298,3.0877694006927365,3.8222555624774657
JR,v0,0.25,1.299,3.0983044646440527,3.8524931196941044
JR,v0,0.25,1.3,3.108974535467876,3.884021819856031
JR,v0,0.25,1.301,3.1197837489176012,3.9168614099218053
JR,v0,0.25,1.302,3.13073894049171,3.9510268282362393
JR,v0,0.25,1.303,3.141849645433744,3.986520629710354
JR,v0,0.25,1.304,3.1531280987323362,4.023340178403198
JR,v0,0.25,1.305,3.1645892351211793,4.061487165642819
JR,v0,0.25,1.306,3.1762506890790565,4.100947263668132
JR,v0,0.25,1.307,3.1881314358223216,4.141703174347297
JR,v0,0.25,1.308,3.200232548793597,4.18370478829028
JR,v0,0.25,1.309,3.21254753322014,4.226892087402975
JR,v0,0.25,1.31,3.2250742045149465,4.271217265369723
JR,v0,0.25,1.311,3.2378140166262894,4.316615447910724
JR,v0,0.25,1.312,3.25077206203774,4.363016399374041
JR,v0,0.25,1.313,3.2639570717681448,4.41034898788106
JR,v0,0.25,1.314,3.2773814153716536,4.458526056264372
JR,v0,0.25,1.315,3.291061100937691,4.507438260322487
JR,v0,0.25,1.316,3.3050157750909803,4.556949895818018
JR,v0,0.25,1.317,3.3192687229915236,4.60690473409464
JR,v0,0.25,1.318,3.3338468683346205,4.657138455962335
JR,v0,0.25,1.319,3.3487695424618473,4.7074888171948785
JR,v0,0.25,1.32,3.3640312014825984,4.757782067074191
JR,v0,0.25,1.321,3.3796291831077863,4.807858926981766
JR,v0,0.25,1.322,3.3955661865410627,4.857566253607736
JR,v0,0.25,1.323,3.4118502664059234,4.906734784373803
JR,v0,0.25,1.324,3.428494832745735,4.9551949041270005
JR,v0,0.25,1.325,3.4455186510237086,5.002760928280459
JR,v0,0.25,1.326,3.4629458421229273,5.049249096611891
JR,v0,0.25,1.327,3.480805882346317,5.094521212365897
JR,v0,0.25,1.328,3.4991336034166762,5.13845549493259
JR,v0,0.25,1.329,3.517969192476646,5.18094803538154
JR,v0,0.25,1.33,3.5373508860925207,5.221924155915032
JR,v0,0.25,1.331,3.557281669109946,5.261306532355142
JR,v0,0.25,1.332,3.577760343604277,5.299017108204871
JR,v0,0.25,1.333,3.598794507233678,5.334984136077042
JR,v0,0.25,1.334,3.6204004120375513,5.36915134651135
JR,v0,0.25,1.335,3.642602964436497,5.401488007977601
JR,v0,0.25,1.336,3.6654357252323524,5.432000135617561
JR,v0,0.25,1.337,3.6889409096081542,5.460695215265885
JR,v0,0.25,1.338,3.713169387128177,5.487619301245274
JR,v0,0.25,1.339,3.738180681737892,5.512821823417453
JR,v0,0.25,1.34,3.7640429717640096,5.536348637638891
JR,v0,0.25,1.341,3.79081916769861,5.558251864209755
JR,v0,0.25,1.342,3.8185201401334132,5.578576272441979
JR,v0,0.25,1.343,3.847154613187249,5.597369247929307
JR,v0,0.25,1.344,3.8767466259688512,5.614704357918235
JR,v0,0.25,1.345,3.9073355072156373,5.630663189339479
JR,v0,0.25,1.346,3.9389758752937594,5.645335689813761
JR,v0,0.25,1.347,3.971737638198052,5.658816826816013
JR,v0,0.25,1.348,4.0057059935520885,5.671187955406167
JR,v0,0.25,1.349,4.040981428608121,5.682534186101924
JR,v0,0.25,1.35,4.077679720247143,5.692927326020421
JR,v0,0.25,1.351,4.115929578600616,5.702430724273186
JR,v0,0.25,1.352,4.15580807230057,5.7111207724128725
JR,v0,0.25,1.353,4.197339802059839,5.719064748351894
JR,v0,0.25,1.354,4.24057362291035,5.726320520512008
JR,v0,0.25,1.355,4.28558679676272,5.7329506589999175
JR,v0,0.25,1.356,4.332484992406344,5.739024811209752
JR,v0,0.25,1.357,4.381402285509301,5.744602757899284
JR,v0,0.25,1.358,4.432501158618453,5.749745593738158
JR,v0,0.25,1.359,4.485972501159347,5.754519761621359
JR,v0,0.25,1.36,4.54203560943631,5.758996975453697
JR,v0,0.25,1.361,4.60093267118506,5.763256790613021
JR,v0,0.25,1.362,4.662817821026161,5.767349637013292
JR,v0,0.25,1.363,4.727782577143567,5.7713426891387805
JR,v0,0.25,1.364,4.795961877493517,5.775313942654439
JR,v0,0.25,1.365,4.867536383210325,5.77932704042944
JR,v0,0.25,1.366,4.942732478606498,5.7834544523917994
JR,v0,0.25,1.367,5.021822271172607,5.787784767923482
JR,v0,0.25,1.368,5.105123591577424,5.792404966273595
JR,v0,0.25,1.369,5.192999993667786,5.797380764788938
JR,v0,0.25,1.37,5.285860754468729,5.802764304890742
JR,v0,0.25,1.371,5.384028487652727,5.808587740977143
JR,v0,0.25,1.372,5.487682581948011,5.814860261932236
JR,v0,0.25,1.373,5.597171349028231,5.821616277677061
JR,v0,0.25,1.374,5.712838884053624,5.828879375376544
JR,v0,0.25,1.375,5.835021342338621,5.836670407042004
JR,v0,0.25,1.3760000000000001,5.964046939352044,5.845004172263457
JR,v0,0.25,1.377,6.100235950716888,5.853866401580121
JR,v0,0.25,1.3780000000000001,6.243900712210557,5.863198099308372
JR,v0,0.25,1.379,6.395345619764619,5.87292721163444
JR,v0,0.25,1.3800000000000001,6.554798139382716,5.882978867625702
JR,v0,0.25,1.381,6.7220651038050345,5.893278532281156
JR,v0,0.25,1.3820000000000001,6.897394918972182,5.903725838572562
JR,v0,0.25,1.383,7.08091155989762,5.914206321911559
JR,v0,0.25,1.3840000000000001,7.272472136253628,5.924597691081797
JR,v0,0.25,1.385,7.471666892370986,5.9347536111346555
JR,v0,0.25,1.3860000000000001,7.677819207239305,5.944484516603703
JR,v0,0.25,1.387,7.889985594506685,5.953611774144344
JR,v0,0.25,1.3880000000000001,8.10695570248007,5.961953132425788
JR,v0,0.25,1.389,8.327310149243925,5.969322147204038
JR,v0,0.25,1.3900000000000001,8.549809563730948,5.975519869765237
JR,v0,0.25,1.391,8.7731650641085,5.980373615041076
JR,v0,0.25,1.3920000000000001,8.995938907367186,5.983734010447069
JR,v0,0.25,1.393,9.216552745476285,5.985472035344445
JR,v0,0.25,1.3940000000000001,9.433287625384153,5.985462106669395
JR,v0,0.25,1.395,9.644283989017824,5.98355910463441
JR,v0,0.25,1.3960000000000001,9.847541673283398,5.979628302092462
JR,v0,0.25,1.397,10.040919910065668,5.973596327778377
JR,v0,0.25,1.3980000000000001,10.222410789092446,5.965464651419451
JR,v0,0.25,1.399,10.390914494635286,5.955271081824302
JR,v0,0.25,1.4000000000000001,10.545406143237418,5.94306220045457
JR,v0,0.25,1.401,10.684896589181669,5.928883223200183
JR,v0,0.25,1.4020000000000001,10.808440374133596,5.912778640819462
JR,v0,0.25,1.403,10.915135727141243,5.894775415771918
JR,v0,0.25,1.4040000000000001,11.004124564635351,5.874948356057638
JR,v0,0.25,1.405,11.074592490429168,5.853435307609252
JR,v0,0.25,1.4060000000000001,11.125789282908475,5.8303805110035425
JR,v0,0.25,1.407,11.157546538633149,5.8059511294798485
JR,v0,0.25,1.408,11.170061080580268,5.780310938065969
JR,v0,0.25,1.409,11.163519952953726,5.753604665697784
JR,v0,0.25,1.41,11.13814111856426,5.725957887226085
JR,v0,0.25,1.411,11.094173458829426,5.697504661271377
JR,v0,0.25,1.412,11.031896773773646,5.66839700760408
JR,v0,0.25,1.413,10.951621782028127,5.638790544902039
JR,v0,0.25,1.414,10.853690952848233,5.608838137223384
JR,v0,0.25,1.415,10.738653555981147,5.578680063491255
JR,v0,0.25,1.416,10.607360749140923,5.5484358039514525
JR,v0,0.25,1.417,10.46066940230238,5.518196832925466
JR,v0,0.25,1.418,10.29943016260986,5.4880463578596475
JR,v0,0.25,1.419,10.124487454376977,5.4580538461072
JR,v0,0.25,1.42,9.936679479086887,5.428285729994964
JR,v0,0.25,1.421,9.736838215392005,5.398805926221615
JR,v0,0.25,1.422,9.525789419114304,5.3696545216272815
JR,v0,0.25,1.423,9.30437411415742,5.34084759735565
JR,v0,0.25,1.424,9.073721683651192,5.312392668573782
JR,v0,0.25,1.425,8.834894193826875,5.284284965179115
JR,v0,0.25,1.426,8.588917114758278,5.2565049081597985
JR,v0,0.25,1.427,8.336846880748784,5.229057658548937
JR,v0,0.25,1.428,8.079770890331812,5.2019715702524865
JR,v0,0.25,1.429,7.818807506270355,5.175270106078211
JR,v0,0.25,1.43,7.555106055557461,5.148962243610639
JR,v0,0.25,1.431,7.289846829415735,5.1230620060682215
JR,v0,0.25,1.432,7.024261254532954,5.097590876243222
JR,v0,0.25,1.433,6.759635521362947,5.072555635604618
JR,v0,0.25,1.434,6.497122798675436,5.047985922518103
JR,v0,0.25,1.435,6.23790168163616,5.023912471266801
JR,v0,0.25,1.436,5.98319582200892,5.000384156346936
JR,v0,0.25,1.437,5.734273928155115,4.977454106274162
JR,v0,0.25,1.438,5.492449765034202,4.955157244765122
JR,v0,0.25,1.439,5.259082154203249,4.933511491428872
JR,v0,0.25,1.44,5.035574973817347,4.912517985322401
JR,v0,0.25,1.441,4.823099424272765,4.892158643230803
JR,v0,0.25,1.442,4.622589655997871,4.872411627157904
JR,v0,0.25,1.443,4.435153976057087,4.853260677644306
JR,v0,0.25,1.444,4.2617489609601975,4.8346754668940575
JR,v0,0.25,1.445,4.103177258676315,4.816617999425565
JR,v0,0.25,1.446,3.960087588634206,4.799034921511196
JR,v0,0.25,1.447,3.832974741722005,4.78183180570482
JR,v0,0.25,1.448,3.7221795802874666,4.7648951345808115
JR,v0,0.25,1.449,3.6278890381377487,4.7481079536104325
JR,v0,0.25,1.45,3.550110063600002,4.7313527347005415
JR,v0,0.25,1.451,3.4885560767281767,4.714524402215966
JR,v0,0.25,1.452,3.4427368457363663,4.697525636339418
JR,v0,0.25,1.453,3.411954961655603,4.680230616158622
JR,v0,0.25,1.454,3.3953024900741333,4.662479341677573
JR,v0,0.25,1.455,3.391660971137348,4.644111965491696
JR,v0,0.25,1.456,3.399661736070481,4.624975485324306
JR,v0,0.25,1.457,3.417668004108812,4.604933491764065
JR,v0,0.25,1.458,3.443929852869008,4.5838489164634675
JR,v0,0.25,1.459,3.4765878146633433,4.561564471995205
JR,v0,0.25,1.46,3.513672719855176,4.537919523771773
JR,v0,0.25,1.461,3.553085235854251,4.5127708723275415
JR,v0,0.25,1.462,3.5925892991197017,4.486014966803723
JR,v0,0.25,1.463,3.6305430565489445,4.4575584318574215
JR,v0,0.25,1.464,3.6654979858960495,4.427309971183746
JR,v0,0.25,1.465,3.6960766780742347,4.395217756116001
JR,v0,0.25,1.466,3.7209728371558057,4.361228543718906
JR,v0,0.25,1.467,3.738951280372195,4.32529581137859
JR,v0,0.25,1.468,3.7488803314569665,4.28741887347541
JR,v0,0.25,1.469,3.7504869460624377,4.247619944807608
JR,v0,0.25,1.47,3.7442698246433928,4.205944419978398
JR,v0,0.25,1.471,3.730677659371173,4.162476403856222
JR,v0,0.25,1.472,3.710074081870463,4.1173370165895
JR,v0,0.25,1.473,3.6827376632192728,4.07067487339409
JR,v0,0.25,1.474,3.6488619139489717,4.022637400023461
JR,v0,0.25,1.475,3.6087761685840576,3.9733621020001397
JR,v0,0.25,1.476,3.563622851049912,3.9230108269014115
JR,v0,0.25,1.477,3.514484582443165,3.871773807508441
JR,v0,0.25,1.478,3.462240196719865,3.819854564655628
JR,v0,0.25,1.479,3.4075712047922337,3.7674555348450474
JR,v0,0.25,1.48,3.3509617945287467,3.7147927592237995
JR,v0,0.25,1.481,3.2926988307540643,3.662056598474754
JR,v0,0.25,1.482,3.233109490634874,3.6094359200983392
JR,v0,0.25,1.483,3.172904780112276,3.5571309623921263
JR,v0,0.25,1.484,3.1125385929560867,3.5053345105322227
JR,v0,0.25,1.485,3.0523629156998116,3.454224158849222
JR,v0,0.25,1.486,2.9926342137755952,3.403965695008399
JR,v0,0.25,1.487,2.933513431514136,3.3546981474902733
JR,v0,0.25,1.488,2.875065992144769,3.3065445914730907
JR,v0,0.25,1.489,2.8172617977953855,3.259614910885741
JR,v0,0.25,1.49,2.7600788109296417,3.214026528925796
JR,v0,0.25,1.491,2.7038026520855496,3.1698876043488946
JR,v0,0.25,1.492,2.6483426499438103,3.1272901343430743
JR,v0,0.25,1.493,2.5935938264135583,3.086318098904889
JR,v0,0.25,1.494,2.5394927767089346,3.0470189563925163
JR,v0,0.25,1.495,2.486017669348982,3.009427298926927
JR,v0,0.25,1.496,2.433188246157746,2.9735605252099955
JR,v0,0.25,1.497,2.3810658222641763,2.939424501840837
JR,v0,0.25,1.498,2.3297532861022177,2.9070175627679866
JR,v0,0.25,1.499,2.279392595805687,2.876348075558822
JR,v0,0.25,1.5,2.2299668263066224,2.8474299129469163
JR,v0,0.25,1.5010000000000001,2.181300883386154,2.8202655316658056
JR,v0,0.25,1.502,2.1332743752056906,2.7948204919265787
JR,v0,0.25,1.5030000000000001,2.085829132350428,2.7710335102697963
JR,v0,0.25,1.504,2.0389692078294406,2.748847317569849
JR,v0,0.25,1.5050000000000001,1.9927608770755967,2.7282161177311246
JR,v0,0.25,1.506,1.9473326379456353,2.7091176809664876
JR,v0,0.25,1.5070000000000001,1.9028752107200955,2.691523765911642
JR,v0,0.25,1.508,1.859641538103391,2.675374825366917
JR,v0,0.25,1.5090000000000001,1.8178701131732637,2.660596259425041
JR,v0,0.25,1.51,1.777388796209852,2.6471190816923076
JR,v0,0.25,1.5110000000000001,1.7381010417919658,2.6348690782598614
JR,v0,0.25,1.512,1.6999726018545438,2.6237715573407256
JR,v0,0.25,1.5130000000000001,1.6630040865768132,2.6137689670128488
JR,v0,0.25,1.514,1.627230964382357,2.604793801524471
JR,v0,0.25,1.5150000000000001,1.5927235619390512,2.5967728674482387
JR,v0,0.25,1.516,1.5595870641591185,2.589634984221224
JR,v0,0.25,1.5170000000000001,1.52796151419908,2.583308122597385
JR,v0,0.25,1.518,1.4980218134598013,2.577705800380723
JR,v0,0.25,1.5190000000000001,1.4698386600766833,2.5727604920322817
JR,v0,0.25,1.52,1.4432771078812525,2.5684318694682515
JR,v0,0.25,1.5210000000000001,1.4182729086929449,2.5646829145389374
JR,v0,0.25,1.522,1.3947838719574923,2.561477531760842
JR,v0,0.25,1.5230000000000001,1.3727896377030726,2.5587690327066728
JR,v0,0.25,1.524,1.3522916765403448,2.5564985154759188
JR,v0,0.25,1.5250000000000001,1.3333132896624162,2.5546011250669727
JR,v0,0.25,1.526,1.3158996088448722,2.5530422763733545
JR,v0,0.25,1.5270000000000001,1.300117596445749,2.5517871214425436
JR,v0,0.25,1.528,1.2860457399396275,2.5507957228698697
JR,v0,0.25,1.5290000000000001,1.273611910813882,2.5500291980842635
JR,v0,0.25,1.53,1.2627040728632952,2.549441103888895
JR,v0,0.25,1.5310000000000001,1.2532416851759463,2.5489669338280754
JR,v0,0.25,1.532,1.2451597459478752,2.5485410584848363
JR,v0,0.25,1.5330000000000001,1.2384087924830665,2.548105916133683
JR,v0,0.25,1.534,1.232954901193465,2.54763024732801
JR,v0,0.25,1.5350000000000001,1.2287796875989612,2.5470765306287264
JR,v0,0.25,1.536,1.2258803063274053,2.546412269060479
JR,v0,0.25,1.537,1.2242694511145933,2.5456043874761582
JR,v0,0.25,1.538,1.2239676404089117,2.5446256003330605
JR,v0,0.25,1.539,1.2248871450899843,2.543468895032655
JR,v0,0.25,1.54,1.2269237418285641,2.5421445943242382
JR,v0,0.25,1.541,1.229997741703138,2.540676705717301
JR,v0,0.25,1.542,1.2340398766232612,2.539079736868645
JR,v0,0.25,1.543,1.2389912993295384,2.5373598782941307
JR,v0,0.25,1.544,1.244803583393642,2.5355213861642083
JR,v0,0.25,1.545,1.2514387232183006,2.5335768155728022
JR,v0,0.25,1.546,1.2588691340373028,2.5315484397610892
JR,v0,0.25,1.547,1.2670776519154945,2.5294680000869034
JR,v0,0.25,1.548,1.276057533748788,2.527365432206189
JR,v0,0.25,1.549,1.2857899850588188,2.525272850400663
JR,v0,0.25,1.55,1.296182011686886,2.523206550870663
JR,v0,0.25,1.551,1.3071677685838345,2.5211752451563205
JR,v0,0.25,1.552,1.3186906066728223,2.5191892173392874
JR,v0,0.25,1.553,1.3306999703069655,2.517252706553048
JR,v0,0.25,1.554,1.3431513972693487,2.5153649419112254
JR,v0,0.25,1.555,1.3560065187730137,2.5135342036690655
JR,v0,0.25,1.556,1.3692330594609805,2.5117618353039295
JR,v0,0.25,1.557,1.3828048374062192,2.510040564820691
JR,v0,0.25,1.558,1.3967017641116746,2.5083619709129814
JR,v0,0.25,1.559,1.4109098445102468,2.5067238005471992
JR,v0,0.25,1.56,1.4254211611423848,2.5051248213786916
JR,v0,0.25,1.561,1.4402002368143973,2.5035648133710597
JR,v0,0.25,1.562,1.455192399522372,2.5020463429184345
JR,v0,0.25,1.563,1.470364026123307,2.500572164471975
JR,v0,0.25,1.564,1.485684488596375,2.4991407654813167
JR,v0,0.25,1.565,1.5011261540429066,2.497753998776876
JR,v0,0.25,1.566,1.5166643846864107,2.496414752466324
JR,v0,0.25,1.567,1.5322775378725475,2.49513256064531
JR,v0,0.25,1.568,1.5479469660691616,2.4939339330005317
JR,v0,0.25,1.569,1.5636570168662471,2.492846234556162
JR,v0,0.25,1.57,1.5793950329759805,2.4918956711700484
JR,v0,0.25,1.571,1.5951513522326897,2.4911065216816883
JR,v0,0.25,1.572,1.6109193075928845,2.4905038026888118
JR,v0,0.25,1.573,1.626695227135226,2.4901102578846963
JR,v0,0.25,1.574,1.6424631771267482,2.4899583046511613
JR,v0,0.25,1.575,1.6581950016653173,2.490082961009463
JR,v0,0.25,1.576,1.6738760719272943,2.490522401146259
JR,v0,0.25,1.577,1.689493381252599,2.491313773150033
JR,v0,0.25,1.578,1.7050355106326642,2.492492145660341
JR,v0,0.25,1.579,1.7204926287104079,2.4940853661256495
JR,v0,0.25,1.58,1.7358564917802592,2.496121936947171
JR,v0,0.25,1.581,1.7511204437881323,2.498624361099332
JR,v0,0.25,1.582,1.7662794163314537,2.501618178048844
JR,v0,0.25,1.583,1.781329928659134,2.5051199938511832
JR,v0,0.25,1.584,1.7962700876715973,2.509143551792677
JR,v0,0.25,1.585,1.8110995879207512,2.513699181349371
JR,v0,0.25,1.586,1.825819711610015,2.5187954708299953
JR,v0,0.25,1.587,1.840432860241605,2.5244334605981065
JR,v0,0.25,1.588,1.8549271642191392,2.530612409798831
JR,v0,0.25,1.589,1.869292014981946,2.5373283090927914
JR,v0,0.25,1.59,1.8835229892138834,2.5445682399961145
JR,v0,0.25,1.591,1.897616772269274,2.5523161502819884
JR,v0,0.25,1.592,1.9115711581729289,2.560547407607514
JR,v0,0.25,1.593,1.925385049620124,2.5692335778557713
JR,v0,0.25,1.594,1.9390584579766257,2.5783425934747664
JR,v0,0.25,1.595,1.9525925032786633,2.5878412902387202
JR,v0,0.25,1.596,1.9659894142329586,2.5976916253293503
JR,v0,0.25,1.597,1.9792525282166964,2.6078494692430523
JR,v0,0.25,1.598,1.9923861404030396,2.618270325325726
JR,v0,0.25,1.599,2.005389820595646,2.628911360762838
JR,v0,0.25,1.6,2.0182593741244768,2.639726807347131
JR,v0,0.25,1.601,2.0309921168705496,2.6506660177613584
JR,v0,0.25,1.602,2.0435865691748902,2.6616739845755295
JR,v0,0.25,1.603,2.056042455838506,2.672699569993163
JR,v0,0.25,1.604,2.068360706122411,2.6836962346802937
JR,v0,0.25,1.605,2.0805434537476017,2.6946216515545673
JR,v0,0.25,1.606,2.092594036895083,2.7054410865526264
JR,v0,0.25,1.607,2.104516998205842,2.7161248005369565
JR,v0,0.25,1.608,2.116318084780872,2.726638867801021
JR,v0,0.25,1.609,2.128004114584562,2.736948976642469
JR,v0,0.25,1.61,2.1395770143801287,2.747024098343834
JR,v0,0.25,1.611,2.151032236428992,2.7568377898711947
JR,v0,0.25,1.612,2.162366328496154,2.766378610625507
JR,v0,0.25,1.613,2.1735773827412537,2.775638211277829
JR,v0,0.25,1.614,2.184665035718601,2.7846079166772553
JR,v0,0.25,1.615,2.1956304683771424,2.793277240990172
JR,v0,0.25,1.616,2.206476406060493,2.801644913670625
JR,v0,0.25,1.617,2.2172071185069093,2.8097202166384805
JR,v0,0.25,1.618,2.22782841984931,2.8175170757376087
JR,v0,0.25,1.619,2.2383476686152615,2.8250491429217095
JR,v0,0.25,1.62,2.248773767726988,2.832332011950376
JR,v0,0.25,1.621,2.2591139254172816,2.839380111460448
JR,v0,0.25,1.622,2.2693624060477933,2.846205419355416
JR,v0,0.25,1.623,2.2795142220024376,2.852825374047733
JR,v0,0.25,1.624,2.2895663017882666,2.8592591354980175
JR,v0,0.25,1.625,2.2995172574161433,2.865524887574262
JR,v0,0.25,1.6260000000000001,2.309367384400765,2.87164172929656
JR,v0,0.25,1.627,2.3191186617606436,2.8776259039990197
JR,v0,0.25,1.6280000000000001,2.328774752018122,2.8834921730783494
JR,v0,0.25,1.629,2.3383410011993604,2.88925662402293
JR,v0,0.25,1.6300000000000001,2.347824438834347,2.894934255345392
JR,v0,0.25,1.631,2.3572337779568904,2.9005369247455777
JR,v0,0.25,1.6320000000000001,2.366579311152912,2.9060722034048756
JR,v0,0.25,1.633,2.3758621031649394,2.91154659210121
JR,v0,0.25,1.6340000000000001,2.385074640339263,2.9169701831533046
JR,v0,0.25,1.635,2.394212741841441,2.922352977333261
JR,v0,0.25,1.6360000000000001,2.4032739241670917,2.9277063826582523
JR,v0,0.25,1.637,2.412257401141872,2.9330456910547342
JR,v0,0.25,1.6380000000000001,2.4211640839215005,2.9383869825533595
JR,v0,0.25,1.639,2.429996580991735,2.943744272622338
JR,v0,0.25,1.6400000000000001,2.438759198168391,2.9491329354012534
JR,v0,0.25,1.641,2.447457938597327,2.954567655241054
JR,v0,0.25,1.6420000000000001,2.456100502754459,2.9600650376534703
JR,v0,0.25,1.643,2.464696288445745,2.965647801841939
JR,v0,0.25,1.6440000000000001,2.4732544011680995,2.9713405695862374
JR,v0,0.25,1.645,2.4817695422460013,2.977167277946515
JR,v0,0.25,1.6460000000000001,2.4902356403680592,2.9831520194608068
JR,v0,0.25,1.647,2.498649072939698,2.9893195973311424
JR,v0,0.25,1.6480000000000001,2.5070079037773154,2.99569049612153
JR,v0,0.25,1.649,2.5153118831082613,3.0022816129576633
JR,v0,0.25,1.6500000000000001,2.5235624475708605,3.009111663471324
JR,v0,0.25,1.651,2.531762720214393,3.0162052348052093
JR,v0,0.25,1.6520000000000001,2.539917510499108,3.0235850090917853
JR,v0,0.25,1.653,2.548033314296214,3.0312706134700007
JR,v0,0.25,1.6540000000000001,2.5561183138878882,3.0392783806835872
JR,v0,0.25,1.655,2.564182377967264,3.047620562697735
JR,v0,0.25,1.6560000000000001,2.57223148167214,3.0563038922585304
JR,v0,0.25,1.657,2.5802575634649414,3.065333210702426
JR,v0,0.25,1.6580000000000001,2.58825570428904,3.0747129133344426
JR,v0,0.25,1.659,2.596222783347925,3.084448565904624
JR,v0,0.25,1.6600000000000001,2.604157346127545,3.0945406550800896
JR,v0,0.25,1.661,2.6120596043963067,3.104989145362581
JR,v0,0.25,1.6620000000000001,2.6199314362050776,3.115800529095026
JR,v0,0.25,1.663,2.627776385887179,3.126979299607308
JR,v0,0.25,1.6640000000000001,2.6355996640583967,3.13852605559989
JR,v0,0.25,1.665,2.643408147616971,3.1504375836502607
JR,v0,0.25,1.666,2.6512103797436026,3.162706676348803
JR,v0,0.25,1.667,2.659016552154331,3.175323398295258
JR,v0,0.25,1.668,2.6668288189899876,3.1882903114611363
JR,v0,0.25,1.669,2.674639195196099,3.2016154783234505
JR,v0,0.25,1.67,2.6824433557548235,3.2153068806835403
JR,v0,0.25,1.671,2.6902386425630604,3.229368773987235
JR,v0,0.25,1.672,2.698024064432432,3.2438059061111786
JR,v0,0.25,1.673,2.7058002970893016,3.2586248329679237
JR,v0,0.25,1.674,2.7135696831747564,3.273839133769891
JR,v0,0.25,1.675,2.7213362322446235,3.289470631129043
JR,v0,0.25,1.676,2.729105620769455,3.305538078060074
JR,v0,0.25,1.677,2.736885192134541,3.32205865987631
JR,v0,0.25,1.678,2.7446839566399013,3.339055532852612
JR,v0,0.25,1.679,2.7525122382557616,3.3565460873516484
JR,v0,0.25,1.68,2.760369118720813,3.37455870093304
JR,v0,0.25,1.681,2.768247417530294,3.393132143298749
JR,v0,0.25,1.682,2.7761432342724737,3.4123029070425765
JR,v0,0.25,1.683,2.7840543882394235,3.4320984637978915
JR,v0,0.25,1.684,2.7919804184270025,3.452546378812296
JR,v0,0.25,1.685,2.7999225835348707,3.4736738999983054
JR,v0,0.25,1.686,2.807883861966476,3.4955111170481157
JR,v0,0.25,1.687,2.8158689518290667,3.518091385398542
JR,v0,0.25,1.688,2.82388427093368,3.5414408225193887
JR,v0,0.25,1.689,2.8319379567951537,3.5655856410891795
JR,v0,0.25,1.69,2.8400398666321136,3.590546903664146
JR,v0,0.25,1.691,2.8482004164373844,3.6163379653008287
JR,v0,0.25,1.692,2.8564163889620544,3.6429606677609603
JR,v0,0.25,1.693,2.8646814233914184,3.670410718321549
JR,v0,0.25,1.694,2.872992033358916,3.6986871884452825
JR,v0,0.25,1.695,2.8813466013098408,3.727776886388903
JR,v0,0.25,1.696,2.8897453785013276,3.757675238659686
JR,v0,0.25,1.697,2.8981904850023663,3.7883866183124644
JR,v0,0.25,1.698,2.9066859096937883,3.819904446495814
JR,v0,0.25,1.699,2.915237510268281,3.8522125343280518
JR,v0,0.25,1.7,2.923853013230369,3.885288695859732
JR,v0,0.25,1.701,2.932542013896436,3.9190960261041288
JR,v0,0.25,1.702,2.9413159763947063,3.953580269504082
JR,v0,0.25,1.703,2.9501855024291204,3.9886915308821322
JR,v0,0.25,1.704,2.959145434775848,4.0243928277621555
JR,v0,0.25,1.705,2.9681901539219817,4.060666268880369
JR,v0,0.25,1.706,2.977316722145148,4.097498533722626
JR,v0,0.25,1.707,2.9865243668885673,4.1348664745205035
JR,v0,0.25,1.708,2.9958144807610325,4.172737219538576
JR,v0,0.25,1.709,3.005190621536933,4.211065168016588
JR,v0,0.25,1.71,3.0146585121562284,4.249776235127871
JR,v0,0.25,1.711,3.024226040724476,4.2887906368121005
JR,v0,0.25,1.712,3.0339032605128025,4.328046252799975
JR,v0,0.25,1.713,3.0437023899579305,4.367477345884795
JR,v0,0.25,1.714,3.0536378126621586,4.407027668191751
JR,v0,0.25,1.715,3.0637197322952234,4.446625267421464
JR,v0,0.25,1.716,3.0739411953270137,4.486180331991152
JR,v0,0.25,1.717,3.084297547995978,4.525599073106836
JR,v0,0.25,1.718,3.094786923976989,4.564777533375887
JR,v0,0.25,1.719,3.1054101499440954,4.603592318104096
JR,v0,0.25,1.72,3.116170745570502,4.6419089987553495
JR,v0,0.25,1.721,3.1270749235285895,4.679595817905007
JR,v0,0.25,1.722,3.1381315894898933,4.716553968502865
JR,v0,0.25,1.723,3.149352342125125,4.752707589374246
JR,v0,0.25,1.724,3.1607514731041535,4.787972407160668
JR,v0,0.25,1.725,3.17234596709602,4.822252529854995
JR,v0,0.25,1.726,3.184155238630198,4.855451328742387
JR,v0,0.25,1.727,3.1961856106057076,4.887464833843365
JR,v0,0.25,1.728,3.208429922514911,4.918175000868396
JR,v0,0.25,1.729,3.2208851732689667,4.947476649670779
JR,v0,0.25,1.73,3.233551988360459,4.975311399679932
JR,v0,0.25,1.731,3.2464346198634146,5.001676113386128
JR,v0,0.25,1.732,3.259540946433282,5.026563783679706
JR,v0,0.25,1.733,3.2728824733069524,5.049957345567779
JR,v0,0.25,1.734,3.286474332302742,5.071842158632965
JR,v0,0.25,1.735,3.3003352818204075,5.092196736284809
JR,v0,0.25,1.736,3.3144877068411294,5.110994433092242
JR,v0,0.25,1.737,3.328957618927532,5.1282103424090515
JR,v0,0.25,1.738,3.3437689103126496,5.143841641830329
JR,v0,0.25,1.739,3.358919236777343,5.157938977872622
JR,v0,0.25,1.74,3.374404503646724,5.1705656506056075
JR,v0,0.25,1.741,3.3902261744805107,5.1817765434627185
JR,v0,0.25,1.742,3.4063910460337725,5.1916150008272055
JR,v0,0.25,1.743,3.4229112482569706,5.200115201907703
JR,v0,0.25,1.744,3.4398042442959214,5.207308543525084
JR,v0,0.25,1.745,3.4570928304918285,5.213238375125529
JR,v0,0.25,1.746,3.4748051363812524,5.2179683199995335
JR,v0,0.25,1.747,3.4929746246961413,5.221585732690482
JR,v0,0.25,1.748,3.511640091363799,5.22419823037496
JR,v0,0.25,1.749,3.5308427234146698,5.225904343640808
JR,v0,0.25,1.75,3.5505931659806844,5.226810078154607
JR,v0,0.25,1.7510000000000001,3.570888336541829,5.227016396290329
JR,v0,0.25,1.752,3.591733793384419,5.226617436010423
JR,v0,0.25,1.7530000000000001,3.6131437055540556,5.225692182574919
JR,v0,0.25,1.754,3.6351408528555833,5.224325670145639
JR,v0,0.25,1.7550000000000001,3.6577566258531307,5.2226185313197835
JR,v0,0.25,1.756,3.6810310258700683,5.220684656889729
JR,v0,0.25,1.7570000000000001,3.705012664989051,5.218636330851772
JR,v0,0.25,1.758,3.7297587660519778,5.216565612307285
JR,v0,0.25,1.7590000000000001,3.7553351626600318,5.214560045713723
JR,v0,0.25,1.76,3.78181020588539,5.212695896200293
JR,v0,0.25,1.7610000000000001,3.8092051514475296,5.211020466063153
JR,v0,0.25,1.762,3.8375252945879064,5.209593990020353
JR,v0,0.25,1.7630000000000001,3.866790949385273,5.208486936201878
JR,v0,0.25,1.764,3.8970376308954515,5.207766188817007
JR,v0,0.25,1.7650000000000001,3.9283160551513916,5.207470102271676
JR,v0,0.25,1.766,3.9606921391631116,5.207610113204184
JR,v0,0.25,1.7670000000000001,3.9942470009177584,5.208199468363301
JR,v0,0.25,1.768,4.029076959379548,5.209254118822927
JR,v0,0.25,1.7690000000000001,4.065293534489824,5.210786802194767
JR,v0,0.25,1.77,4.1030231907000605,5.212798540014539
JR,v0,0.25,1.7710000000000001,4.142363562158599,5.215296909471968
JR,v0,0.25,1.772,4.183340376937879,5.218299202591826
JR,v0,0.25,1.7730000000000001,4.225995382936884,5.221796101955347
JR,v0,0.25,1.774,4.270398569588956,5.225779898544554
JR,v0,0.25,1.7750000000000001,4.3166481678618585,5.230236039044314
JR,v0,0.25,1.776,4.364870650257707,5.235135343087248
JR,v0,0.25,1.7770000000000001,4.4152207308130444,5.240419730256326
JR,v0,0.25,1.778,4.4678813650987586,5.246007693295296
JR,v0,0.25,1.7790000000000001,4.523063750220174,5.251809035551405
JR,v0,0.25,1.78,4.581006626662773,5.257775978321109
JR,v0,0.25,1.7810000000000001,4.641896939253136,5.2638723719588185
JR,v0,0.25,1.782,4.705822982750771,5.270034674090518
JR,v0,0.25,1.7830000000000001,4.772907481160088,5.276187838921239
JR,v0,0.25,1.784,4.843318792075154,5.282248615166669
JR,v0,0.25,1.7850000000000001,4.9172709066798115,5.2881071659629235
JR,v0,0.25,1.786,4.995023449747549,5.293647593762935
JR,v0,0.25,1.7870000000000001,5.076881679641637,5.298783488904374
JR,v0,0.25,1.788,5.163196488314988,5.3034774681823
JR,v0,0.25,1.7890000000000001,5.2543644013102995,5.307722652241871
JR,v0,0.25,1.79,5.35076324145057,5.311504751295738
JR,v0,0.25,1.7910000000000001,5.45255509425442,5.314782322605614
JR,v0,0.25,1.792,5.560065948299504,5.317505546549314
JR,v0,0.25,1.793,5.673639431944263,5.319620908160992
JR,v0,0.25,1.794,5.7936128701026695,5.321107900115037
JR,v0,0.25,1.795,5.920317284244137,5.322006297113076
JR,v0,0.25,1.796,6.054077392393715,5.322366224597459
JR,v0,0.25,1.797,6.195211609131853,5.322234186720586
JR,v0,0.25,1.798,6.344032045594652,5.321643367501217
JR,v0,0.25,1.799,6.500830694644404,5.320589125625049
JR,v0,0.25,1.8,6.665458385162122,5.319068523910621
JR,v0,0.25,1.801,6.838079379039768,5.317145973157936
JR,v0,0.25,1.802,7.018893279557591,5.314917841821714
JR,v0,0.25,1.803,7.20783466603627,5.312454836698416
JR,v0,0.25,1.804,7.404573093837243,5.309793198462953
JR,v0,0.25,1.805,7.608513094362363,5.30694640542939
JR,v0,0.25,1.806,7.8187941750542524,5.303911024818085
JR,v0,0.25,1.807,8.034290819395938,5.3006595093506474
JR,v0,0.25,1.808,8.253629098896276,5.297164297944727
JR,v0,0.25,1.809,8.475526903348783,5.293429786998003
JR,v0,0.25,1.81,8.698747354090429,5.289454956586797
JR,v0,0.25,1.811,8.92189778061425,5.285190425097975
JR,v0,0.25,1.812,9.143441885382302,5.2805693883710205
JR,v0,0.25,1.813,9.361699743825254,5.275524316030118
JR,v0,0.25,1.814,9.574847804342781,5.269997050959164
JR,v0,0.25,1.815,9.78091888830319,5.263936105461518
JR,v0,0.25,1.816,9.977802190043784,5.257275337048141
JR,v0,0.25,1.817,10.163352785547694,5.249958134706618
JR,v0,0.25,1.818,10.336275874056764,5.24195238452724
JR,v0,0.25,1.819,10.495548270842466,5.2332031800598795
JR,v0,0.25,1.82,10.640158740762082,5.223642144062456
JR,v0,0.25,1.821,10.769139276456743,5.213212004818572
JR,v0,0.25,1.822,10.881565098351665,5.201880676048286
JR,v0,0.25,1.823,10.976554654655928,5.189642774494133
JR,v0,0.25,1.824,11.053269621362695,5.176461417012573
JR,v0,0.25,1.825,11.110915190076373,5.162302965598433
JR,v0,0.25,1.826,11.149096808771496,5.147136385242186
JR,v0,0.25,1.827,11.167997196708644,5.130947744437043
JR,v0,0.25,1.828,11.167786810553821,5.11372212875711
JR,v0,0.25,1.829,11.148667441561834,5.095449478950122
JR,v0,0.25,1.83,11.110872215576308,5.076126463384455
JR,v0,0.25,1.831,11.054665593029716,5.055754302727799
JR,v0,0.25,1.832,10.980343368943306,5.034314247320441
JR,v0,0.25,1.833,10.8882326729272,5.01178534465778
JR,v0,0.25,1.834,10.77878268599987,4.988190941238287
JR,v0,0.25,1.835,10.652802295417468,4.963597078929422
JR,v0,0.25,1.836,10.511147568977613,4.938084273656222
JR,v0,0.25,1.837,10.354667454113045,4.911715397307932
JR,v0,0.25,1.838,10.184204775556557,4.884534508088364
JR,v0,0.25,1.839,10.000596235341268,4.856592481202609
JR,v0,0.25,1.84,9.804672412800327,4.82797596255816
JR,v0,0.25,1.841,9.597257764567239,4.798778508500099
JR,v0,0.25,1.842,9.379172018287909,4.769099452725237
JR,v0,0.25,1.843,9.1514636159344,4.739055188886504
JR,v0,0.25,1.844,8.915243023264086,4.7087705906338515
JR,v0,0.25,1.845,8.671527599555231,4.6783677228283835
JR,v0,0.25,1.846,8.4213650034923,4.647991741465952
JR,v0,0.25,1.847,8.165833193166403,4.6178116834839065
JR,v0,0.25,1.848,7.906040426074837,4.58797134390935
JR,v0,0.25,1.849,7.64312525912155,4.558590452896633
JR,v0,0.25,1.85,7.378256548616674,4.529798196368419
JR,v0,0.25,1.851,7.112640796737635,4.501737988160413
JR,v0,0.25,1.852,6.847575344864456,4.474558761655082
JR,v0,0.25,1.853,6.584229162748009,4.448415334919969
JR,v0,0.25,1.854,6.323768521985732,4.423457191926611
JR,v0,0.25,1.855,6.067405898824992,4.399817692883438
JR,v0,0.25,1.856,5.816399974162621,4.377631646231509
JR,v0,0.25,1.857,5.572055633545364,4.3570262375127635
JR,v0,0.25,1.858,5.335723967169439,4.338104911105415
JR,v0,0.25,1.859,5.108802269880972,4.3209567351333185
JR,v0,0.25,1.86,4.892573059583384,4.305671149646543
JR,v0,0.25,1.861,4.6879437831548145,4.292329920189717
JR,v0,0.25,1.862,4.496043809572665,4.280973580535143
JR,v0,0.25,1.863,4.3178755882544095,4.2716004266417045
JR,v0,0.25,1.864,4.154289363195296,4.264199810214586
JR,v0,0.25,1.865,4.005983172968648,4.258748537757692
JR,v0,0.25,1.866,3.8735028507255933,4.255186352068012
JR,v0,0.25,1.867,3.7572420241953175,4.253442322457217
JR,v0,0.25,1.868,3.657442115684816,4.253449040059878
JR,v0,0.25,1.869,3.574182995033766,4.255115066568538
JR,v0,0.25,1.87,3.5072671328025713,4.258308038336733
JR,v0,0.25,1.871,3.456270987155282,4.2628738352993905
JR,v0,0.25,1.872,3.420568975412106,4.268630216831159
JR,v0,0.25,1.873,3.3993245598200765,4.275390155435486
JR,v0,0.25,1.874,3.391490247552923,4.282945764727029
JR,v0,0.25,1.875,3.3957880704963372,4.291063952919628
JR,v0,0.25,1.8760000000000001,3.4106488791208633,4.29950505275079
JR,v0,0.25,1.877,3.4343625247375265,4.308043836584408
JR,v0,0.25,1.8780000000000001,3.4651066733414986,4.316475722052143
JR,v0,0.25,1.879,3.500944922970632,4.324612331391343
JR,v0,0.25,1.8800000000000001,3.5398236749474528,4.33226464084562
JR,v0,0.25,1.881,3.5794751085059,4.339241064996832
JR,v0,0.25,1.8820000000000001,3.6181146065436067,4.345332184466431
JR,v0,0.25,1.883,3.6542526758904827,4.350302934896235
JR,v0,0.25,1.8840000000000001,3.6864699578340847,4.353964369716871
JR,v0,0.25,1.885,3.713417228119539,4.35619434415847
JR,v0,0.25,1.8860000000000001,3.7338153969496126,4.3569296525046965
JR,v0,0.25,1.887,3.7464588520124806,4.356112653465969
JR,v0,0.25,1.8880000000000001,3.750745489211038,4.3536745511115775
JR,v0,0.25,1.889,3.7470931133692282,4.349538715278579
JR,v0,0.25,1.8900000000000001,3.735952182095147,4.343637335634426
JR,v0,0.25,1.891,3.7176897990048037,4.335933736518237
JR,v0,0.25,1.8920000000000001,3.6925897137220964,4.3264240226206905
JR,v0,0.25,1.893,3.6608523218788296,4.3151353986073095
JR,v0,0.25,1.8940000000000001,3.6226850010643474,4.302102872118758
JR,v0,0.25,1.895,3.579074318920325,4.287355994991145
JR,v0,0.25,1.8960000000000001,3.5311675631778616,4.270904983543035
JR,v0,0.25,1.897,3.47989482540598,4.252770884253717
JR,v0,0.25,1.8980000000000001,3.4259891620163554,4.233002505632578
JR,v0,0.25,1.899,3.3699865942633593,4.2116481799430625
JR,v0,0.25,1.9000000000000001,3.3122261082439906,4.188770863012532
JR,v0,0.25,1.901,3.2529626932960927,4.164425214874646
JR,v0,0.25,1.9020000000000001,3.1928931857816103,4.138655790735083
JR,v0,0.25,1.903,3.132532233566655,4.111505128733813
JR,v0,0.25,1.9040000000000001,3.072263775200428,4.083026410569139
JR,v0,0.25,1.905,3.0123738038279697,4.053292848494851
JR,v0,0.25,1.9060000000000001,2.953050367190043,4.022400087042876
JR,v0,0.25,1.907,2.8943835676232386,3.990442925009867
JR,v0,0.25,1.9080000000000001,2.836365562059866,3.957508425269876
JR,v0,0.25,1.909,2.7789296199922173,3.923673980262866
JR,v0,0.25,1.9100000000000001,2.722359125561823,3.8890460840092214
JR,v0,0.25,1.911,2.6666330473598165,3.8537385902013153
JR,v0,0.25,1.9120000000000001,2.6116398583008564,3.8178583360292317
JR,v0,0.25,1.913,2.557308668130167,3.7815052247854504
JR,v0,0.25,1.9140000000000001,2.503609223423437,3.7447846683049617
JR,v0,0.25,1.915,2.450551907586915,3.7078047193641366
JR,v0,0.25,1.9160000000000001,2.3981877408573204,3.670670074482495
JR,v0,0.25,1.917,2.3466083803019266,3.633484988197875
JR,v0,0.25,1.9180000000000001,2.2959489151202117,3.5963674236515693
JR,v0,0.25,1.919,2.2462530677683468,3.5594393553165786
JR,v0,0.25,1.92,2.1973484472655613,3.522808877058379
JR,v0,0.25,1.921,2.149100040174412,3.486580740611064
JR,v0,0.25,1.922,2.1014353934698793,3.4508461777305293
JR,v0,0.25,1.923,2.054344614539291,3.415700650437836
JR,v0,0.25,1.924,2.007880371182411,3.3812271867562775
JR,v0,0.25,1.925,1.962157891611355,3.3474981887080077
JR,v0,0.25,1.926,1.9173549644506664,3.3145886954241828
JR,v0,0.25,1.927,1.8737119387372463,3.2825755212775123
JR,v0,0.25,1.928,1.8315027310867595,3.251515120672127
JR,v0,0.25,1.929,1.7906234162633599,3.2214390379863262
JR,v0,0.25,1.93,1.7509425574499087,3.1923810132197405
JR,v0,0.25,1.931,1.7124183280235457,3.1643601196889892
JR,v0,0.25,1.932,1.675044012788752,3.1373860933877586
JR,v0,0.25,1.933,1.6388480079772556,3.1114594618120033
JR,v0,0.25,1.934,1.6038938212481124,3.086575794572157
JR,v0,0.25,1.935,1.5702800716876366,3.0627211629981392
JR,v0,0.25,1.936,1.5381404898094626,3.039874241031994
JR,v0,0.25,1.937,1.5076439175544847,3.0179909932320026
JR,v0,0.25,1.938,1.4789161565807243,2.997020305180251
JR,v0,0.25,1.939,1.451829894462981,2.9768993781921007
JR,v0,0.25,1.94,1.4263108554690653,2.9575658631287984
JR,v0,0.25,1.941,1.4023126577347762,2.9389627832679874
JR,v0,0.25,1.942,1.3798108511539233,2.9210418205111206
JR,v0,0.25,1.943,1.358802917378302,2.903753843762987
JR,v0,0.25,1.944,1.3393082698177183,2.887047200633325
JR,v0,0.25,1.945,1.3213682536399594,2.870869903260096
JR,v0,0.25,1.946,1.3050461457708264,2.8551575092639423
JR,v0,0.25,1.947,1.290425440999499,2.8398625749996613
JR,v0,0.25,1.948,1.2774751242467604,2.824952362869064
JR,v0,0.25,1.949,1.2660731434864214,2.810417136763856
JR,v0,0.25,1.95,1.2561358571748045,2.796265411704221
JR,v0,0.25,1.951,1.247595232315442,2.7825028906842273
JR,v0,0.25,1.952,1.240398844459107,2.7691358036184126
JR,v0,0.25,1.953,1.2345098777037897,2.7561726783831277
JR,v0,0.25,1.954,1.2299071246947104,2.7436383588496107
JR,v0,0.25,1.955,1.2265849866243146,2.7315843163683273
JR,v0,0.25,1.956,1.2245534732322776,2.7200578399122572
JR,v0,0.25,1.957,1.2238368181609127,2.7091113614234223
JR,v0,0.25,1.958,1.2243745259956054,2.6987916808490913
JR,v0,0.25,1.959,1.2260530317225342,2.689138001871329
JR,v0,0.25,1.96,1.228790353553685,2.6801728303889116
JR,v0,0.25,1.961,1.2325149911167168,2.6719123091581287
JR,v0,0.25,1.962,1.2371659254549519,2.6643737266033276
JR,v0,0.25,1.963,1.2426926190273848,2.657565856134095
JR,v0,0.25,1.964,1.2490550157086782,2.6514875040110604
JR,v0,0.25,1.965,1.2562235407891649,2.6461222256352808
JR,v0,0.25,1.966,1.2641791009748413,2.641448809231067
JR,v0,0.25,1.967,1.2729130843873797,2.637423615526208
JR,v0,0.25,1.968,1.2824162292605559,2.6340011390956666
JR,v0,0.25,1.969,1.2926025373353394,2.6311303082498316
JR,v0,0.25,1.97,1.303400139883645,2.6287620544933916
JR,v0,0.25,1.971,1.3147508943068154,2.626842870815169
JR,v0,0.25,1.972,1.32660279954559,2.625333618476891
JR,v0,0.25,1.973,1.3389099960801252,2.6242025674326204
JR,v0,0.25,1.974,1.3516327659299687,2.6234158573641313
JR,v0,0.25,1.975,1.3647375326540878,2.6229268724916692
JR,v0,0.25,1.976,1.378196861350843,2.622696151336669
JR,v0,0.25,1.977,1.3919894586580117,2.622692716105156
JR,v0,0.25,1.978,1.4061001727527627,2.6229165978694926
JR,v0,0.25,1.979,1.4205199933516859,2.623381766971599
JR,v0,0.25,1.98,1.4352236869504944,2.6240978106165618
JR,v0,0.25,1.981,1.4501516334241655,2.625073747759717
JR,v0,0.25,1.982,1.4652687976892942,2.62631414404422
JR,v0,0.25,1.983,1.480543732050151,2.627814526978293
JR,v0,0.25,1.984,1.495948013303411,2.6295793432227224
JR,v0,0.25,1.985,1.5114562427381828,2.6316160199548317
JR,v0,0.25,1.986,1.5270460461359812,2.6339359611552533
JR,v0,0.25,1.987,1.5426980737707563,2.6365533365034093
JR,v0,0.25,1.988,1.5583960004088642,2.639463596369671
JR,v0,0.25,1.989,1.5741265253090941,2.642652741570549
JR,v0,0.25,1.99,1.5898793722226423,2.6461041936016687
JR,v0,0.25,1.991,1.6056472893931386,2.649803204580584
JR,v0,0.25,1.992,1.6214260495566206,2.6537349316301375
JR,v0,0.25,1.993,1.6372016241025227,2.657881345114737
JR,v0,0.25,1.994,1.6529406678215555,2.6622327706026807
JR,v0,0.25,1.995,1.6686310502514532,2.6667698507135316
JR,v0,0.25,1.996,1.6842623698668748,2.6714638962525963
JR,v0,0.25,1.997,1.6998251642250661,2.676285296465845
JR,v0,0.25,1.998,1.7153109099658272,2.6811990553709433
JR,v0,0.25,1.999,1.730712022811547,2.686175597450791
JR,v0,0.25,2.0,1.7460218575671678,2.691186483533224
JR,v0,0.5,0.0,0.0,0.0
JR,v0,0.5,0.001,0.017990921313896083,0.017990249393727148
JR,v0,0.5,0.002,0.06699730565049196,0.06699386898142085
JR,v0,0.5,0.003,0.14045973885441188,0.14045063631827512
JR,v0,0.5,0.004,0.2327758925253963,0.23275770551452293
JR,v0,0.5,0.005,0.3391467665575065,0.33911579828995786
JR,v0,0.5,0.006,0.4556763216494468,0.4556289096802633
JR,v0,0.5,0.007,0.5790872052282761,0.5790197569575749
JR,v0,0.5,0.008,0.7065458469540349,0.7064549280346689
JR,v0,0.5,0.009000000000000001,0.8356705126035322,0.8355530164437591
JR,v0,0.5,0.01,0.9646679688934109,0.9645213545491131
JR,v0,0.5,0.011,1.0921240480795442,1.091946205687174
JR,v0,0.5,0.012,1.2168226999259575,1.21661198274374
JR,v0,0.5,0.013000000000000001,1.337744059358272,1.337499314787688
JR,v0,0.5,0.014,1.4540858664838612,1.4538066266110006
JR,v0,0.5,0.015,1.5654015560618453,1.565088099556381
JR,v0,0.5,0.016,1.6714127902277987,1.671066000432189
JR,v0,0.5,0.017,1.7718992783103384,1.771520685517653
JR,v0,0.5,0.018000000000000002,1.8666984640568238,1.8662902789049296
JR,v0,0.5,0.019,1.9557055147810125,1.95527065875494
JR,v0,0.5,0.02,2.038903600270405,2.038445872338164
JR,v0,0.5,0.021,2.116486925105935,2.1160108456381876
JR,v0,0.5,0.022,2.1887020134002735,2.1882127724639857
JR,v0,0.5,0.023,2.2557870681479426,2.2552905614092187
JR,v0,0.5,0.024,2.3179719712253117,2.3174748358522272
JR,v0,0.5,0.025,2.375478283390603,2.3749879339560387
JR,v0,0.5,0.026000000000000002,2.428519244283886,2.4280439086683625
JR,v0,0.5,0.027,2.4773105035022436,2.4768593548940028
JR,v0,0.5,0.028,2.522175632474855,2.5217589668003395
JR,v0,0.5,0.029,2.5634658626924933,2.563094077432317
JR,v0,0.5,0.03,2.6015071801121255,2.6011907305730375
JR,v0,0.5,0.031,2.6366039893199096,2.636353497776139
JR,v0,0.5,0.032,2.669039113531198,2.668865478365798
JR,v0,0.5,0.033,2.699073794590533,2.6989882994367287
JR,v0,0.5,0.034,2.7269476929716507,2.7269621158541826
JR,v0,0.5,0.035,2.752878887777479,2.7530056561271787
JR,v0,0.5,0.036000000000000004,2.777068575182264,2.77732229419238
JR,v0,0.5,0.037,2.7997753921795407,2.8001699310050903
JR,v0,0.5,0.038,2.8212118814870024,2.8217601844859614
JR,v0,0.5,0.039,2.841556696710787,2.8422716945087547
JR,v0,0.5,0.04,2.860978759055259,2.861873487635869
JR,v0,0.5,0.041,2.8796372573230067,2.880724977118335
JR,v0,0.5,0.042,2.8976816479148413,2.8989759628958263
JR,v0,0.5,0.043000000000000003,2.9152516548298033,2.916766631596654
JR,v0,0.5,0.044,2.932477269665156,2.9342279993259472
JR,v0,0.5,0.045,2.949495050491377,2.951495297446568
JR,v0,0.5,0.046,2.966383601962658,2.9686450117538454
JR,v0,0.5,0.047,2.9831733587490397,2.9857082703393223
JR,v0,0.5,0.048,2.999901539832936,3.0027232497411767
JR,v0,0.5,0.049,3.01661224731011,3.019735251334164
JR,v0,0.5,0.05,3.0333564663896695,3.0367967013296235
JR,v0,0.5,0.051000000000000004,3.0501920653940715,3.0539671507754593
JR,v0,0.5,0.052000000000000005,3.067183795759119,3.071313272445332
JR,v0,0.5,0.053,3.084403292033961,3.0889073963910945
JR,v0,0.5,0.054,3.101909333797149,3.106803525047851
JR,v0,0.5,0.055,3.1196704737891845,3.1249708121698343
JR,v0,0.5,0.056,3.1376401110632104,3.1433651124952995
JR,v0,0.5,0.057,3.155789186260005,3.1619601574340885
JR,v0,0.5,0.058,3.1741061909314414,3.1807476438335827
JR,v0,0.5,0.059000000000000004,3.192597167540486,3.1997372339787087
JR,v0,0.5,0.06,3.2112857094612024,3.2189565555919355
JR,v0,0.5,0.061,3.2302129609787493,3.2384511568281793
JR,v0,0.5,0.062,3.249437617289379,3.2582815363722624
JR,v0,0.5,0.063,3.26901760284518,3.2784965198993667
JR,v0,0.5,0.064,3.2889083458247463,3.299057886850512
JR,v0,0.5,0.065,3.3090597770117345,3.3199195285842786
JR,v0,0.5,0.066,3.329442234328202,3.3410566979618546
JR,v0,0.5,0.067,3.350043665310112,3.3624630207809965
JR,v0,0.5,0.068,3.3708696271073384,3.3841504957760167
JR,v0,0.5,0.069,3.3919432864836643,3.4061494946177926
JR,v0,0.5,0.07,3.4133054198167794,3.42850875290346
JR,v0,0.5,0.07100000000000001,3.435014413098285,3.451292897836973
JR,v0,0.5,0.07200000000000001,3.457145702714429,3.474571095627905
JR,v0,0.5,0.073,3.479721111677929,3.498362779338952
JR,v0,0.5,0.074,3.5027042263275625,3.522645868958599
JR,v0,0.5,0.075,3.5260832506011264,3.5474152877832092
JR,v0,0.5,0.076,3.549861675856617,3.5726845241489666
JR,v0,0.5,0.077,3.5740582808722294,3.5984838945483064
JR,v0,0.5,0.078,3.598707131846359,3.6248605436299117
JR,v0,0.5,0.079,3.6238575823975987,3.6518784441987213
JR,v0,0.5,0.08,3.649574273564741,3.679617191889615
JR,v0,0.5,0.081,3.675937133806779,3.7081661864135658
JR,v0,0.5,0.082,3.703035676791513,3.7375986729547885
JR,v0,0.5,0.083,3.730890349095046,3.767947399290496
JR,v0,0.5,0.084,3.7594952810496056,3.7992293769630443
JR,v0,0.5,0.085,3.7888647361352454,3.8314771125601617
JR,v0,0.5,0.08600000000000001,3.8190301981093624,3.864744734622872
JR,v0,0.5,0.08700000000000001,3.8500403710066973,3.8991064232447146
JR,v0,0.5,0.088,3.8819611791393323,3.934656408396539
JR,v0,0.5,0.089,3.9148757670966927,3.971507972487712
JR,v0,0.5,0.09,3.9488844997455477,4.00978752037729
JR,v0,0.5,0.091,3.9841049622300098,4.049619076459922
JR,v0,0.5,0.092,4.020659473123377,4.091100277254849
JR,v0,0.5,0.093,4.058588442283151,4.134306573019576
JR,v0,0.5,0.094,4.097911987003822,4.179311055362059
JR,v0,0.5,0.095,4.1386770997389135,4.226202685893279
JR,v0,0.5,0.096,4.180957591944576,4.275097877169855
JR,v0,0.5,0.097,4.224854094079588,4.326140904351887
JR,v0,0.5,0.098,4.270494055605353,4.37950109257688
JR,v0,0.5,0.099,4.3180317449859,4.435361290638946
JR,v0,0.5,0.1,4.367648249687887,4.493899736155445
JR,v0,0.5,0.101,4.419551471517699,4.5552923258352385
JR,v0,0.5,0.10200000000000001,4.47392759151913,4.619719154205283
JR,v0,0.5,0.10300000000000001,4.530846535479807,4.687328090149534
JR,v0,0.5,0.10400000000000001,4.59039396213643,4.75824995540143
JR,v0,0.5,0.105,4.652699909705685,4.832611150830281
JR,v0,0.5,0.106,4.717938795884219,4.910543905085595
JR,v0,0.5,0.107,4.786329417848664,4.992191394020864
JR,v0,0.5,0.108,4.858134952255613,5.077706670189644
JR,v0,0.5,0.109,4.933662955241637,5.167237492367961
JR,v0,0.5,0.11,5.013265362423281,5.2608642360129725
JR,v0,0.5,0.111,5.097302166715593,5.3587028346053645
JR,v0,0.5,0.112,5.185956773211043,5.460850902121577
JR,v0,0.5,0.113,5.279459586982174,5.567330284571746
JR,v0,0.5,0.114,5.378085017896456,5.678077848974852
JR,v0,0.5,0.115,5.482139609850418,5.792951134523902
JR,v0,0.5,0.116,5.591962040769661,5.911734337390078
JR,v0,0.5,0.117,5.7079231226088485,6.034165600810026
JR,v0,0.5,0.11800000000000001,5.830425801351711,6.159987873517095
JR,v0,0.5,0.11900000000000001,5.959905157011039,6.288997439479529
JR,v0,0.5,0.12,6.096774303892586,6.42094382480898
JR,v0,0.5,0.121,6.2408559165544855,6.555493327136086
JR,v0,0.5,0.122,6.39261622801942,6.692360679613659
JR,v0,0.5,0.123,6.552583838140659,6.831207356958612
JR,v0,0.5,0.124,6.721063780531519,6.971594382240378
JR,v0,0.5,0.125,6.898137522565359,7.11297269164241
JR,v0,0.5,0.126,7.083662965375584,7.254711147564628
JR,v0,0.5,0.127,7.277274443855646,7.396198339426155
JR,v0,0.5,0.128,7.478382726659038,7.5368618256722515
JR,v0,0.5,0.129,7.686175016199305,7.676195264941693
JR,v0,0.5,0.13,7.89961800298984,7.81371977798338
JR,v0,0.5,0.131,8.117687377727059,7.948936769028835
JR,v0,0.5,0.132,8.33946005448653,8.08131270228317
JR,v0,0.5,0.133,8.56382101250193,8.210330887983634
JR,v0,0.5,0.134,8.789452985538588,8.33543870704393
JR,v0,0.5,0.135,9.014836461893495,8.45603963618764
JR,v0,0.5,0.136,9.23824968439531,8.571535216561028
JR,v0,0.5,0.137,9.457768650404342,8.68131890039583
JR,v0,0.5,0.138,9.671267111812565,8.78486264004471
JR,v0,0.5,0.139,9.876416575043613,8.881663176756891
JR,v0,0.5,0.14,10.071043667483881,8.971314198333518
JR,v0,0.5,0.14100000000000001,10.25404757579961,9.053485703084185
JR,v0,0.5,0.14200000000000002,10.42426530580958,9.127856028789045
JR,v0,0.5,0.14300000000000002,10.580555046135622,9.194107884012602
JR,v0,0.5,0.14400000000000002,10.721812234944302,9.251948245960365
JR,v0,0.5,0.145,10.846969559946935,9.301124572313308
JR,v0,0.5,0.146,10.954996958399573,9.341440629488257
JR,v0,0.5,0.147,11.044901617103005,9.372708335957446
JR,v0,0.5,0.148,11.115740053829738,9.394775484522604
JR,v0,0.5,0.149,11.16715126239865,9.407587383420006
JR,v0,0.5,0.15,11.199230470424249,9.411132229964231
JR,v0,0.5,0.151,11.212055054456176,9.405437927727407
JR,v0,0.5,0.152,11.205738329802621,9.390601505436848
JR,v0,0.5,0.153,11.180429550530286,9.36674908205717
JR,v0,0.5,0.154,11.136313909464421,9.333989261015446
JR,v0,0.5,0.155,11.0736125381888,9.292485589349777
JR,v0,0.5,0.156,10.992582740014521,9.242428828346608
JR,v0,0.5,0.157,10.893684206609077,9.184078837335015
JR,v0,0.5,0.158,10.77772107592135,9.117730518140137
JR,v0,0.5,0.159,10.645513119897782,9.043694360050104
JR,v0,0.5,0.16,10.49787473478582,8.96231642239756
JR,v0,0.5,0.161,10.335614941133915,8.873939667135648
JR,v0,0.5,0.162,10.159537383791523,8.778930184458627
JR,v0,0.5,0.163,9.970440331909106,8.677713979090775
JR,v0,0.5,0.164,9.769116678938136,8.570727487404628
JR,v0,0.5,0.165,9.556377495837552,8.45842422315778
JR,v0,0.5,0.166,9.33332402411977,8.341287422101622
JR,v0,0.5,0.167,9.101013259439124,8.219812495124332
JR,v0,0.5,0.168,8.860469466398605,8.094510181686228
JR,v0,0.5,0.169,8.612739427392803,7.965909354230921
JR,v0,0.5,0.17,8.358892442607893,7.83453471364299
JR,v0,0.5,0.171,8.100020330021646,7.700934283266915
JR,v0,0.5,0.17200000000000001,7.837237425403423,7.5656992506442124
JR,v0,0.5,0.17300000000000001,7.5716805823141655,7.42937031805399
JR,v0,0.5,0.17400000000000002,7.304572249502259,7.292444059322979
JR,v0,0.5,0.17500000000000002,7.0371694587426585,7.155424433158938
JR,v0,0.5,0.176,6.770585994966396,7.018747382469278
JR,v0,0.5,0.177,6.505988502826906,6.882815515583863
JR,v0,0.5,0.178,6.244602522793304,6.747990338665894
JR,v0,0.5,0.179,5.987712491150379,6.614610461992213
JR,v0,0.5,0.18,5.736661739998576,6.483019514686248
JR,v0,0.5,0.181,5.492852497254017,6.3535055785003784
JR,v0,0.5,0.182,5.257735333705565,6.226278781586685
JR,v0,0.5,0.183,5.03240768825842,6.101519699927857
JR,v0,0.5,0.184,4.81799770708006,5.979324683329917
JR,v0,0.5,0.185,4.615678706048172,5.859746284791485
JR,v0,0.5,0.186,4.426498166009161,5.742810202642487
JR,v0,0.5,0.187,4.251377732778156,5.628460482549653
JR,v0,0.5,0.188,4.091113217139011,5.516613992110333
JR,v0,0.5,0.189,3.9463745948442934,5.407251772240564
JR,v0,0.5,0.19,3.8177060066152997,5.300386289556749
JR,v0,0.5,0.191,3.705514196171684,5.196004069677229
JR,v0,0.5,0.192,3.6099458324098777,5.094082884243992
JR,v0,0.5,0.193,3.53095575982087,4.994541472173432
JR,v0,0.5,0.194,3.468297828073819,4.897251146755022
JR,v0,0.5,0.195,3.421510889815927,4.802133671018638
JR,v0,0.5,0.196,3.38991878880411,4.709158455601538
JR,v0,0.5,0.197,3.3726040697801345,4.618307481524077
JR,v0,0.5,0.198,3.3683759465228675,4.529487087276699
JR,v0,0.5,0.199,3.3758463018238025,4.442568489642977
JR,v0,0.5,0.2,3.3934417166201776,4.357452876922687
JR,v0,0.5,0.201,3.4194034699949682,4.274058912580684
JR,v0,0.5,0.202,3.451747027728633,4.192349604888859
JR,v0,0.5,0.203,3.4883723512210487,4.112288633802234
JR,v0,0.5,0.20400000000000001,3.5273594808408113,4.033783009585476
JR,v0,0.5,0.20500000000000002,3.566831471781267,3.9567418494827518
JR,v0,0.5,0.20600000000000002,3.604947404413913,3.8811284823668895
JR,v0,0.5,0.20700000000000002,3.639902384288387,3.806903584566387
JR,v0,0.5,0.20800000000000002,3.6699272922958492,3.7339948033652486
JR,v0,0.5,0.209,3.693213428837442,3.6623754007285254
JR,v0,0.5,0.21,3.709172417038868,3.592031993951823
JR,v0,0.5,0.211,3.717795796874949,3.522965403460879
JR,v0,0.5,0.212,3.7190199784832707,3.4552422869047
JR,v0,0.5,0.213,3.7127262421641767,3.388949559762712
JR,v0,0.5,0.214,3.6987407383807636,3.3241626798079937
JR,v0,0.5,0.215,3.676834487758885,3.2608902820649974
JR,v0,0.5,0.216,3.6469748097424652,3.1991695553021713
JR,v0,0.5,0.217,3.6103722010264594,3.139090921714063
JR,v0,0.5,0.218,3.5681643358559203,3.080766298033783
JR,v0,0.5,0.219,3.521272721210744,3.0242800945849986
JR,v0,0.5,0.22,3.4704361073931036,2.9697072322098306
JR,v0,0.5,0.221,3.4162104880274846,2.9170853392938527
JR,v0,0.5,0.222,3.3589691000606514,2.86640337847245
JR,v0,0.5,0.223,3.299202333769026,2.8176791903781435
JR,v0,0.5,0.224,3.2377816571957307,2.7709359415371604
JR,v0,0.5,0.225,3.1753869225064495,2.7262005761404247
JR,v0,0.5,0.226,3.112554376440647,2.6834966045391075
JR,v0,0.5,0.227,3.049676728006272,2.642824038985304
JR,v0,0.5,0.228,2.9870031484797455,2.6041213955604188
JR,v0,0.5,0.229,2.9246392714059777,2.5672958359124762
JR,v0,0.5,0.23,2.862547533957743,2.532221622884342
JR,v0,0.5,0.231,2.800977748246492,2.4987767459474237
JR,v0,0.5,0.232,2.7401985347941107,2.4668312255712523
JR,v0,0.5,0.233,2.6801731887977702,2.4362801609473053
JR,v0,0.5,0.234,2.620884602764743,2.4070246759616443
JR,v0,0.5,0.23500000000000001,2.5623352665124024,2.3789553347239756
JR,v0,0.5,0.23600000000000002,2.5045472671682276,2.351988575414359
JR,v0,0.5,0.23700000000000002,2.4475622891697935,2.32604164241022
JR,v0,0.5,0.23800000000000002,2.3914416142647834,2.301030092309298
JR,v0,0.5,0.23900000000000002,2.336278710983539,2.2768999427488303
JR,v0,0.5,0.24,2.2821925892016903,2.253603836397385
JR,v0,0.5,0.241,2.2290152154050737,2.2310862572780565
JR,v0,0.5,0.242,2.176584071203285,2.2093039608553493
JR,v0,0.5,0.243,2.1248049092125605,2.1882341634380715
JR,v0,0.5,0.244,2.073651753055799,2.167866821221649
JR,v0,0.5,0.245,2.0231668973625503,2.1482265107757987
JR,v0,0.5,0.246,1.9734609077690077,2.129382445199108
JR,v0,0.5,0.247,1.9247126209180276,2.1114090061304807
JR,v0,0.5,0.248,1.8771691444591116,2.0943679816949414
JR,v0,0.5,0.249,1.8311082845551674,2.078314031397411
JR,v0,0.5,0.25,1.7864140861478823,2.0632795796483743
JR,v0,0.5,0.251,1.7429500954155799,2.049262111076102
JR,v0,0.5,0.252,1.7006653677810348,2.0362761531554354
JR,v0,0.5,0.253,1.6595501438323677,2.0243538157725376
JR,v0,0.5,0.254,1.6196358493230356,2.013542227718485
JR,v0,0.5,0.255,1.5809950951718363,2.003901769530063
JR,v0,0.5,0.256,1.5437416774629096,1.9955085238324586
JR,v0,0.5,0.257,1.5080305774457345,1.9884165185248408
JR,v0,0.5,0.258,1.4740579615351272,1.9826354411786058
JR,v0,0.5,0.259,1.441966710878277,1.978152168276642
JR,v0,0.5,0.26,1.4116124364071032,1.9749740089779115
JR,v0,0.5,0.261,1.3829194717163302,1.9730982290260684
JR,v0,0.5,0.262,1.3558431478778719,1.9725077637704558
JR,v0,0.5,0.263,1.3303633230584326,1.9731813659283017
JR,v0,0.5,0.264,1.3064843825195123,1.9751058084636903
JR,v0,0.5,0.265,1.2842352386174003,1.9782765775563698
JR,v0,0.5,0.266,1.2636693308031806,1.982697901117372
JR,v0,0.5,0.267,1.2448646256227276,1.9883840670632873
JR,v0,0.5,0.268,1.2279200129071821,1.9953297470569966
JR,v0,0.5,0.269,1.2127938573564112,2.0035116081865816
JR,v0,0.5,0.27,1.1993582537578158,2.0128987810664962
JR,v0,0.5,0.271,1.1875263011829693,2.023459998489107
JR,v0,0.5,0.272,1.1772282944032657,2.035165096070726
JR,v0,0.5,0.273,1.1684117238899177,2.047994168747776
JR,v0,0.5,0.274,1.1610412758139583,2.0619346321104115
JR,v0,0.5,0.275,1.1550988320462476,2.076986829638335
JR,v0,0.5,0.276,1.1505834701574598,2.0931621774101687
JR,v0,0.5,0.277,1.147511463418092,2.1104708827110956
JR,v0,0.5,0.278,1.145909858879893,2.128920422890939
JR,v0,0.5,0.279,1.1456906715688815,2.148517870869837
JR,v0,0.5,0.28,1.146737058683323,2.169268815998116
JR,v0,0.5,0.281,1.1489606179439784,2.191178539774662
JR,v0,0.5,0.28200000000000003,1.1522846969732576,2.2142523316145897
JR,v0,0.5,0.28300000000000003,1.1566443932952177,2.2385049247377338
JR,v0,0.5,0.28400000000000003,1.1619865543355647,2.2639573419566217
JR,v0,0.5,0.28500000000000003,1.168269777421651,2.2906329525461837
JR,v0,0.5,0.28600000000000003,1.1754644097824771,2.3185633313270473
JR,v0,0.5,0.28700000000000003,1.1835525485486897,2.3477924072952074
JR,v0,0.5,0.28800000000000003,1.1925280407525856,2.378355645203832
JR,v0,0.5,0.289,1.2023627881739243,2.410284109305115
JR,v0,0.5,0.29,1.2129513557008682,2.443599637678667
JR,v0,0.5,0.291,1.2242211249013666,2.4783261100250806
JR,v0,0.5,0.292,1.2361081165594907,2.5144830019630446
JR,v0,0.5,0.293,1.2485554207877758,2.5520794974890637
JR,v0,0.5,0.294,1.2615131970272282,2.591117077522655
JR,v0,0.5,0.295,1.2749386740473163,2.631580263970593
JR,v0,0.5,0.296,1.2887961499459788,2.6734519431663775
JR,v0,0.5,0.297,1.30305699214962,2.716694004020795
JR,v0,0.5,0.298,1.3176996374131145,2.761260914563584
JR,v0,0.5,0.299,1.3327095918197989,2.807089903854168
JR,v0,0.5,0.3,1.3480765684072802,2.8540988900502184
JR,v0,0.5,0.301,1.363743325040173,2.9021779802518073
JR,v0,0.5,0.302,1.37965676074751,2.951185660465567
JR,v0,0.5,0.303,1.3957783192955118,3.0009469340086103
JR,v0,0.5,0.304,1.4120730105295332,3.051265667947561
JR,v0,0.5,0.305,1.428509410374069,3.101921326466045
JR,v0,0.5,0.306,1.4450596608327495,3.1526890945004844
JR,v0,0.5,0.307,1.4616994699883432,3.203344629452528
JR,v0,0.5,0.308,1.4784081120027555,3.253658027223028
JR,v0,0.5,0.309,1.4951684271170285,3.30340189405746
JR,v0,0.5,0.31,1.511966821651344,3.3523422482086587
JR,v0,0.5,0.311,1.5287932680050167,3.400231411178849
JR,v0,0.5,0.312,1.5456413046565016,3.4468207938927704
JR,v0,0.5,0.313,1.5625048941440105,3.491870063223109
JR,v0,0.5,0.314,1.5793506835058153,3.5351478540214463
JR,v0,0.5,0.315,1.5961557664782693,3.576465807325419
JR,v0,0.5,0.316,1.6129040136578983,3.6156541496192984
JR,v0,0.5,0.317,1.6295810754176157,3.6525630249803966
JR,v0,0.5,0.318,1.646174381906718,3.687062654964144
JR,v0,0.5,0.319,1.6626731430508892,3.7190340253212377
JR,v0,0.5,0.32,1.6790683485522,3.7483662517634158
JR,v0,0.5,0.321,1.6953527678891063,3.7749628058005964
JR,v0,0.5,0.322,1.7115209503164492,3.7987378565366416
JR,v0,0.5,0.323,1.7275692248654564,3.819651457690645
JR,v0,0.5,0.324,1.7434957003437428,3.837685160782852
JR,v0,0.5,0.325,1.7593002653353085,3.852828439211267
JR,v0,0.5,0.326,1.774984588200537,3.865080221998741
JR,v0,0.5,0.327,1.7905451080835384,3.8744432206891286
JR,v0,0.5,0.328,1.8059642740273434,3.880919910938159
JR,v0,0.5,0.329,1.8212362920269483,3.884519673689656
JR,v0,0.5,0.33,1.8363570936307854,3.8852706848402176
JR,v0,0.5,0.331,1.8513237279696724,3.8832271087967087
JR,v0,0.5,0.332,1.8661343617568056,3.8784617025843056
JR,v0,0.5,0.333,1.880788279287768,3.8710596340757424
JR,v0,0.5,0.334,1.89528588244052,3.8611116878689944
JR,v0,0.5,0.335,1.9096286906754094,3.8487108712318854
JR,v0,0.5,0.336,1.9238193410351645,3.8339476112246795
JR,v0,0.5,0.337,1.9378615881448944,3.8169129517847824
JR,v0,0.5,0.338,1.951757009502432,3.797707325540557
JR,v0,0.5,0.339,1.9655016606841347,3.776452142571941
JR,v0,0.5,0.34,1.9790928081410777,3.7532930871044154
JR,v0,0.5,0.341,1.992528904979861,3.7283795730294065
JR,v0,0.5,0.342,2.0058095908881173,3.701864517684846
JR,v0,0.5,0.343,2.0189356921345056,3.673908022558998
JR,v0,0.5,0.34400000000000003,2.031909221568716,3.6446675873479064
JR,v0,0.5,0.34500000000000003,2.0447333786214656,3.61430061023422
JR,v0,0.5,0.34600000000000003,2.0574125493045026,3.582966646012179
JR,v0,0.5,0.34700000000000003,2.069952306210602,3.5508372047121926
JR,v0,0.5,0.34800000000000003,2.0823593617227645,3.5180992342228445
JR,v0,0.5,0.34900000000000003,2.094636888437797,3.4849442451249386
JR,v0,0.5,0.35000000000000003,2.1067808781448325,3.451566121335619
JR,v0,0.5,0.35100000000000003,2.1187879933255407,3.4181603896114297
JR,v0,0.5,0.352,2.1306564605697726,3.3849250542541847
JR,v0,0.5,0.353,2.142386070575558,3.3520574953478843
JR,v0,0.5,0.354,2.1539781781491025,3.319746234173228
JR,v0,0.5,0.355,2.165435702204791,3.288188413379469
JR,v0,0.5,0.356,2.1767631257651865,3.2575879050595744
JR,v0,0.5,0.357,2.187966495961031,3.2281412266910614
JR,v0,0.5,0.358,2.199053424031245,3.2000325865716728
JR,v0,0.5,0.359,2.2100330853229253,3.1734208755365314
JR,v0,0.5,0.36,2.220912843300185,3.148465902705589
JR,v0,0.5,0.361,2.2316871624846533,3.125311856562561
JR,v0,0.5,0.362,2.242351225474621,3.104082340662268
JR,v0,0.5,0.363,2.2529021364916972,3.0848820700625454
JR,v0,0.5,0.364,2.2633387267834046,3.0678014421573057
JR,v0,0.5,0.365,2.2736615546231773,3.0529098511807184
JR,v0,0.5,0.366,2.2838729053103606,3.040249532881656
JR,v0,0.5,0.367,2.293976791170213,3.0298340078060617
JR,v0,0.5,0.368,2.3039789515539035,3.0216525337448177
JR,v0,0.5,0.369,2.3138868528385137,3.0156686168345335
JR,v0,0.5,0.37,2.323709688427037,3.011820171033641
JR,v0,0.5,0.371,2.3334580673327094,3.0100205202628665
JR,v0,0.5,0.372,2.343131637480138,3.010157464172886
JR,v0,0.5,0.373,2.3527232233888253,3.012093786762399
JR,v0,0.5,0.374,2.362228877402861,3.015669209180237
JR,v0,0.5,0.375,2.371646394047883,3.0207100354044467
JR,v0,0.5,0.376,2.380975310031072,3.0270398968453707
JR,v0,0.5,0.377,2.3902169042411567,3.034473505635191
JR,v0,0.5,0.378,2.3993741977484113,3.0428154974861035
JR,v0,0.5,0.379,2.408451953804654,3.051874106642843
JR,v0,0.5,0.38,2.4174566778432514,3.0614794641920957
JR,v0,0.5,0.381,2.4263966174791127,3.07150201682354
JR,v0,0.5,0.382,2.435281762508696,3.081833079067429
JR,v0,0.5,0.383,2.4441199783965333,3.09236279432062
JR,v0,0.5,0.384,2.4529042541230637,3.1029881105471695
JR,v0,0.5,0.385,2.4616292062340186,3.113629879056778
JR,v0,0.5,0.386,2.4702915112963724,3.1242513202408553
JR,v0,0.5,0.387,2.4788895821391996,3.1348863499384167
JR,v0,0.5,0.388,2.4874235678536727,3.145595486390286
JR,v0,0.5,0.389,2.49589535379306,3.1564352646447054
JR,v0,0.5,0.39,2.504308561572732,3.1674545919861883
JR,v0,0.5,0.391,2.512668549070155,3.178697259585637
JR,v0,0.5,0.392,2.520982410424896,3.1902220611756196
JR,v0,0.5,0.393,2.5292589760386193,3.20212770442393
JR,v0,0.5,0.394,2.5375087864176242,3.2145346150863174
JR,v0,0.5,0.395,2.5457339575166555,3.227548358866167
JR,v0,0.5,0.396,2.5539263518403765,3.241251251510734
JR,v0,0.5,0.397,2.562081505991844,3.2557045269153013
JR,v0,0.5,0.398,2.570196662870108,3.270952843845157
JR,v0,0.5,0.399,2.5782707716702085,3.2870435637345143
JR,v0,0.5,0.4,2.586304487883179,3.304040058847324
JR,v0,0.5,0.401,2.594300173296044,3.3219997172877473
JR,v0,0.5,0.402,2.6022618959918202,3.3409637643969017
JR,v0,0.5,0.403,2.610195430349518,3.3609590572751076
JR,v0,0.5,0.404,2.6181082570441356,3.3819979221363137
JR,v0,0.5,0.405,2.6260095630466678,3.40408209764472
JR,v0,0.5,0.406,2.6339095172615496,3.427212208332341
JR,v0,0.5,0.40700000000000003,2.641805370192213,3.4513883826615763
JR,v0,0.5,0.40800000000000003,2.6496900687316853,3.4766088311687455
JR,v0,0.5,0.40900000000000003,2.657559687211334,3.502870895725936
JR,v0,0.5,0.41000000000000003,2.665411987948958,3.5301681263434865
JR,v0,0.5,0.41100000000000003,2.6732464212487907,3.558483081086694
JR,v0,0.5,0.41200000000000003,2.6810641254015013,3.5877856033947024
JR,v0,0.5,0.41300000000000003,2.6888679266841913,3.6180374834743554
JR,v0,0.5,0.41400000000000003,2.6966623393603966,3.6491859795979678
JR,v0,0.5,0.41500000000000004,2.7044535656800868,3.6811667875460836
JR,v0,0.5,0.41600000000000004,2.712249495879665,3.713920745641736
JR,v0,0.5,0.417,2.7200597081819704,3.747390725051633
JR,v0,0.5,0.418,2.7278933342599396,3.7815085648134907
JR,v0,0.5,0.419,2.7357447683564637,3.816192101165835
JR,v0,0.5,0.42,2.7436080732321866,3.851347509848078
JR,v0,0.5,0.421,2.7514798102291134,3.886868574386661
JR,v0,0.5,0.422,2.759358256812804,3.9226414926121373
JR,v0,0.5,0.423,2.7672434065723626,3.958551693628578
JR,v0,0.5,0.424,2.775136969220448,3.99447992650384
JR,v0,0.5,0.425,2.783042370593265,4.030306662610965
JR,v0,0.5,0.426,2.7909647526505696,4.065911104838701
JR,v0,0.5,0.427,2.798910973475667,4.1011745056916755
JR,v0,0.5,0.428,2.806889607275413,4.1359797388525825
JR,v0,0.5,0.429,2.814910944380212,4.170198433914459
JR,v0,0.5,0.43,2.8229827842083584,4.20369595730266
JR,v0,0.5,0.431,2.831098017886733,4.236340052821196
JR,v0,0.5,0.432,2.8392515895687715,4.268000188901397
JR,v0,0.5,0.433,2.8474405539819703,4.298557191047002
JR,v0,0.5,0.434,2.8556637921390093,4.3279098950144395
JR,v0,0.5,0.435,2.8639220113377526,4.355964653818221
JR,v0,0.5,0.436,2.872217745161249,4.38262761305654
JR,v0,0.5,0.437,2.8805553534777344,4.407803524232731
JR,v0,0.5,0.438,2.888941022440625,4.431402022439414
JR,v0,0.5,0.439,2.8973827644885257,4.453336784396944
JR,v0,0.5,0.44,2.9058904183452237,4.473535331691594
JR,v0,0.5,0.441,2.914475649019694,4.491944958223405
JR,v0,0.5,0.442,2.923144494545016,4.508537904888866
JR,v0,0.5,0.443,2.9318893089882274,4.523298038475144
JR,v0,0.5,0.444,2.9407056698735268,4.536218067455133
JR,v0,0.5,0.445,2.949591240995158,4.5472946199046556
JR,v0,0.5,0.446,2.95854575671585,4.556525192296059
JR,v0,0.5,0.447,2.9675710219668123,4.563920416152074
JR,v0,0.5,0.448,2.9766709122477417,4.5695065045185945
JR,v0,0.5,0.449,2.9858513736268155,4.573333928833772
JR,v0,0.5,0.45,2.995120422740696,4.575464478419009
JR,v0,0.5,0.451,3.0044881467945266,4.575972704656573
JR,v0,0.5,0.452,3.013966703561937,4.574944907856173
JR,v0,0.5,0.453,3.0235701555240544,4.5724730837729375
JR,v0,0.5,0.454,3.0333018085174466,4.568653726970261
JR,v0,0.5,0.455,3.043154294801366,4.563593698320729
JR,v0,0.5,0.456,3.0531238189102394,4.557412110778599
JR,v0,0.5,0.457,3.0632091027807316,4.550236267909967
JR,v0,0.5,0.458,3.073411385751745,4.5422104274529325
JR,v0,0.5,0.459,3.0837344245644163,4.53349039275908
JR,v0,0.5,0.46,3.0941844933621216,4.524232617654999
JR,v0,0.5,0.461,3.1047703836904708,4.514587584668414
JR,v0,0.5,0.462,3.115503404497314,4.5047086357134996
JR,v0,0.5,0.463,3.126397382132735,4.494754417715688
JR,v0,0.5,0.464,3.1374686603490543,4.484888897551843
JR,v0,0.5,0.465,3.1487342902874675,4.4752818730286235
JR,v0,0.5,0.466,3.16019322539668,4.466112450715117
JR,v0,0.5,0.467,3.1718391810281337,4.457558983233152
JR,v0,0.5,0.468,3.1836698445970186,4.449798559267671
JR,v0,0.5,0.46900000000000003,3.195686210097102,4.442999715906218
JR,v0,0.5,0.47000000000000003,3.2078925781007315,4.437323217781648
JR,v0,0.5,0.47100000000000003,3.220296555758825,4.432923171273981
JR,v0,0.5,0.47200000000000003,3.232909056800884,4.4299565294780106
JR,v0,0.5,0.47300000000000003,3.2457443015349825,4.428578810261971
JR,v0,0.5,0.47400000000000003,3.2588198168477747,4.42894275527625
JR,v0,0.5,0.47500000000000003,3.272156436204491,4.431202138681856
JR,v0,0.5,0.47600000000000003,3.2857782996489364,4.435516258152363
JR,v0,0.5,0.47700000000000004,3.2997020747824006,4.442026963155772
JR,v0,0.5,0.47800000000000004,3.3139215992301194,4.45085392391134
JR,v0,0.5,0.47900000000000004,3.3284337201679994,4.4621155169944435
JR,v0,0.5,0.48,3.343240023716273,4.47592304510237
JR,v0,0.5,0.481,3.358346829716565,4.492391763097442
JR,v0,0.5,0.482,3.3737651917318883,4.511631069261959
JR,v0,0.5,0.483,3.389510897046648,4.533718730056832
JR,v0,0.5,0.484,3.405604466666639,4.558727623101173
JR,v0,0.5,0.485,3.422071155319046,4.586735749787582
JR,v0,0.5,0.486,3.438940951452445,4.617780296998222
JR,v0,0.5,0.487,3.456248577236804,4.651872789016316
JR,v0,0.5,0.488,3.4740282643948244,4.6890345873133485
JR,v0,0.5,0.489,3.4922829525541816,4.7292716603643505
JR,v0,0.5,0.49,3.5110096529881916,4.772567849585438
JR,v0,0.5,0.491,3.530213030839655,4.818871429726482
JR,v0,0.5,0.492,3.5499051866564213,4.86809997054213
JR,v0,0.5,0.493,3.570105656391397,4.9201444239800844
JR,v0,0.5,0.494,3.590841411402538,4.974875961434359
JR,v0,0.5,0.495,3.6121468584528564,5.032135084221184
JR,v0,0.5,0.496,3.634063839710414,5.091724647733471
JR,v0,0.5,0.497,3.656641632748327,5.153465883763883
JR,v0,0.5,0.498,3.6799369505447643,5.217175208753613
JR,v0,0.5,0.499,3.7040070685657898,5.282641233864938
JR,v0,0.5,0.5,3.728865489150985,5.3496152332856335
JR,v0,0.5,0.501,3.7545150178296436,5.417846953532537
JR,v0,0.5,0.502,3.780971285173244,5.487076095385496
JR,v0,0.5,0.503,3.808262732179172,5.5570085435078225
JR,v0,0.5,0.504,3.8364306102707157,5.627318802419186
JR,v0,0.5,0.505,3.86552898129707,5.697732882630109
JR,v0,0.5,0.506,3.8956247175333343,5.768012123533197
JR,v0,0.5,0.507,3.9267975016805137,5.837941015884042
JR,v0,0.5,0.508,3.959139826865517,5.907331485810496
JR,v0,0.5,0.509,3.9927569328948227,5.975992756930644
JR,v0,0.5,0.51,4.027734189979882,6.043738222339183
JR,v0,0.5,0.511,4.064090226260228,6.11038877433748
JR,v0,0.5,0.512,4.101853618897355,6.175734074396761
JR,v0,0.5,0.513,4.141076592349665,6.239609142826184
JR,v0,0.5,0.514,4.181835018372462,6.301949568974295
JR,v0,0.5,0.515,4.224228416017951,6.362723252734662
JR,v0,0.5,0.516,4.268379951635244,6.421887470679971
JR,v0,0.5,0.517,4.314436438870357,6.47938555927088
JR,v0,0.5,0.518,4.362568338666207,6.535168534791386
JR,v0,0.5,0.519,4.412969759262617,6.58919458817873
JR,v0,0.5,0.52,4.46582068765727,6.64140802658678
JR,v0,0.5,0.521,4.521192491709049,6.691762787970964
JR,v0,0.5,0.522,4.5791663402449245,6.740251989894833
JR,v0,0.5,0.523,4.6398649425700995,6.786884466772409
JR,v0,0.5,0.524,4.703452541244838,6.831669134170807
JR,v0,0.5,0.525,4.770134912084456,6.8746031755136
JR,v0,0.5,0.526,4.8401593641593355,6.9156654038158445
JR,v0,0.5,0.527,4.913814739794913,6.954838523749636
JR,v0,0.5,0.528,4.991431414571682,6.992093786789459
JR,v0,0.5,0.529,5.0733737031158705,7.027369558814967
JR,v0,0.5,0.53,5.159859444713723,7.060629057481284
JR,v0,0.5,0.531,5.2510913685855485,7.091876596516133
JR,v0,0.5,0.532,5.3473337905217235,7.121108113579473
JR,v0,0.5,0.533,5.448879710882992,7.14832372108588
JR,v0,0.5,0.534,5.556050814600471,7.173540315400629
JR,v0,0.5,0.535,5.669197471175635,7.196774321070347
JR,v0,0.5,0.536,5.788698734680342,7.218035897429163
JR,v0,0.5,0.537,5.914962343756806,7.237323231769838
JR,v0,0.5,0.538,6.048424721617616,7.254623689296934
JR,v0,0.5,0.539,6.189144360176363,7.269978764685254
JR,v0,0.5,0.54,6.337161799621389,7.2834405307914825
JR,v0,0.5,0.541,6.493102776083919,7.295062744245269
JR,v0,0.5,0.542,6.657371879031193,7.304911623696371
JR,v0,0.5,0.543,6.830144774328866,7.313066004684407
JR,v0,0.5,0.544,7.011368204241022,7.31958936873352
JR,v0,0.5,0.545,7.20075998743016,7.324535203160592
JR,v0,0.5,0.546,7.397809018957205,7.327943170051376
JR,v0,0.5,0.547,7.601775270281503,7.329877798757038
JR,v0,0.5,0.548,7.811689789260821,7.330422308993983
JR,v0,0.5,0.549,8.026420396573428,7.32961079411457
JR,v0,0.5,0.55,8.24505551015708,7.327491480010471
JR,v0,0.5,0.551,8.466573744601504,7.32413095663636
JR,v0,0.5,0.552,8.68975183177621,7.3195666696514134
JR,v0,0.5,0.553,8.91317530860638,7.3138163784208094
JR,v0,0.5,0.554,9.135238517072882,7.306866601974853
JR,v0,0.5,0.555,9.354144604212266,7.298674437777033
JR,v0,0.5,0.556,9.56790552211676,7.289205169824883
JR,v0,0.5,0.557,9.774342027934274,7.278385008921788
JR,v0,0.5,0.558,9.971116747078334,7.2661097620871375
JR,v0,0.5,0.559,10.15668104284357,7.25230132913318
JR,v0,0.5,0.56,10.329971474046417,7.2368988135256345
JR,v0,0.5,0.561,10.489855687575645,7.219822947276459
JR,v0,0.5,0.562,10.635239727797423,7.200987201387668
JR,v0,0.5,0.5630000000000001,10.765068036555338,7.180269884102087
JR,v0,0.5,0.5640000000000001,10.878323453170403,7.15752613217823
JR,v0,0.5,0.5650000000000001,10.974027214441023,7.132599826032947
JR,v0,0.5,0.5660000000000001,11.051238954643035,7.105331793146869
JR,v0,0.5,0.5670000000000001,11.10922506696157,7.07562595489517
JR,v0,0.5,0.5680000000000001,11.148001080301368,7.043426001144691
JR,v0,0.5,0.5690000000000001,11.167646195251681,7.008679363093287
JR,v0,0.5,0.5700000000000001,11.16826430898719,6.97135232585239
JR,v0,0.5,0.5710000000000001,11.1499949437545,6.931418549885426
JR,v0,0.5,0.5720000000000001,11.113013246872145,6.888840196362157
JR,v0,0.5,0.5730000000000001,11.057529990730576,6.843606303841856
JR,v0,0.5,0.5740000000000001,10.983791572792173,6.795743037965817
JR,v0,0.5,0.5750000000000001,10.892114551546227,6.745327082748275
JR,v0,0.5,0.5760000000000001,10.783174059863182,6.692493967940907
JR,v0,0.5,0.577,10.657791990502474,6.637388000747822
JR,v0,0.5,0.578,10.516781665277591,6.580160629786878
JR,v0,0.5,0.579,10.360951682255076,6.520941950112603
JR,v0,0.5,0.58,10.191105915754465,6.459851018607179
JR,v0,0.5,0.581,10.0080435163483,6.397041838408428
JR,v0,0.5,0.582,9.81255891086213,6.332678669889023
JR,v0,0.5,0.583,9.605441802374513,6.266939846143756
JR,v0,0.5,0.584,9.387621238992674,6.2000125587107515
JR,v0,0.5,0.585,9.160231749606686,6.132075900388333
JR,v0,0.5,0.586,8.924283707802802,6.06327120267991
JR,v0,0.5,0.587,8.680808889670397,5.993738527218922
JR,v0,0.5,0.588,8.43086291551819,5.9236210754602565
JR,v0,0.5,0.589,8.175525249874246,5.853035355508735
JR,v0,0.5,0.59,7.915899201485958,5.782062626538717
JR,v0,0.5,0.591,7.65311192332007,5.71078867914794
JR,v0,0.5,0.592,7.38832377797258,5.639324470993702
JR,v0,0.5,0.593,7.122824717442736,5.567758151830839
JR,v0,0.5,0.594,6.857762304354367,5.496163020158729
JR,v0,0.5,0.595,6.594275632430955,5.424649279422903
JR,v0,0.5,0.596,6.3335601607847725,5.353312319931552
JR,v0,0.5,0.597,6.076867713916904,5.2822438503416045
JR,v0,0.5,0.598,5.82550648171722,5.211538885284803
JR,v0,0.5,0.599,5.580841019464401,5.141292346324913
JR,v0,0.5,0.6,5.34429224782593,5.071579309524541
JR,v0,0.5,0.601,5.1171748298162605,5.002508779549346
JR,v0,0.5,0.602,4.900464633214089,4.934218167735059
JR,v0,0.5,0.603,4.695378375947996,4.866856810543749
JR,v0,0.5,0.604,4.503019753735003,4.800592812434403
JR,v0,0.5,0.605,4.324356136810138,4.735567840408122
JR,v0,0.5,0.606,4.160218569926393,4.6718870935268395
JR,v0,0.5,0.607,4.011301772354766,4.60964766441336
JR,v0,0.5,0.608,3.878164137884248,4.548956977787891
JR,v0,0.5,0.609,3.7612277348218157,4.489929180244754
JR,v0,0.5,0.61,3.6607782893936864,4.432665778299732
JR,v0,0.5,0.611,3.576877037163932,4.377269679974304
JR,v0,0.5,0.612,3.509311530759746,4.323825729850088
JR,v0,0.5,0.613,3.457688510858027,4.272369116220869
JR,v0,0.5,0.614,3.421400755439425,4.222904200650396
JR,v0,0.5,0.615,3.3996270797883454,4.1754423444313655
JR,v0,0.5,0.616,3.3913275175361406,4.129976184137938
JR,v0,0.5,0.617,3.3951802894124867,4.086482501479969
JR,v0,0.5,0.618,3.409653341440883,4.044909920275162
JR,v0,0.5,0.619,3.4330689363202147,4.005192732699307
JR,v0,0.5,0.62,3.4636022636402792,3.967238258331667
JR,v0,0.5,0.621,3.4992808836041256,3.9309805769963373
JR,v0,0.5,0.622,3.5378295167247202,3.896354101024656
JR,v0,0.5,0.623,3.577291839383154,3.8632718539132083
JR,v0,0.5,0.624,3.616037633598804,3.831645437163995
JR,v0,0.5,0.625,3.6524881519364314,3.801402783471906
JR,v0,0.5,0.626,3.6851161175061335,3.7724847500769947
JR,v0,0.5,0.627,3.7124457239633877,3.7448174890049817
JR,v0,0.5,0.628,3.7330526355090186,3.71835686833267
JR,v0,0.5,0.629,3.7456564868963724,3.693067269273297
JR,v0,0.5,0.63,3.7500765599237447,3.668925942941433
JR,v0,0.5,0.631,3.7467489502748563,3.645927635244106
JR,v0,0.5,0.632,3.7360335616721265,3.6240979471865034
JR,v0,0.5,0.633,3.7182041191266606,3.6034385472659953
JR,v0,0.5,0.634,3.693448168938234,3.5839451090082743
JR,v0,0.5,0.635,3.6618670786952805,3.565631927435898
JR,v0,0.5,0.636,3.623726992595497,3.548509712621649
JR,v0,0.5,0.637,3.5802259127899383,3.5325828943532946
JR,v0,0.5,0.638,3.5324595547113997,3.5178793750620376
JR,v0,0.5,0.639,3.481316941063417,3.504425904837209
JR,v0,0.5,0.64,3.427492342977903,3.4922103752013687
JR,v0,0.5,0.641,3.371485280015131,3.481201701255074
JR,v0,0.5,0.642,3.313600520163746,3.471364284904735
JR,v0,0.5,0.643,3.254216847075927,3.4626292345694116
JR,v0,0.5,0.644,3.194063827236061,3.454935185041975
JR,v0,0.5,0.645,3.1336355059536665,3.4481953629890256
JR,v0,0.5,0.646,3.0733175396888157,3.4423175658101677
JR,v0,0.5,0.647,3.013389187203602,3.437183479164938
JR,v0,0.5,0.648,2.9540233095621247,3.432645514253743
JR,v0,0.5,0.649,2.895286370130494,3.4285468354812356
JR,v0,0.5,0.65,2.8371384345768274,3.424717342006034
JR,v0,0.5,0.651,2.7795949381014076,3.4209976196582175
JR,v0,0.5,0.652,2.7229508500404815,3.41723682873924
JR,v0,0.5,0.653,2.6671100319761045,3.4132764332557133
JR,v0,0.5,0.654,2.6119835997184584,3.4089469662524157
JR,v0,0.5,0.655,2.557519982496858,3.4040694595479994
JR,v0,0.5,0.656,2.5037049229597574,3.3984808079268074
JR,v0,0.5,0.657,2.45056147717475,3.3920537825756316
JR,v0,0.5,0.658,2.3981500146285644,3.3846941650618585
JR,v0,0.5,0.659,2.3465682182270697,3.376343651418846
JR,v0,0.5,0.66,2.2959514370083767,3.3669437619719043
JR,v0,0.5,0.661,2.246239669014054,3.3564293601454387
JR,v0,0.5,0.662,2.197254888658591,3.344753880778586
JR,v0,0.5,0.663,2.1488812481716675,3.331918101427446
JR,v0,0.5,0.664,2.1010666022723807,3.3179668820244994
JR,v0,0.5,0.665,2.053822508169267,3.302968812286114
JR,v0,0.5,0.666,2.007224225560286,3.2869976263652347
JR,v0,0.5,0.667,1.9614107166328267,3.2701255715287783
JR,v0,0.5,0.668,1.9165846460637095,3.2524206782849334
JR,v0,0.5,0.669,1.8730123810191817,3.233952429476088
JR,v0,0.5,0.67,1.8308800161096777,3.2148206629090597
JR,v0,0.5,0.671,1.78997942768164,3.195144075693682
JR,v0,0.5,0.672,1.7502358566277696,3.175041993043706
JR,v0,0.5,0.673,1.7116203278185687,3.154620103389918
JR,v0,0.5,0.674,1.6741398735816828,3.1339666781597635
JR,v0,0.5,0.675,1.6378375337019184,3.113164144810901
JR,v0,0.5,0.676,1.6027923554212276,3.0923101839900387
JR,v0,0.5,0.677,1.5691193934387169,3.071514492016812
JR,v0,0.5,0.678,1.5369697099106432,3.0508863194317413
JR,v0,0.5,0.679,1.5065287947060728,3.030522118465244
JR,v0,0.5,0.68,1.4778145097285078,3.0105203185027483
JR,v0,0.5,0.681,1.45070160414084,2.990967675748497
JR,v0,0.5,0.682,1.4251312527302247,2.971941919650524
JR,v0,0.5,0.683,1.4010669176173867,2.953509190603211
JR,v0,0.5,0.684,1.3784943482566403,2.9357388033365317
JR,v0,0.5,0.685,1.357421581435874,2.9187025119356917
JR,v0,0.5,0.686,1.3378789412765526,2.9024695075860962
JR,v0,0.5,0.687,1.319919039233726,2.8871065812875925
JR,v0,0.5,0.6880000000000001,1.3036167740960192,2.872676407190902
JR,v0,0.5,0.6890000000000001,1.2890439238215388,2.8592328337553408
JR,v0,0.5,0.6900000000000001,1.2761005421461764,2.8468273136228954
JR,v0,0.5,0.6910000000000001,1.2646840582244367,2.8355095312711667
JR,v0,0.5,0.6920000000000001,1.2547174228459301,2.8253238530428404
JR,v0,0.5,0.6930000000000001,1.2461394342475192,2.8163048541740876
JR,v0,0.5,0.6940000000000001,1.2389047381133187,2.8084866620660898
JR,v0,0.5,0.6950000000000001,1.2329838275746994,2.8018949463477285
JR,v0,0.5,0.6960000000000001,1.2283630432102877,2.7965521283684636
JR,v0,0.5,0.6970000000000001,1.2250445730459605,2.792490912345998
JR,v0,0.5,0.6980000000000001,1.2230464525548497,2.7897288092450685
JR,v0,0.5,0.6990000000000001,1.2223813159694865,2.788280313958234
JR,v0,0.5,0.7000000000000001,1.2229395643850198,2.7881541921700848
JR,v0,0.5,0.7010000000000001,1.2246248839514005,2.789350725298953
JR,v0,0.5,0.7020000000000001,1.2273590137318484,2.7918601727904924
JR,v0,0.5,0.7030000000000001,1.2310743816147873,2.7956742062568183
JR,v0,0.5,0.704,1.2357141043138533,2.8007798895673206
JR,v0,0.5,0.705,1.2412319873678888,2.80715856096058
JR,v0,0.5,0.706,1.2475925251409432,2.8147723756272645
JR,v0,0.5,0.707,1.254770900822276,2.8235852583843815
JR,v0,0.5,0.708,1.2627529864263538,2.8335502647596935
JR,v0,0.5,0.709,1.2715353427928493,2.8446155662950487
JR,v0,0.5,0.71,1.2810791478360608,2.856728975266167
JR,v0,0.5,0.711,1.2912899594301113,2.86983197218668
JR,v0,0.5,0.712,1.3021049124422044,2.883860806857734
JR,v0,0.5,0.713,1.3134675547004004,2.8987495140808455
JR,v0,0.5,0.714,1.3253277397528436,2.9144341282079664
JR,v0,0.5,0.715,1.33764162686776,2.9308553637546852
JR,v0,0.5,0.716,1.3503716810334545,2.94794669742798
JR,v0,0.5,0.717,1.3634866729583193,2.9656396937342016
JR,v0,0.5,0.718,1.3769616790708241,2.98386604390976
JR,v0,0.5,0.719,1.3907780815195219,3.0025526301951646
JR,v0,0.5,0.72,1.40492356817305,3.021629335382429
JR,v0,0.5,0.721,1.4193888289270822,3.041042172766286
JR,v0,0.5,0.722,1.4341204944255734,3.0607405288614404
JR,v0,0.5,0.723,1.449072152427318,3.08067197902165
JR,v0,0.5,0.724,1.4642097919732642,3.100782904604858
JR,v0,0.5,0.725,1.4795025273412614,3.1210206461309355
JR,v0,0.5,0.726,1.4949225980460579,3.1413272852443925
JR,v0,0.5,0.727,1.5104453688393011,3.161644698964917
JR,v0,0.5,0.728,1.526049329709536,3.1819276495413336
JR,v0,0.5,0.729,1.5417160958822076,3.202139400893866
JR,v0,0.5,0.73,1.5574304078196577,3.2222403318067023
JR,v0,0.5,0.731,1.5731801312211302,3.2421946750849413
JR,v0,0.5,0.732,1.5889562570227662,3.261965181205483
JR,v0,0.5,0.733,1.6047529013976032,3.2815121811908754
JR,v0,0.5,0.734,1.620565429855609,3.3007964681072908
JR,v0,0.5,0.735,1.6363655765934992,3.319783358255308
JR,v0,0.5,0.736,1.6521316632561351,3.3384363758609665
JR,v0,0.5,0.737,1.6678490743823353,3.3567221280292245
JR,v0,0.5,0.738,1.6835048084454054,3.374609938884309
JR,v0,0.5,0.739,1.6990874778531393,3.3920709533042217
JR,v0,0.5,0.74,1.7145873089478196,3.4090746624975163
JR,v0,0.5,0.741,1.7299961420062204,3.4255937602280135
JR,v0,0.5,0.742,1.7453074312395995,3.4416046515777112
JR,v0,0.5,0.743,1.760516244793708,3.457080907438548
JR,v0,0.5,0.744,1.775619264748784,3.4719956709460105
JR,v0,0.5,0.745,1.7906147871195528,3.4863246490261037
JR,v0,0.5,0.746,1.80550272185523,3.5000447804980257
JR,v0,0.5,0.747,1.8202845928395215,3.5131353489644477
JR,v0,0.5,0.748,1.8349592926371239,3.525582842960839
JR,v0,0.5,0.749,1.8495105076249452,3.5373764882066205
JR,v0,0.5,0.75,1.863931706430011,3.5485062425421643
JR,v0,0.5,0.751,1.8782187474800272,3.5589625796304567
JR,v0,0.5,0.752,1.8923685797039784,3.5687359406054235
JR,v0,0.5,0.753,1.9063792425321227,3.577817031760534
JR,v0,0.5,0.754,1.9202498658959937,3.586203041506944
JR,v0,0.5,0.755,1.9339806702284008,3.5938977294752465
JR,v0,0.5,0.756,1.9475729664634294,3.600905225461849
JR,v0,0.5,0.757,1.9610291560364406,3.6072305040928345
JR,v0,0.5,0.758,1.974352730884069,3.612878961758044
JR,v0,0.5,0.759,1.9875468306825343,3.617858661282984
JR,v0,0.5,0.76,2.000608049940085,3.622179880218602
JR,v0,0.5,0.761,2.0135329398129906,3.625855605692652
JR,v0,0.5,0.762,2.026319345749261,3.6289021935164936
JR,v0,0.5,0.763,2.0389662942684743,3.631340788465948
JR,v0,0.5,0.764,2.051473992961785,3.63319279916957
JR,v0,0.5,0.765,2.063843830491917,3.634478429266736
JR,v0,0.5,0.766,2.07607837659317,3.6352185969328215
JR,v0,0.5,0.767,2.088181382071412,3.6354352073103677
JR,v0,0.5,0.768,2.1001577788040873,3.6351555489305905
JR,v0,0.5,0.769,2.1120136797402105,3.634408468985471
JR,v0,0.5,0.77,2.1237548841683855,3.6332238976283837
JR,v0,0.5,0.771,2.1353791048178885,3.6316351169451155
JR,v0,0.5,0.772,2.1468821082513103,3.6296779971088298
JR,v0,0.5,0.773,2.1582611990502145,3.627390706074183
JR,v0,0.5,0.774,2.1695152147040706,3.6248100689067253
JR,v0,0.5,0.775,2.1806445256102522,3.6219699667042846
JR,v0,0.5,0.776,2.191651035074038,3.6189065436416983
JR,v0,0.5,0.777,2.202538179308611,3.6156631564350388
JR,v0,0.5,0.778,2.2133109274350593,3.6122822400054453
JR,v0,0.5,0.779,2.2239757814823737,3.6088087371089745
JR,v0,0.5,0.78,2.234540776387451,3.6052898408832057
JR,v0,0.5,0.781,2.2450152895681965,3.6017719958813728
JR,v0,0.5,0.782,2.255400034342508,3.5983016137643142
JR,v0,0.5,0.783,2.265688507100352,3.5949204555245187
JR,v0,0.5,0.784,2.2758767825524036,3.5916693007076543
JR,v0,0.5,0.785,2.2859626154802997,3.5885903967012553
JR,v0,0.5,0.786,2.2959454407366353,3.5857259218360262
JR,v0,0.5,0.787,2.3058263732449698,3.5831208222725586
JR,v0,0.5,0.788,2.3156082079998193,3.5808237298164354
JR,v0,0.5,0.789,2.3252954200666647,3.578880501303731
JR,v0,0.5,0.79,2.3348941645819434,3.577331544508563
JR,v0,0.5,0.791,2.344412276753057,3.5762129320294687
JR,v0,0.5,0.792,2.353859271858367,3.5755561386832335
JR,v0,0.5,0.793,2.3632436170964195,3.5753910491367913
JR,v0,0.5,0.794,2.3725592386325065,3.575750921022283
JR,v0,0.5,0.795,2.3818005661575534,3.5766737031162084
JR,v0,0.5,0.796,2.3909642636910413,3.5781958998254066
JR,v0,0.5,0.797,2.400048691454088,3.5803492198028692
JR,v0,0.5,0.798,2.4090539058694524,3.5831597063779412
JR,v0,0.5,0.799,2.4179816595615327,3.5866475904959123
JR,v0,0.5,0.8,2.4268354013563678,3.5908299269316006
JR,v0,0.5,0.801,2.4356202762816332,3.595725028525824
JR,v0,0.5,0.802,2.4443431255666472,3.6013543582872063
JR,v0,0.5,0.803,2.4530124866423657,3.6077358997882754
JR,v0,0.5,0.804,2.4616385867485353,3.6148881052618123
JR,v0,0.5,0.805,2.470224303637525,3.6228259121096897
JR,v0,0.5,0.806,2.4787617360779266,3.6315565089643207
JR,v0,0.5,0.807,2.4872464138542782,3.6410788840295876
JR,v0,0.5,0.808,2.495675555478857,3.651390667727917
JR,v0,0.5,0.809,2.50404806819168,3.662486841457024
JR,v0,0.5,0.81,2.512364547960508,3.67436601555334
JR,v0,0.5,0.811,2.520627279480842,3.6870240502950815
JR,v0,0.5,0.812,2.528840236175926,3.7004525002277058
JR,v0,0.5,0.8130000000000001,2.5370090801967433,3.7146406761157196
JR,v0,0.5,0.8140000000000001,2.5451411624220204,3.72957139411272
JR,v0,0.5,0.8150000000000001,2.5532455224582242,3.745222596544402
JR,v0,0.5,0.8160000000000001,2.561332165409453,3.7615697431612944
JR,v0,0.5,0.8170000000000001,2.5693983840201975,3.778588297153232
JR,v0,0.5,0.8180000000000001,2.577437181537432,3.796252507836745
JR,v0,0.5,0.8190000000000001,2.585444602044783,3.814531359057721
JR,v0,0.5,0.8200000000000001,2.5934183580167423,3.8333917081405877
JR,v0,0.5,0.8210000000000001,2.6013578303186686,3.852797236773183
JR,v0,0.5,0.8220000000000001,2.609264068206788,3.8727088433293613
JR,v0,0.5,0.8230000000000001,2.6171397893281907,3.893087541406963
JR,v0,0.5,0.8240000000000001,2.6249893797208355,3.9138922241272986
JR,v0,0.5,0.8250000000000001,2.632818893813545,3.935077379470948
JR,v0,0.5,0.8260000000000001,2.640636054426009,3.956604229642695
JR,v0,0.5,0.8270000000000001,2.648450252768785,3.978430713716823
JR,v0,0.5,0.8280000000000001,2.6562702756172247,4.000508820368819
JR,v0,0.5,0.8290000000000001,2.664090206419469,4.022790434237293
JR,v0,0.5,0.8300000000000001,2.6719041470981018,4.045230579916381
JR,v0,0.5,0.8310000000000001,2.67970860870589,4.067780110185119
JR,v0,0.5,0.8320000000000001,2.687501768284725,4.090387767679828
JR,v0,0.5,0.833,2.695283468865623,4.113004832407635
JR,v0,0.5,0.834,2.7030552194687316,4.135587098436482
JR,v0,0.5,0.835,2.7108201951033206,4.158095788678227
JR,v0,0.5,0.836,2.7185832367677873,4.180494647059848
JR,v0,0.5,0.837,2.726350851449657,4.202750938323104
JR,v0,0.5,0.838,2.7341312121255794,4.224831196686976
JR,v0,0.5,0.839,2.741934157761332,4.246701917733136
JR,v0,0.5,0.84,2.749766857534412,4.268329393574331
JR,v0,0.5,0.841,2.7576219097795973,4.289682867233875
JR,v0,0.5,0.842,2.765494291763883,4.310741455514993
JR,v0,0.5,0.843,2.7733809660784825,4.331495366885246
JR,v0,0.5,0.844,2.781280609081685,4.3519447680081536
JR,v0,0.5,0.845,2.789193610898853,4.3720901530582275
JR,v0,0.5,0.846,2.797122075422425,4.391934024424678
JR,v0,0.5,0.847,2.805069820311913,4.4114782679287545
JR,v0,0.5,0.848,2.813042376993905,4.430726615600195
JR,v0,0.5,0.849,2.821046990662061,4.44969391001094
JR,v0,0.5,0.85,2.8290926202771205,4.4684018743016445
JR,v0,0.5,0.851,2.8371899385668926,4.486880331644842
JR,v0,0.5,0.852,2.8453442096430104,4.5051707554681935
JR,v0,0.5,0.853,2.85354766548489,4.523312556784388
JR,v0,0.5,0.854,2.8617958793044815,4.54134403426501
JR,v0,0.5,0.855,2.8700863000881385,4.55931014820209
JR,v0,0.5,0.856,2.878418230795866,4.577253430617187
JR,v0,0.5,0.857,2.8867928283613127,4.595217990469639
JR,v0,0.5,0.858,2.89521310369178,4.613257311748981
JR,v0,0.5,0.859,2.903683921668215,4.631432664541739
JR,v0,0.5,0.86,2.912212001145213,4.649810194134478
JR,v0,0.5,0.861,2.920805914951019,4.668458946384978
JR,v0,0.5,0.862,2.929476089887525,4.68744520104961
JR,v0,0.5,0.863,2.9382347264832704,4.706817114701946
JR,v0,0.5,0.864,2.9470847614128655,4.726630830085324
JR,v0,0.5,0.865,2.9560187737649892,4.746936217960148
JR,v0,0.5,0.866,2.9650327537411942,4.767784864469002
JR,v0,0.5,0.867,2.974124828876564,4.789233976123887
JR,v0,0.5,0.868,2.9832952640397123,4.811346505517446
JR,v0,0.5,0.869,2.9925464614327844,4.834185682303662
JR,v0,0.5,0.87,3.001882960591458,4.857803181524931
JR,v0,0.5,0.871,3.0113114383849386,4.882241055254018
JR,v0,0.5,0.872,3.0208407090159666,4.907518772595625
JR,v0,0.5,0.873,3.0304817240208095,4.933663636368763
JR,v0,0.5,0.874,3.040247572269268,4.960694775851923
JR,v0,0.5,0.875,3.0501526557363197,4.988621321307292
JR,v0,0.5,0.876,3.0601969770025716,5.017457179143399
JR,v0,0.5,0.877,3.0703737285204524,5.047201985599946
JR,v0,0.5,0.878,3.080679671019223,5.077848644568144
JR,v0,0.5,0.879,3.0911142091946977,5.109368589408747
JR,v0,0.5,0.88,3.1016793917092556,5.1417089958665505
JR,v0,0.5,0.881,3.112379911191829,5.1747840809037395
JR,v0,0.5,0.882,3.123223104237911,5.208514726192963
JR,v0,0.5,0.883,3.1342189514095526,5.242813669162021
JR,v0,0.5,0.884,3.1453800772353624,5.277590378110103
JR,v0,0.5,0.885,3.15672175021051,5.312749653872089
JR,v0,0.5,0.886,3.1682618827967213,5.348188690318412
JR,v0,0.5,0.887,3.180016752196096,5.383788370248576
JR,v0,0.5,0.888,3.191982023255409,5.419402471081466
JR,v0,0.5,0.889,3.2041525028254356,5.454864358722944
JR,v0,0.5,0.89,3.216526861899472,5.4900223253564855
JR,v0,0.5,0.891,3.2291073103734362,5.524734796220537
JR,v0,0.5,0.892,3.241899597045867,5.558863682312843
JR,v0,0.5,0.893,3.2549130096179253,5.5922954222806505
JR,v0,0.5,0.894,3.2681603746933923,5.62493934799319
JR,v0,0.5,0.895,3.281658057778673,5.65670105547805
JR,v0,0.5,0.896,3.295425963282793,5.687473960794509
JR,v0,0.5,0.897,3.3094875345173973,5.717135479153586
JR,v0,0.5,0.898,3.323869437576065,5.745562486177167
JR,v0,0.5,0.899,3.3385829882778335,5.77267792829915
JR,v0,0.5,0.9,3.3536216918864423,5.798419273671563
JR,v0,0.5,0.901,3.3689840401115405,5.822746930843614
JR,v0,0.5,0.902,3.3846736943939493,5.845641276042321
JR,v0,0.5,0.903,3.400699485905669,5.867084109416997
JR,v0,0.5,0.904,3.4170754155498697,5.887061909701017
JR,v0,0.5,0.905,3.4338206539609004,5.905559436012544
JR,v0,0.5,0.906,3.4509595415042846,5.922552326896306
JR,v0,0.5,0.907,3.4685215882767193,5.938040999017614
JR,v0,0.5,0.908,3.4865414741060774,5.9520521109966475
JR,v0,0.5,0.909,3.505059048551406,5.964615870864923
JR,v0,0.5,0.91,3.5241050263003393,5.975789196903907
JR,v0,0.5,0.911,3.5436769261475245,5.985650181613117
JR,v0,0.5,0.912,3.5637752323983602,5.9942722915257605
JR,v0,0.5,0.913,3.5844087199337067,6.001727002401914
JR,v0,0.5,0.914,3.6055944535419386,6.008090815245042
JR,v0,0.5,0.915,3.627357787918952,6.013452641872544
JR,v0,0.5,0.916,3.649732367668158,6.017912872365616
JR,v0,0.5,0.917,3.672760127300487,6.021570442054753
JR,v0,0.5,0.918,3.6964912912343872,6.024533585762456
JR,v0,0.5,0.919,3.7209843737958255,6.026908106880163
JR,v0,0.5,0.92,3.7463061397670208,6.028799813593163
JR,v0,0.5,0.921,3.7725080309336017,6.03030194527619
JR,v0,0.5,0.922,3.7995944806354673,6.031506529765636
JR,v0,0.5,0.923,3.8275760134239256,6.032495927284128
JR,v0,0.5,0.924,3.8564777023870027,6.03335035801377
JR,v0,0.5,0.925,3.886339169149444,6.034153194642034
JR,v0,0.5,0.926,3.9172145838727115,6.034959279407844
JR,v0,0.5,0.927,3.9491726652549857,6.035841484714762
JR,v0,0.5,0.928,3.9822966805311646,6.036883467167841
JR,v0,0.5,0.929,4.0166844454728645,6.038145389611114
JR,v0,0.5,0.93,4.052448324388418,6.039655254766293
JR,v0,0.5,0.931,4.0897095434432735,6.041427715779516
JR,v0,0.5,0.932,4.128526040219419,6.043469060050268
JR,v0,0.5,0.933,4.168921408409645,6.045786575890378
JR,v0,0.5,0.934,4.21094490310469,6.048387728904149
JR,v0,0.5,0.935,4.2546727919982175,6.051269123769978
JR,v0,0.5,0.936,4.300208355386814,6.054421287300687
JR,v0,0.5,0.937,4.347681886169995,6.057827556463712
JR,v0,0.5,0.9380000000000001,4.39725068985019,6.061460244044695
JR,v0,0.5,0.9390000000000001,4.449099084532765,6.0652823341290425
JR,v0,0.5,0.9400000000000001,4.503438400926003,6.069226253619796
JR,v0,0.5,0.9410000000000001,4.5604973983695345,6.07323445013173
JR,v0,0.5,0.9420000000000001,4.620406482005593,6.077256258280953
JR,v0,0.5,0.9430000000000001,4.683251497373909,6.081217757633885
JR,v0,0.5,0.9440000000000001,4.749162137742685,6.085048289475427
JR,v0,0.5,0.9450000000000001,4.8183129264228395,6.0886936265544955
JR,v0,0.5,0.9460000000000001,4.890923216768007,6.092084666665091
JR,v0,0.5,0.9470000000000001,4.967257192174534,6.0951204754729655
JR,v0,0.5,0.9480000000000001,5.047623866081482,6.097689987783991
JR,v0,0.5,0.9490000000000001,5.132377081970628,6.09968166193752
JR,v0,0.5,0.9500000000000001,5.221915513366466,6.101000084226647
JR,v0,0.5,0.9510000000000001,5.316536833977997,6.101569761613564
JR,v0,0.5,0.9520000000000001,5.416431310915185,6.101310839108777
JR,v0,0.5,0.9530000000000001,5.521920604809751,6.100141513333698
JR,v0,0.5,0.9540000000000001,5.633331897548061,6.097961474552549
JR,v0,0.5,0.9550000000000001,5.750997394644992,6.09469909839182
JR,v0,0.5,0.9560000000000001,5.875254325243945,6.09031555212741
JR,v0,0.5,0.9570000000000001,6.006444942116833,6.084755077169782
JR,v0,0.5,0.9580000000000001,6.144916521664089,6.077974763743648
JR,v0,0.5,0.9590000000000001,6.2910213639146635,6.069960758154897
JR,v0,0.5,0.96,6.445004857476899,6.060698069770304
JR,v0,0.5,0.961,6.606729731534431,6.050201799955105
JR,v0,0.5,0.962,6.776543056471989,6.038525199528555
JR,v0,0.5,0.963,6.954637143654521,6.025733120002489
JR,v0,0.5,0.964,7.1409544013467405,6.011871065945529
JR,v0,0.5,0.965,7.33518733471312,5.99697307211295
JR,v0,0.5,0.966,7.536778545817896,5.9810650176461015
JR,v0,0.5,0.967,7.744920733625062,5.9642395277689
JR,v0,0.5,0.968,7.958556693998375,5.946601030373936
JR,v0,0.5,0.969,8.176425700506758,5.928236777341854
JR,v0,0.5,0.97,8.397393524233241,5.909181463486662
JR,v0,0.5,0.971,8.620276121715065,5.8894803112555225
JR,v0,0.5,0.972,8.843720013702367,5.869170418753677
JR,v0,0.5,0.973,9.066205783068897,5.8482902162115735
JR,v0,0.5,0.974,9.286048074812033,5.826922414624833
JR,v0,0.5,0.975,9.501395596052777,5.805127351965865
JR,v0,0.5,0.976,9.710231116035747,5.782970772216138
JR,v0,0.5,0.977,9.910371466129188,5.760477150137803
JR,v0,0.5,0.978,10.099697270259586,5.73763677151264
JR,v0,0.5,0.979,10.277004230826599,5.714439539908202
JR,v0,0.5,0.98,10.441187120446607,5.690920701307636
JR,v0,0.5,0.981,10.591166018454881,5.667142523206507
JR,v0,0.5,0.982,10.725900606258335,5.643154457575647
JR,v0,0.5,0.983,10.844390167335503,5.618980669414643
JR,v0,0.5,0.984,10.945673587236556,5.594634842389544
JR,v0,0.5,0.985,11.02882935358329,5.570131383779049
JR,v0,0.5,0.986,11.092983864934311,5.545462771373593
JR,v0,0.5,0.987,11.137799634465878,5.520618071589963
JR,v0,0.5,0.988,11.163407056862583,5.495594343602478
JR,v0,0.5,0.989,11.169920077010845,5.470401034774755
JR,v0,0.5,0.99,11.15748690391813,5.4450449886677506
JR,v0,0.5,0.991,11.126290010712937,5.419523837026641
JR,v0,0.5,0.992,11.076546134644822,5.393824436896795
JR,v0,0.5,0.993,11.00850627708436,5.3679158065614025
JR,v0,0.5,0.994,10.92245572747124,5.341779325728561
JR,v0,0.5,0.995,10.818860350215642,5.315415321151514
JR,v0,0.5,0.996,10.698528956700411,5.28882131710178
JR,v0,0.5,0.997,10.562290122561075,5.262007637345311
JR,v0,0.5,0.998,10.41096718080165,5.235014208114462
JR,v0,0.5,0.999,10.245378221794649,5.207891460006091
JR,v0,0.5,1.0,10.066336093281066,5.180654723321094
JR,v0,0.5,1.0010000000000001,9.874648400370381,5.153348326643263
JR,v0,0.5,1.002,9.671117505540634,5.126031844058966
JR,v0,0.5,1.0030000000000001,9.45655621114159,5.098748853931756
JR,v0,0.5,1.004,9.232056506828998,5.071541604093061
JR,v0,0.5,1.0050000000000001,8.998682264138283,5.044503670645147
JR,v0,0.5,1.006,8.757453724395612,5.017734073447595
JR,v0,0.5,1.0070000000000001,8.509416922630512,4.991334523214738
JR,v0,0.5,1.008,8.255643687576299,4.965391687979875
JR,v0,0.5,1.0090000000000001,7.997231641669654,4.939956484370557
JR,v0,0.5,1.01,7.735304201051051,4.9150744388843535
JR,v0,0.5,1.0110000000000001,7.471010575564309,4.89081830614433
JR,v0,0.5,1.012,7.2055661025278095,4.867245751013252
JR,v0,0.5,1.0130000000000001,6.9402449493050895,4.844401198871729
JR,v0,0.5,1.014,6.676171549949029,4.822337119098138
JR,v0,0.5,1.0150000000000001,6.41451081640159,4.801106215695916
JR,v0,0.5,1.016,6.15648162241793,4.780750006858549
JR,v0,0.5,1.0170000000000001,5.903356803565938,4.761282429442761
JR,v0,0.5,1.018,5.656463157226684,4.742694680286744
JR,v0,0.5,1.0190000000000001,5.417181442593975,4.72495484944381
JR,v0,0.5,1.02,5.1869462705283365,4.70802216184559
JR,v0,0.5,1.0210000000000001,4.966896852400723,4.691876647061619
JR,v0,0.5,1.022,4.758062273438043,4.676470982299028
JR,v0,0.5,1.0230000000000001,4.5616111617011335,4.6617557783610355
JR,v0,0.5,1.024,4.3785695247796,4.647669506697219
JR,v0,0.5,1.025,4.209820749791454,4.634117175167484
JR,v0,0.5,1.026,4.056105603383315,4.620991021538615
JR,v0,0.5,1.027,3.918022231730454,4.608187913088402
JR,v0,0.5,1.028,3.796026160536581,4.595593892028433
JR,v0,0.5,1.029,3.6904302950340977,4.583080900859425
JR,v0,0.5,1.03,3.601391283712644,4.570555344064204
JR,v0,0.5,1.031,3.5287797836440262,4.557920330897764
JR,v0,0.5,1.032,3.4722548240331754,4.545067208462449
JR,v0,0.5,1.033,3.4312724990864254,4.5318811941172115
JR,v0,0.5,1.034,3.4050758101869256,4.5182563923502705
JR,v0,0.5,1.035,3.3926946658947017,4.504093043948092
JR,v0,0.5,1.036,3.392920637890306,4.489290858999869
JR,v0,0.5,1.037,3.4042627019582525,4.473740466401356
JR,v0,0.5,1.038,3.4250780640461365,4.457338722798033
JR,v0,0.5,1.039,3.4535892811958355,4.439979922179367
JR,v0,0.5,1.04,3.487883754848248,4.4215866135191835
JR,v0,0.5,1.041,3.525878839047447,4.402116441929689
JR,v0,0.5,1.042,3.5652390936378424,4.381530127887758
JR,v0,0.5,1.043,3.6042658727383454,4.359774996796708
JR,v0,0.5,1.044,3.641443783888281,4.336820819833606
JR,v0,0.5,1.045,3.6753055544548303,4.3126383711849865
JR,v0,0.5,1.046,3.7044320316331003,4.287210916444633
JR,v0,0.5,1.047,3.7274521824460614,4.260553626726607
JR,v0,0.5,1.048,3.743043093744607,4.2326840531579055
JR,v0,0.5,1.049,3.750204261362409,4.203630168101657
JR,v0,0.5,1.05,3.7491918954267938,4.173452023594289
JR,v0,0.5,1.051,3.7405336520925303,4.142224026906705
JR,v0,0.5,1.052,3.724661028745267,4.110014209461822
JR,v0,0.5,1.053,3.701909429998688,4.076905525619913
JR,v0,0.5,1.054,3.6725181676944665,4.043012622669765
JR,v0,0.5,1.055,3.6366305991890275,4.0084440747275805
JR,v0,0.5,1.056,3.594776412268521,3.9733087272935097
JR,v0,0.5,1.057,3.548194178192338,3.9377256139131553
JR,v0,0.5,1.058,3.497905992416907,3.9018164872596226
JR,v0,0.5,1.059,3.4447378541529687,3.865705244142103
JR,v0,0.5,1.06,3.3893196663655125,3.829534228001994
JR,v0,0.5,1.061,3.3320852357738495,3.7934593063043436
JR,v0,0.5,1.062,3.2732750479804036,3.7576298489865247
JR,v0,0.5,1.063,3.2133647072557174,3.722182963074294
JR,v0,0.5,1.064,3.152994358035908,3.687257611839558
JR,v0,0.5,1.065,3.092581521373983,3.6529869331558786
JR,v0,0.5,1.066,3.032449104512043,3.6195016998950824
JR,v0,0.5,1.067,2.972825400881387,3.5869333860004997
JR,v0,0.5,1.068,2.9138440901023994,3.5554062350472733
JR,v0,0.5,1.069,2.8555442379846667,3.5250453155445745
JR,v0,0.5,1.07,2.797870296526863,3.495966025259614
JR,v0,0.5,1.071,2.7408954845282185,3.468269756507326
JR,v0,0.5,1.072,2.684836777286783,3.442040533385663
JR,v0,0.5,1.073,2.629564724466899,3.4173357119514067
JR,v0,0.5,1.074,2.574984225611024,3.394216278574604
JR,v0,0.5,1.075,2.521042250174389,3.3727310248160127
JR,v0,0.5,1.076,2.467727837524917,3.3528962672436005
JR,v0,0.5,1.077,2.4150720969432964,3.3347247734918777
JR,v0,0.5,1.078,2.363148207622915,3.318219686861188
JR,v0,0.5,1.079,2.312071418669923,3.303371002087918
JR,v0,0.5,1.08,2.2619767764480034,3.2901484969950228
JR,v0,0.5,1.081,2.212774381847849,3.278497647323806
JR,v0,0.5,1.082,2.164298650641408,3.268346820648135
JR,v0,0.5,1.083,2.116445828425908,3.2596262074407516
JR,v0,0.5,1.084,2.0691742788294505,3.2522745240609146
JR,v0,0.5,1.085,2.022504483511103,3.2462249460003783
JR,v0,0.5,1.086,1.976519042160806,3.2413930505322606
JR,v0,0.5,1.087,1.931362672499466,3.2376807411596666
JR,v0,0.5,1.088,1.8872422102788615,3.2349768629262035
JR,v0,0.5,1.089,1.8444266092817347,3.2331727866803477
JR,v0,0.5,1.09,1.8030714924894955,3.232164838780436
JR,v0,0.5,1.091,1.7629684821289633,3.2318567629060113
JR,v0,0.5,1.092,1.724052809737712,3.23216401412224
JR,v0,0.5,1.093,1.6862992587385914,3.232985884779873
JR,v0,0.5,1.094,1.6497173549415933,3.2342281564226476
JR,v0,0.5,1.095,1.614351366543909,3.2358186830028335
JR,v0,0.5,1.096,1.5802803041298734,3.2376949613217407
JR,v0,0.5,1.097,1.5476179206710219,3.2398052363772494
JR,v0,0.5,1.098,1.5165127115260306,3.2421182614106474
JR,v0,0.5,1.099,1.487142847123736,3.2446091426549573
JR,v0,0.5,1.1,1.4594956746103493,3.2472551287043725
JR,v0,0.5,1.101,1.4334542308160705,3.250059549540516
JR,v0,0.5,1.102,1.4089598724592873,3.2530363205727344
JR,v0,0.5,1.103,1.385975736727528,3.2562083720103696
JR,v0,0.5,1.104,1.3644867412774193,3.25961156059486
JR,v0,0.5,1.105,1.3444995842347156,3.2632816029481626
JR,v0,0.5,1.106,1.3260427441942788,3.267248156107681
JR,v0,0.5,1.107,1.3091664802200969,3.271532246508902
JR,v0,0.5,1.108,1.2939428318452606,3.27616786004106
JR,v0,0.5,1.109,1.2804319245199371,3.2811960006237597
JR,v0,0.5,1.11,1.2685230405942347,3.286654238157165
JR,v0,0.5,1.111,1.25811701563571,3.2925638349235276
JR,v0,0.5,1.112,1.2491371234303106,3.298933424570368
JR,v0,0.5,1.113,1.241522141680039,3.3057566971588237
JR,v0,0.5,1.114,1.2352263520029378,3.3130255540965914
JR,v0,0.5,1.115,1.2302195399331017,3.3207309400973015
JR,v0,0.5,1.116,1.226486994920668,3.328851997073624
JR,v0,0.5,1.117,1.2240295103318202,3.3373651663295414
JR,v0,0.5,1.118,1.2228633834487912,3.346239406390626
JR,v0,0.5,1.119,1.222995740310716,3.355441348476214
JR,v0,0.5,1.12,1.2243141379282312,3.364929225259126
JR,v0,0.5,1.121,1.226725178054875,3.374645507723175
JR,v0,0.5,1.122,1.2301518380183465,3.3845362263451118
JR,v0,0.5,1.123,1.23452748449116,3.3945535705823078
JR,v0,0.5,1.124,1.2397958734906567,3.404653994221596
JR,v0,0.5,1.125,1.2459111503789932,3.4147898697476604
JR,v0,0.5,1.1260000000000001,1.252837849863151,3.4249082153799764
JR,v0,0.5,1.127,1.2605508959949274,3.434955749720192
JR,v0,0.5,1.1280000000000001,1.2690356021709492,3.4448823524586247
JR,v0,0.5,1.129,1.2782876711326523,3.4546438771251196
JR,v0,0.5,1.1300000000000001,1.2882688095847223,3.464202490231502
JR,v0,0.5,1.131,1.298886628517356,3.473519335431781
JR,v0,0.5,1.1320000000000001,1.3100799394020894,3.4825561014354833
JR,v0,0.5,1.133,1.3217937450071613,3.4912814188292574
JR,v0,0.5,1.1340000000000001,1.333979115332304,3.499662837399092
JR,v0,0.5,1.135,1.3465931876087263,3.507665488469982
JR,v0,0.5,1.1360000000000001,1.3595991662991294,3.5152591874041126
JR,v0,0.5,1.137,1.372966323097689,3.5224172861884777
JR,v0,0.5,1.1380000000000001,1.3866699969300713,3.529115068793993
JR,v0,0.5,1.139,1.4006915939534208,3.5353321481415225
JR,v0,0.5,1.1400000000000001,1.415018587556374,3.5410573108030654
JR,v0,0.5,1.141,1.4296426586758866,3.5462813365440327
JR,v0,0.5,1.1420000000000001,1.4445154092393269,3.550987418724248
JR,v0,0.5,1.143,1.4595900186413475,3.555161476217013
JR,v0,0.5,1.1440000000000001,1.474833752243896,3.5587900715702294
JR,v0,0.5,1.145,1.4902168540489873,3.5618550711228214
JR,v0,0.5,1.1460000000000001,1.505712546698735,3.5643440646171904
JR,v0,0.5,1.147,1.5212970314753216,3.5662501557097
JR,v0,0.5,1.1480000000000001,1.536949488301028,3.567571018634656
JR,v0,0.5,1.149,1.5526520757382056,3.5683082808940476
JR,v0,0.5,1.1500000000000001,1.568389930989302,3.5684709887673103
JR,v0,0.5,1.151,1.5841511698968356,3.568075283729324
JR,v0,0.5,1.1520000000000001,1.5999268869434227,3.567136189700889
JR,v0,0.5,1.153,1.615711155251749,3.5656715019952903
JR,v0,0.5,1.154,1.6315005823748527,3.5637022257214084
JR,v0,0.5,1.155,1.6472723616919067,3.561249650453598
JR,v0,0.5,1.156,1.6630029271549418,3.5583428267808324
JR,v0,0.5,1.157,1.67867813577329,3.5550223919156094
JR,v0,0.5,1.158,1.694285430280094,3.5513358332979545
JR,v0,0.5,1.159,1.7098138391323374,3.547330155551532
JR,v0,0.5,1.16,1.725253976510818,3.5430552623992644
JR,v0,0.5,1.161,1.7405980423201695,3.538561721348538
JR,v0,0.5,1.162,1.7558398221888423,3.533900992904177
JR,v0,0.5,1.163,1.7709746874691241,3.5291325714894928
JR,v0,0.5,1.164,1.7859995952371168,3.524318594385794
JR,v0,0.5,1.165,1.800913088292762,3.519519683978853
JR,v0,0.5,1.166,1.8157152951598121,3.5147970242562887
JR,v0,0.5,1.167,1.830407930085863,3.510210962103597
JR,v0,0.5,1.168,1.844992246043395,3.5058155777801843
JR,v0,0.5,1.169,1.8594534276558297,3.501668208923686
JR,v0,0.5,1.17,1.873783514182982,3.4978307544209657
JR,v0,0.5,1.171,1.8879783612737189,3.494362137853833
JR,v0,0.5,1.172,1.9020349372262197,3.491315469837031
JR,v0,0.5,1.173,1.9159513229879992,3.4887415547478597
JR,v0,0.5,1.174,1.9297267121558845,3.48668676280308
JR,v0,0.5,1.175,1.9433614109760362,3.485192512645725
JR,v0,0.5,1.176,1.95685683834393,3.484294421323451
JR,v0,0.5,1.177,1.970215525804373,3.484026635979234
JR,v0,0.5,1.178,1.9834411175514886,3.4844211335996027
JR,v0,0.5,1.179,1.9965377483088997,3.4855036884113577
JR,v0,0.5,1.18,2.009503309459177,3.487295942902364
JR,v0,0.5,1.181,2.0223339161641376,3.489815134557751
JR,v0,0.5,1.182,2.0350271551768717,3.4930725470446564
JR,v0,0.5,1.183,2.047581822292359,3.497074847407613
JR,v0,0.5,1.184,2.059997922347439,3.5018242936028843
JR,v0,0.5,1.185,2.0722766692208396,3.507317997750726
JR,v0,0.5,1.186,2.0844204858331508,3.513549160845307
JR,v0,0.5,1.187,2.0964330041468457,3.5205057182843484
JR,v0,0.5,1.188,2.1083190651662664,3.5281714608185224
JR,v0,0.5,1.189,2.120084718937634,3.536526214582214
JR,v0,0.5,1.19,2.1317366728571083,3.545547160864712
JR,v0,0.5,1.191,2.1432747091364366,3.555210109743395
JR,v0,0.5,1.192,2.154694245994244,3.565489567052647
JR,v0,0.5,1.193,2.1659921674855194,3.576361048144304
JR,v0,0.5,1.194,2.1771669048183737,3.5878031663152523
JR,v0,0.5,1.195,2.1882184363540627,3.5997921657143297
JR,v0,0.5,1.196,2.1991482876069646,3.612302000784319
JR,v0,0.5,1.197,2.2099595312446008,3.6253047688314863
JR,v0,0.5,1.198,2.220656787087617,3.6387717541718043
JR,v0,0.5,1.199,2.2312462221097995,3.652679048122107
JR,v0,0.5,1.2,2.241735550438062,3.667010757954298
JR,v0,0.5,1.201,2.252134033352459,3.6817489788878945
JR,v0,0.5,1.202,2.2624463696698935,3.6968738788275677
JR,v0,0.5,1.203,2.272665761100712,3.7123683707924937
JR,v0,0.5,1.204,2.282787807655383,3.7282137345929387
JR,v0,0.5,1.205,2.2928098059192354,3.744390329649855
JR,v0,0.5,1.206,2.3027307375005677,3.760881730892464
JR,v0,0.5,1.207,2.3125512690306587,3.777672221763889
JR,v0,0.5,1.208,2.3222737521637504,3.794744575664629
JR,v0,0.5,1.209,2.3319022235770714,3.8120785219102093
JR,v0,0.5,1.21,2.341442404970812,3.8296523609384012
JR,v0,0.5,1.211,2.350901703068144,3.847444208378459
JR,v0,0.5,1.212,2.360289209615209,3.865436403511535
JR,v0,0.5,1.213,2.369614907987916,3.8836178257210365
JR,v0,0.5,1.214,2.378876169038802,3.901977720176692
JR,v0,0.5,1.215,2.388066277585456,3.920501432294604
JR,v0,0.5,1.216,2.397181422705026,3.9391718376835327
JR,v0,0.5,1.217,2.406219491865923,3.9579676764877747
JR,v0,0.5,1.218,2.4151800709278106,3.9768667603164882
JR,v0,0.5,1.219,2.424064444141615,3.9958515159135333
JR,v0,0.5,1.22,2.4328755941495146,4.01491025710464
JR,v0,0.5,1.221,2.4416182019849524,4.0340377572275825
JR,v0,0.5,1.222,2.45029864707262,4.053228426569607
JR,v0,0.5,1.223,2.4589250072284767,4.072477958526565
JR,v0,0.5,1.224,2.4675070586597294,4.091781091974332
JR,v0,0.5,1.225,2.4760519179779608,4.111132380012024
JR,v0,0.5,1.226,2.484552167803179,4.13053260176752
JR,v0,0.5,1.227,2.493002613460934,4.14998089587668
JR,v0,0.5,1.228,2.501400001025567,4.169477275769683
JR,v0,0.5,1.229,2.509742763412285,4.189025261177826
JR,v0,0.5,1.23,2.5180310203771517,4.208630132263593
JR,v0,0.5,1.231,2.5262665785170904,4.22829850050654
JR,v0,0.5,1.232,2.5344529312698816,4.2480377430970755
JR,v0,0.5,1.233,2.542595258914172,4.267854910745096
JR,v0,0.5,1.234,2.550700428569459,4.287759261130901
JR,v0,0.5,1.235,2.5587769941961054,4.3077635640257395
JR,v0,0.5,1.236,2.566835181711598,4.327879917226287
JR,v0,0.5,1.237,2.5748772699662736,4.348125411913871
JR,v0,0.5,1.238,2.58289520057648,4.368517837761807
JR,v0,0.5,1.239,2.590884551225477,4.38906812603711
JR,v0,0.5,1.24,2.5988425661654966,4.409785350205195
JR,v0,0.5,1.241,2.6067681562177554,4.430672717962855
JR,v0,0.5,1.242,2.61466189877244,4.451736113668583
JR,v0,0.5,1.243,2.622526037788721,4.472987937591039
JR,v0,0.5,1.244,2.6303644837947404,4.494439461685402
JR,v0,0.5,1.245,2.6381828138876227,4.51610371220442
JR,v0,0.5,1.246,2.645988271733465,4.537993767294683
JR,v0,0.5,1.247,2.6537897675673463,4.560131571644812
JR,v0,0.5,1.248,2.6615974067221977,4.582530383029148
JR,v0,0.5,1.249,2.6694094467110916,4.60519982060301
JR,v0,0.5,1.25,2.6772187107509673,4.6281398190899985
JR,v0,0.5,1.2510000000000001,2.6850212389898664,4.6513519302314705
JR,v0,0.5,1.252,2.692814739047761,4.674841369775795
JR,v0,0.5,1.2530000000000001,2.700598586016571,4.698616541980627
JR,v0,0.5,1.254,2.708373822460144,4.722691574910756
JR,v0,0.5,1.2550000000000001,2.7161431584142766,4.747076886057331
JR,v0,0.5,1.256,2.7239109713866956,4.771789165054929
JR,v0,0.5,1.2570000000000001,2.731683306357073,4.796834548613459
JR,v0,0.5,1.258,2.739467875777013,4.8222023968422185
JR,v0,0.5,1.2590000000000001,2.7472740595700635,4.847883051111351
JR,v0,0.5,1.26,2.755111474894089,4.873856650762509
JR,v0,0.5,1.2610000000000001,2.7629757852812444,4.9001015607046865
JR,v0,0.5,1.262,2.77086074968346,4.9265826247177085
JR,v0,0.5,1.2630000000000001,2.7787628449573556,4.95326113554052
JR,v0,0.5,1.264,2.7866802687908034,4.980096559400241
JR,v0,0.5,1.2650000000000001,2.794612939702939,5.0070418164250485
JR,v0,0.5,1.266,2.8025624970441454,5.034038893674984
JR,v0,0.5,1.2670000000000001,2.81053230099607,5.060999082512198
JR,v0,0.5,1.268,2.8185274325716114,5.0878368677676855
JR,v0,0.5,1.2690000000000001,2.826554693614929,5.11447101807094
JR,v0,0.5,1.27,2.8346226068014335,5.140805418535796
JR,v0,0.5,1.2710000000000001,2.8427414156378004,5.166746186088026
JR,v0,0.5,1.272,2.8509201047103754,5.192199086531774
JR,v0,0.5,1.2730000000000001,2.8591526559097247,5.217074054732869
JR,v0,0.5,1.274,2.8674336415291695,5.241264064648049
JR,v0,0.5,1.2750000000000001,2.8757599859567806,5.264657333205564
JR,v0,0.5,1.276,2.884130484620459,5.287152589612276
JR,v0,0.5,1.2770000000000001,2.892545803987945,5.3086587015700415
JR,v0,0.5,1.278,2.9010084815668096,5.329094959302795
JR,v0,0.5,1.2790000000000001,2.9095229259044646,5.3483833365800475
JR,v0,0.5,1.28,2.9180954165881494,5.366465807466313
JR,v0,0.5,1.281,2.926734104244944,5.383289054761779
JR,v0,0.5,1.282,2.9354490105417654,5.398798571429987
JR,v0,0.5,1.283,2.9442520281853564,5.412936622158087
JR,v0,0.5,1.284,2.9531513175557524,5.425671340748758
JR,v0,0.5,1.285,2.9621397119071737,5.437011411409156
JR,v0,0.5,1.286,2.971212464734559,5.446974144219545
JR,v0,0.5,1.287,2.980367116936561,5.455574170105555
JR,v0,0.5,1.288,2.98960337849563,5.462833459867926
JR,v0,0.5,1.289,2.99892312847799,5.468784936092564
JR,v0,0.5,1.29,3.008330415033658,5.4734683460387465
JR,v0,0.5,1.291,3.0178314553964314,5.476921715298424
JR,v0,0.5,1.292,3.027434635883897,5.479189889598456
JR,v0,0.5,1.293,3.037150511897423,5.480348160299639
JR,v0,0.5,1.294,3.0469918079221685,5.4804852705843485
JR,v0,0.5,1.295,3.056973388715945,5.479684603995573
JR,v0,0.5,1.296,3.0671012491193945,5.4780287755315396
JR,v0,0.5,1.297,3.077367907605599,5.475601004474914
JR,v0,0.5,1.298,3.0877694006927365,5.47248409128451
JR,v0,0.5,1.299,3.0983044646440527,5.468754506510773
JR,v0,0.5,1.3,3.108974535467876,5.464478367350435
JR,v0,0.5,1.301,3.1197837489176012,5.459744403877648
JR,v0,0.5,1.302,3.13073894049171,5.454655277778596
JR,v0,0.5,1.303,3.141849645433744,5.449309400533491
JR,v0,0.5,1.304,3.1531280987323362,5.443800716066531
JR,v0,0.5,1.305,3.1645892351211793,5.43822652442319
JR,v0,0.5,1.306,3.1762506890790565,5.432670186267549
JR,v0,0.5,1.307,3.1881314358223216,5.427208730412036
JR,v0,0.5,1.308,3.200232548793597,5.421918543411131
JR,v0,0.5,1.309,3.21254753322014,5.416877276815666
JR,v0,0.5,1.31,3.2250742045149465,5.412181286975428
JR,v0,0.5,1.311,3.2378140166262894,5.407900697247393
JR,v0,0.5,1.312,3.25077206203774,5.404096904056131
JR,v0,0.5,1.313,3.2639570717681448,5.4008148934189935
JR,v0,0.5,1.314,3.2773814153716536,5.3980868807738815
JR,v0,0.5,1.315,3.291061100937691,5.395957868917954
JR,v0,0.5,1.316,3.3050157750909803,5.394466554463082
JR,v0,0.5,1.317,3.3192687229915236,5.393652052922082
JR,v0,0.5,1.318,3.3338468683346205,5.3935580920101085
JR,v0,0.5,1.319,3.3487695424618473,5.394215212807084
JR,v0,0.5,1.32,3.3640312014825984,5.395621652700782
JR,v0,0.5,1.321,3.3796291831077863,5.397762201248026
JR,v0,0.5,1.322,3.3955661865410627,5.400626708406619
JR,v0,0.5,1.323,3.4118502664059234,5.404195120885789
JR,v0,0.5,1.324,3.428494832745735,5.408436796144509
JR,v0,0.5,1.325,3.4455186510237086,5.413312200658541
JR,v0,0.5,1.326,3.4629458421229273,5.418768712128492
JR,v0,0.5,1.327,3.480805882346317,5.4247283887558435
JR,v0,0.5,1.328,3.4991336034166762,5.431085863011884
JR,v0,0.5,1.329,3.517969192476646,5.437723038961671
JR,v0,0.5,1.33,3.5373508860925207,5.444522990382105
JR,v0,0.5,1.331,3.557281669109946,5.451359890338143
JR,v0,0.5,1.332,3.577760343604277,5.458102132073812
JR,v0,0.5,1.333,3.598794507233678,5.464594639925922
JR,v0,0.5,1.334,3.6204004120375513,5.470661474118791
JR,v0,0.5,1.335,3.642602964436497,5.4761302157794765
JR,v0,0.5,1.336,3.6654357252323524,5.48084447555517
JR,v0,0.5,1.337,3.6889409096081542,5.484661247706353
JR,v0,0.5,1.338,3.713169387128177,5.487468278540674
JR,v0,0.5,1.339,3.738180681737892,5.489143514085347
JR,v0,0.5,1.34,3.7640429717640096,5.489544679887115
JR,v0,0.5,1.341,3.79081916769861,5.488552172211989
JR,v0,0.5,1.342,3.8185201401334132,5.486092512420356
JR,v0,0.5,1.343,3.847154613187249,5.482113480890392
JR,v0,0.5,1.344,3.8767466259688512,5.476569613637661
JR,v0,0.5,1.345,3.9073355072156373,5.469404524078027
JR,v0,0.5,1.346,3.9389758752937594,5.46057214193062
JR,v0,0.5,1.347,3.971737638198052,5.450074303238649
JR,v0,0.5,1.348,4.0057059935520885,5.437960019018256
JR,v0,0.5,1.349,4.040981428608121,5.424292291340834
JR,v0,0.5,1.35,4.077679720247143,5.4091256581309155
JR,v0,0.5,1.351,4.115929578600616,5.392512979817678
JR,v0,0.5,1.352,4.15580807230057,5.374514669767366
JR,v0,0.5,1.353,4.197339802059839,5.355227981225466
JR,v0,0.5,1.354,4.24057362291035,5.334792402792111
JR,v0,0.5,1.355,4.28558679676272,5.313350096472968
JR,v0,0.5,1.356,4.332484992406344,5.291053203543343
JR,v0,0.5,1.357,4.381402285509301,5.268044640130905
JR,v0,0.5,1.358,4.432501158618453,5.244445013455259
JR,v0,0.5,1.359,4.485972501159347,5.220386664065464
JR,v0,0.5,1.36,4.54203560943631,5.196019550256751
JR,v0,0.5,1.361,4.60093267118506,5.171489785780161
JR,v0,0.5,1.362,4.662817821026161,5.146952479889611
JR,v0,0.5,1.363,4.727782577143567,5.122543368065312
JR,v0,0.5,1.364,4.795961877493517,5.098387779431754
JR,v0,0.5,1.365,4.867536383210325,5.074619004501319
JR,v0,0.5,1.366,4.942732478606498,5.051362376005696
JR,v0,0.5,1.367,5.021822271172607,5.02876427837251
JR,v0,0.5,1.368,5.105123591577424,5.006959603007461
JR,v0,0.5,1.369,5.192999993667786,4.986070349431073
JR,v0,0.5,1.37,5.285860754468729,4.966219164833441
JR,v0,0.5,1.371,5.384028487652727,4.947508347908001
JR,v0,0.5,1.372,5.487682581948011,4.930056760693082
JR,v0,0.5,1.373,5.597171349028231,4.913995529944402
JR,v0,0.5,1.374,5.712838884053624,4.89943729195844
JR,v0,0.5,1.375,5.835021342338621,4.8864693433861195
JR,v0,0.5,1.3760000000000001,5.964046939352044,4.875167496881737
JR,v0,0.5,1.377,6.100235950716888,4.865578590179174
JR,v0,0.5,1.3780000000000001,6.243900712210557,4.8577397880904325
JR,v0,0.5,1.379,6.395345619764619,4.851710212811182
JR,v0,0.5,1.3800000000000001,6.554798139382716,4.847520347140593
JR,v0,0.5,1.381,6.7220651038050345,4.8451596153119105
JR,v0,0.5,1.3820000000000001,6.897394918972182,4.844608598588239
JR,v0,0.5,1.383,7.08091155989762,4.845843656351851
JR,v0,0.5,1.3840000000000001,7.272472136253628,4.848798538946834
JR,v0,0.5,1.385,7.471666892370986,4.85337880907177
JR,v0,0.5,1.3860000000000001,7.677819207239305,4.85947385485662
JR,v0,0.5,1.387,7.889985594506685,4.866987182497452
JR,v0,0.5,1.3880000000000001,8.10695570248007,4.875793536505661
JR,v0,0.5,1.389,8.327310149243925,4.885750617360438
JR,v0,0.5,1.3900000000000001,8.549809563730948,4.896694928675699
JR,v0,0.5,1.391,8.7731650641085,4.908456363048895
JR,v0,0.5,1.3920000000000001,8.995938907367186,4.920885220384956
JR,v0,0.5,1.393,9.216552745476285,4.933826102499883
JR,v0,0.5,1.3940000000000001,9.433287625384153,4.9471141529061
JR,v0,0.5,1.395,9.644283989017824,4.960569277302114
JR,v0,0.5,1.3960000000000001,9.847541673283398,4.974006789363177
JR,v0,0.5,1.397,10.040919910065668,4.987260161847249
JR,v0,0.5,1.3980000000000001,10.222410789092446,5.000180948871549
JR,v0,0.5,1.399,10.390914494635286,5.012640868003873
JR,v0,0.5,1.4000000000000001,10.545406143237418,5.024526410860276
JR,v0,0.5,1.401,10.684896589181669,5.03572191116301
JR,v0,0.5,1.4020000000000001,10.808440374133596,5.04611874296192
JR,v0,0.5,1.403,10.915135727141243,5.055610259189255
JR,v0,0.5,1.4040000000000001,11.004124564635351,5.064106860772531
JR,v0,0.5,1.405,11.074592490429168,5.071519126857076
JR,v0,0.5,1.4060000000000001,11.125789282908475,5.077786152122229
JR,v0,0.5,1.407,11.157546538633149,5.0828686922543485
JR,v0,0.5,1.408,11.170061080580268,5.086739138277001
JR,v0,0.5,1.409,11.163519952953726,5.089360223744697
JR,v0,0.5,1.41,11.13814111856426,5.090696282143815
JR,v0,0.5,1.411,11.094173458829426,5.090721032609185
JR,v0,0.5,1.412,11.031896773773646,5.089421352436932
JR,v0,0.5,1.413,10.951621782028127,5.086801626599415
JR,v0,0.5,1.414,10.853690952848233,5.082863344491131
JR,v0,0.5,1.415,10.738653555981147,5.0776223042710305
JR,v0,0.5,1.416,10.607360749140923,5.07108725172477
JR,v0,0.5,1.417,10.46066940230238,5.0632699311845615
JR,v0,0.5,1.418,10.29943016260986,5.054175848126095
JR,v0,0.5,1.419,10.124487454376977,5.043834390388919
JR,v0,0.5,1.42,9.936679479086887,5.032278764779958
JR,v0,0.5,1.421,9.736838215392005,5.0195338514498
JR,v0,0.5,1.422,9.525789419114304,5.005649802385178
JR,v0,0.5,1.423,9.30437411415742,4.990685254467656
JR,v0,0.5,1.424,9.073721683651192,4.974697250830437
JR,v0,0.5,1.425,8.834894193826875,4.95773801659982
JR,v0,0.5,1.426,8.588917114758278,4.939867256192903
JR,v0,0.5,1.427,8.336846880748784,4.9211522182472365
JR,v0,0.5,1.428,8.079770890331812,4.901668468946829
JR,v0,0.5,1.429,7.818807506270355,4.881494646171416
JR,v0,0.5,1.43,7.555106055557461,4.860714637840726
JR,v0,0.5,1.431,7.289846829415735,4.839423304030231
JR,v0,0.5,1.432,7.024261254532954,4.817736660859441
JR,v0,0.5,1.433,6.759635521362947,4.7957658453996395
JR,v0,0.5,1.434,6.497122798675436,4.773612653574656
JR,v0,0.5,1.435,6.23790168163616,4.751374157645501
JR,v0,0.5,1.436,5.98319582200892,4.729157718135235
JR,v0,0.5,1.437,5.734273928155115,4.707052578283802
JR,v0,0.5,1.438,5.492449765034202,4.685129480000988
JR,v0,0.5,1.439,5.259082154203249,4.663467223375054
JR,v0,0.5,1.44,5.035574973817347,4.6421592683170845
JR,v0,0.5,1.441,4.823099424272765,4.621303084827536
JR,v0,0.5,1.442,4.622589655997871,4.600968294810991
JR,v0,0.5,1.443,4.435153976057087,4.581223084417781
JR,v0,0.5,1.444,4.2617489609601975,4.5621305603215845
JR,v0,0.5,1.445,4.103177258676315,4.543746157047228
JR,v0,0.5,1.446,3.960087588634206,4.526131119146017
JR,v0,0.5,1.447,3.832974741722005,4.5093231961655595
JR,v0,0.5,1.448,3.7221795802874666,4.493341787939827
JR,v0,0.5,1.449,3.6278890381377487,4.478209395917025
JR,v0,0.5,1.45,3.550110063600002,4.463940161158832
JR,v0,0.5,1.451,3.4885560767281767,4.450532424547887
JR,v0,0.5,1.452,3.4427368457363663,4.437976953996738
JR,v0,0.5,1.453,3.411954961655603,4.426240764054714
JR,v0,0.5,1.454,3.3953024900741333,4.415272467709642
JR,v0,0.5,1.455,3.391660971137348,4.405010222342119
JR,v0,0.5,1.456,3.399661736070481,4.395395944394638
JR,v0,0.5,1.457,3.417668004108812,4.386360606614757
JR,v0,0.5,1.458,3.443929852869008,4.3778013481607125
JR,v0,0.5,1.459,3.4765878146633433,4.369595894852263
JR,v0,0.5,1.46,3.513672719855176,4.361606660962337
JR,v0,0.5,1.461,3.553085235854251,4.353702541736664
JR,v0,0.5,1.462,3.5925892991197017,4.345778913971852
JR,v0,0.5,1.463,3.6305430565489445,4.33773374475264
JR,v0,0.5,1.464,3.6654979858960495,4.329463650632054
JR,v0,0.5,1.465,3.6960766780742347,4.3208812004712565
JR,v0,0.5,1.466,3.7209728371558057,4.311900720500014
JR,v0,0.5,1.467,3.738951280372195,4.3024317446928055
JR,v0,0.5,1.468,3.7488803314569665,4.292391620654193
JR,v0,0.5,1.469,3.7504869460624377,4.281715794901863
JR,v0,0.5,1.47,3.7442698246433928,4.270356495846632
JR,v0,0.5,1.471,3.730677659371173,4.258297223973335
JR,v0,0.5,1.472,3.710074081870463,4.245546614687814
JR,v0,0.5,1.473,3.6827376632192728,4.232123138363936
JR,v0,0.5,1.474,3.6488619139489717,4.218055505533358
JR,v0,0.5,1.475,3.6087761685840576,4.203358936354807
JR,v0,0.5,1.476,3.563622851049912,4.188040317936592
JR,v0,0.5,1.477,3.514484582443165,4.172115683025894
JR,v0,0.5,1.478,3.462240196719865,4.155622543980786
JR,v0,0.5,1.479,3.4075712047922337,4.138604371912071
JR,v0,0.5,1.48,3.3509617945287467,4.121115767239829
JR,v0,0.5,1.481,3.2926988307540643,4.103217317415357
JR,v0,0.5,1.482,3.233109490634874,4.084968121310503
JR,v0,0.5,1.483,3.172904780112276,4.066427490940489
JR,v0,0.5,1.484,3.1125385929560867,4.047645718268178
JR,v0,0.5,1.485,3.0523629156998116,4.028665518324797
JR,v0,0.5,1.486,2.9926342137755952,4.009536846544126
JR,v0,0.5,1.487,2.933513431514136,3.990312764736422
JR,v0,0.5,1.488,2.875065992144769,3.9710431265206436
JR,v0,0.5,1.489,2.8172617977953855,3.951776539598578
JR,v0,0.5,1.49,2.7600788109296417,3.9325599218795726
JR,v0,0.5,1.491,2.7038026520855496,3.913426956398328
JR,v0,0.5,1.492,2.6483426499438103,3.8944047448780283
JR,v0,0.5,1.493,2.5935938264135583,3.875548702696767
JR,v0,0.5,1.494,2.5394927767089346,3.856922042500348
JR,v0,0.5,1.495,2.486017669348982,3.83857887030598
JR,v0,0.5,1.496,2.433188246157746,3.8205574218120044
JR,v0,0.5,1.497,2.3810658222641763,3.802897461472036
JR,v0,0.5,1.498,2.3297532861022177,3.785630652466242
JR,v0,0.5,1.499,2.279392595805687,3.7687997562621036
JR,v0,0.5,1.5,2.2299668263066224,3.752469722360829
JR,v0,0.5,1.5010000000000001,2.181300883386154,3.736700472798105
JR,v0,0.5,1.502,2.1332743752056906,3.7215404211399035
JR,v0,0.5,1.5030000000000001,2.085829132350428,3.707035400511121
JR,v0,0.5,1.504,2.0389692078294406,3.6932396583921876
JR,v0,0.5,1.5050000000000001,1.9927608770755967,3.680192187306095
JR,v0,0.5,1.506,1.9473326379456353,3.667935156321691
JR,v0,0.5,1.5070000000000001,1.9028752107200955,3.6565004835123975
JR,v0,0.5,1.508,1.859641538103391,3.6459063704341825
JR,v0,0.5,1.5090000000000001,1.8178701131732637,3.6361621034883815
JR,v0,0.5,1.51,1.777388796209852,3.6272820153430967
JR,v0,0.5,1.5110000000000001,1.7381010417919658,3.619273467568651
JR,v0,0.5,1.512,1.6999726018545438,3.6121378144708522
JR,v0,0.5,1.5130000000000001,1.6630040865768132,3.605888810590037
JR,v0,0.5,1.514,1.627230964382357,3.600526702819786
JR,v0,0.5,1.5150000000000001,1.5927235619390512,3.596035168528278
JR,v0,0.5,1.516,1.5595870641591185,3.59238856503283
JR,v0,0.5,1.5170000000000001,1.52796151419908,3.5895620898508684
JR,v0,0.5,1.518,1.4980218134598013,3.5875216460066572
JR,v0,0.5,1.5190000000000001,1.4698386600766833,3.586226051297695
JR,v0,0.5,1.52,1.4432771078812525,3.5856376047261005
JR,v0,0.5,1.5210000000000001,1.4182729086929449,3.585704894477173
JR,v0,0.5,1.522,1.3947838719574923,3.5863586364953663
JR,v0,0.5,1.5230000000000001,1.3727896377030726,3.587521242442691
JR,v0,0.5,1.524,1.3522916765403448,3.5891190822625885
JR,v0,0.5,1.5250000000000001,1.3333132896624162,3.5910769542925727
JR,v0,0.5,1.526,1.3158996088448722,3.593308809662563
JR,v0,0.5,1.5270000000000001,1.300117596445749,3.595712334259633
JR,v0,0.5,1.528,1.2860457399396275,3.598174557651939
JR,v0,0.5,1.5290000000000001,1.273611910813882,3.600583455587236
JR,v0,0.5,1.53,1.2627040728632952,3.602848877048102
JR,v0,0.5,1.5310000000000001,1.2532416851759463,3.6048793510980115
JR,v0,0.5,1.532,1.2451597459478752,3.606580948215968
JR,v0,0.5,1.5330000000000001,1.2384087924830665,3.607876190086616
JR,v0,0.5,1.534,1.232954901193465,3.6086950568123473
JR,v0,0.5,1.5350000000000001,1.2287796875989612,3.6089832668372304
JR,v0,0.5,1.536,1.2258803063274053,3.6087128130929904
JR,v0,0.5,1.537,1.2242694511145933,3.607865161064727
JR,v0,0.5,1.538,1.2239676404089117,3.6064207889365463
JR,v0,0.5,1.539,1.2248871450899843,3.60438235985408
JR,v0,0.5,1.54,1.2269237418285641,3.601773656879836
JR,v0,0.5,1.541,1.229997741703138,3.5986278444452227
JR,v0,0.5,1.542,1.2340398766232612,3.5950014762661744
JR,v0,0.5,1.543,1.2389912993295384,3.5909621290457325
JR,v0,0.5,1.544,1.244803583393642,3.586575206179164
JR,v0,0.5,1.545,1.2514387232183006,3.581900933578286
JR,v0,0.5,1.546,1.2588691340373028,3.5770160052820703
JR,v0,0.5,1.547,1.2670776519154945,3.5719922100500714
JR,v0,0.5,1.548,1.276057533748788,3.566900193503689
JR,v0,0.5,1.549,1.2857899850588188,3.5618159743098605
JR,v0,0.5,1.55,1.296182011686886,3.556810916426902
JR,v0,0.5,1.551,1.3071677685838345,3.5519397478335493
JR,v0,0.5,1.552,1.3186906066728223,3.5472571039241725
JR,v0,0.5,1.553,1.3306999703069655,3.542821895904724
JR,v0,0.5,1.554,1.3431513972693487,3.5386875513273552
JR,v0,0.5,1.555,1.3560065187730137,3.5349118461002886
JR,v0,0.5,1.556,1.3692330594609805,3.531546515028607
JR,v0,0.5,1.557,1.3828048374062192,3.5286344986308786
JR,v0,0.5,1.558,1.3967017641116746,3.526213385076221
JR,v0,0.5,1.559,1.4109098445102468,3.5243098193770153
JR,v0,0.5,1.56,1.4254211611423848,3.5229471032502975
JR,v0,0.5,1.561,1.4402002368143973,3.522145023156647
JR,v0,0.5,1.562,1.455192399522372,3.5219143801670385
JR,v0,0.5,1.563,1.470364026123307,3.522269399929747
JR,v0,0.5,1.564,1.485684488596375,3.5232175406046617
JR,v0,0.5,1.565,1.5011261540429066,3.5247662907028516
JR,v0,0.5,1.566,1.5166643846864107,3.5269237754706917
JR,v0,0.5,1.567,1.5322775378725475,3.5296945826540935
JR,v0,0.5,1.568,1.5479469660691616,3.5330778085007006
JR,v0,0.5,1.569,1.5636570168662471,3.5370713911133027
JR,v0,0.5,1.57,1.5793950329759805,3.541661792216869
JR,v0,0.5,1.571,1.5951513522326897,3.5468306492885113
JR,v0,0.5,1.572,1.6109193075928845,3.5525521075268838
JR,v0,0.5,1.573,1.626695227135226,3.5588012349225124
JR,v0,0.5,1.574,1.6424631771267482,3.5655544267457717
JR,v0,0.5,1.575,1.6581950016653173,3.572795766222041
JR,v0,0.5,1.576,1.6738760719272943,3.580515829498807
JR,v0,0.5,1.577,1.689493381252599,3.5887020513393555
JR,v0,0.5,1.578,1.7050355106326642,3.5973425444880918
JR,v0,0.5,1.579,1.7204926287104079,3.6064231417708443
JR,v0,0.5,1.58,1.7358564917802592,3.6159227356167998
JR,v0,0.5,1.581,1.7511204437881323,3.6258161943367178
JR,v0,0.5,1.582,1.7662794163314537,3.6360745184380203
JR,v0,0.5,1.583,1.781329928659134,3.646668640372939
JR,v0,0.5,1.584,1.7962700876715973,3.6575807632739354
JR,v0,0.5,1.585,1.8110995879207512,3.6687948842522307
JR,v0,0.5,1.586,1.825819711610015,3.6802953189028202
JR,v0,0.5,1.587,1.840432860241605,3.6920647666316313
JR,v0,0.5,1.588,1.8549271642191392,3.7040868958641284
JR,v0,0.5,1.589,1.869292014981946,3.716348075169517
JR,v0,0.5,1.59,1.8835229892138834,3.7288333211831057
JR,v0,0.5,1.591,1.897616772269274,3.7415231041781083
JR,v0,0.5,1.592,1.9115711581729289,3.7543999473544414
JR,v0,0.5,1.593,1.925385049620124,3.7674500648945526
JR,v0,0.5,1.594,1.9390584579766257,3.7806604639074686
JR,v0,0.5,1.595,1.9525925032786633,3.794020044426851
JR,v0,0.5,1.596,1.9659894142329586,3.8075190322912267
JR,v0,0.5,1.597,1.9792525282166964,3.8211476772243227
JR,v0,0.5,1.598,1.9923861404030396,3.834898776078203
JR,v0,0.5,1.599,2.005389820595646,3.8487674032012182
JR,v0,0.5,1.6,2.0182593741244768,3.862752757660349
JR,v0,0.5,1.601,2.0309921168705496,3.8768560487643153
JR,v0,0.5,1.602,2.0435865691748902,3.891078051207984
JR,v0,0.5,1.603,2.056042455838506,3.905418138495902
JR,v0,0.5,1.604,2.068360706122411,3.919877396532095
JR,v0,0.5,1.605,2.0805434537476017,3.93445905216874
JR,v0,0.5,1.606,2.092594036895083,3.9491697670438826
JR,v0,0.5,1.607,2.104516998205842,3.964020409506513
JR,v0,0.5,1.608,2.116318084780872,3.979023201327002
JR,v0,0.5,1.609,2.128004114584562,3.994192549851377
JR,v0,0.5,1.61,2.1395770143801287,4.0095443612121855
JR,v0,0.5,1.611,2.151032236428992,4.025094203562331
JR,v0,0.5,1.612,2.162366328496154,4.040854989949932
JR,v0,0.5,1.613,2.1735773827412537,4.056847166291201
JR,v0,0.5,1.614,2.184665035718601,4.0730890863176406
JR,v0,0.5,1.615,2.1956304683771424,4.089599056080771
JR,v0,0.5,1.616,2.206476406060493,4.106398341085004
JR,v0,0.5,1.617,2.2172071185069093,4.1235114742853884
JR,v0,0.5,1.618,2.22782841984931,4.14095718449399
JR,v0,0.5,1.619,2.2383476686152615,4.158750425065606
JR,v0,0.5,1.62,2.248773767726988,4.176902940996173
JR,v0,0.5,1.621,2.2591139254172816,4.195423366740453
JR,v0,0.5,1.622,2.2693624060477933,4.214318735733827
JR,v0,0.5,1.623,2.2795142220024376,4.2335950520841426
JR,v0,0.5,1.624,2.2895663017882666,4.253252268552323
JR,v0,0.5,1.625,2.2995172574161433,4.273289916690308
JR,v0,0.5,1.6260000000000001,2.309367384400765,4.293704950172468
JR,v0,0.5,1.627,2.3191186617606436,4.3144933796618865
JR,v0,0.5,1.6280000000000001,2.328774752018122,4.335645660989634
JR,v0,0.5,1.629,2.3383410011993604,4.3571540339252515
JR,v0,0.5,1.6300000000000001,2.347824438834347,4.379007916329833
JR,v0,0.5,1.631,2.3572337779568904,4.401197843445722
JR,v0,0.5,1.6320000000000001,2.366579311152912,4.423712186970537
JR,v0,0.5,1.633,2.3758621031649394,4.446538955897508
JR,v0,0.5,1.6340000000000001,2.385074640339263,4.469674320222528
JR,v0,0.5,1.635,2.394212741841441,4.4931170842246955
JR,v0,0.5,1.6360000000000001,2.4032739241670917,4.516859227478266
JR,v0,0.5,1.637,2.412257401141872,4.540887713535403
JR,v0,0.5,1.6380000000000001,2.4211640839215005,4.56518859222256
JR,v0,0.5,1.639,2.429996580991735,4.589750653986074
JR,v0,0.5,1.6400000000000001,2.438759198168391,4.614552275469687
JR,v0,0.5,1.641,2.447457938597327,4.6395745133339155
JR,v0,0.5,1.6420000000000001,2.456100502754459,4.664796172706443
JR,v0,0.5,1.643,2.464696288445745,4.690193142364087
JR,v0,0.5,1.6440000000000001,2.4732544011680995,4.715728046784129
JR,v0,0.5,1.645,2.4817695422460013,4.741364555897993
JR,v0,0.5,1.6460000000000001,2.4902356403680592,4.767057305059095
JR,v0,0.5,1.647,2.498649072939698,4.792755237996702
JR,v0,0.5,1.6480000000000001,2.5070079037773154,4.818394652913061
JR,v0,0.5,1.649,2.5153118831082613,4.843902387305201
JR,v0,0.5,1.6500000000000001,2.5235624475708605,4.869205468244885
JR,v0,0.5,1.651,2.531762720214393,4.89425302784421
JR,v0,0.5,1.6520000000000001,2.539917510499108,4.918986963374175
JR,v0,0.5,1.653,2.548033314296214,4.943330033913787
JR,v0,0.5,1.6540000000000001,2.5561183138878882,4.967206548473965
JR,v0,0.5,1.655,2.564182377967264,4.990549479286948
JR,v0,0.5,1.6560000000000001,2.57223148167214,5.013282963551251
JR,v0,0.5,1.657,2.5802575634649414,5.035324615348041
JR,v0,0.5,1.6580000000000001,2.58825570428904,5.056577389907549
JR,v0,0.5,1.659,2.596222783347925,5.0769481239148195
JR,v0,0.5,1.6600000000000001,2.604157346127545,5.096367568490964
JR,v0,0.5,1.661,2.6120596043963067,5.1147634190244045
JR,v0,0.5,1.6620000000000001,2.6199314362050776,5.1320729530347515
JR,v0,0.5,1.663,2.627776385887179,5.148236112441979
JR,v0,0.5,1.6640000000000001,2.6355996640583967,5.163208155341614
JR,v0,0.5,1.665,2.643408147616971,5.176939843244079
JR,v0,0.5,1.666,2.6512103797436026,5.189378773197284
JR,v0,0.5,1.667,2.659016552154331,5.2004732048757685
JR,v0,0.5,1.668,2.6668288189899876,5.210192226140404
JR,v0,0.5,1.669,2.674639195196099,5.218510549112219
JR,v0,0.5,1.67,2.6824433557548235,5.2254115170964806
JR,v0,0.5,1.671,2.6902386425630604,5.230912548722857
JR,v0,0.5,1.672,2.698024064432432,5.235045759454295
JR,v0,0.5,1.673,2.7058002970893016,5.237849883202215
JR,v0,0.5,1.674,2.7135696831747564,5.239361401314422
JR,v0,0.5,1.675,2.7213362322446235,5.239613450947815
JR,v0,0.5,1.676,2.729105620769455,5.238659558069018
JR,v0,0.5,1.677,2.736885192134541,5.23656125963529
JR,v0,0.5,1.678,2.7446839566399013,5.233372092695381
JR,v0,0.5,1.679,2.7525122382557616,5.22916298968648
JR,v0,0.5,1.68,2.760369118720813,5.224010106165101
JR,v0,0.5,1.681,2.768247417530294,5.217988978694894
JR,v0,0.5,1.682,2.7761432342724737,5.211167223077995
JR,v0,0.5,1.683,2.7840543882394235,5.203608685339288
JR,v0,0.5,1.684,2.7919804184270025,5.195375935074578
JR,v0,0.5,1.685,2.7999225835348707,5.186542130119545
JR,v0,0.5,1.686,2.807883861966476,5.177167101977242
JR,v0,0.5,1.687,2.8158689518290667,5.167309669788876
JR,v0,0.5,1.688,2.82388427093368,5.157029270710539
JR,v0,0.5,1.689,2.8319379567951537,5.146377768986825
JR,v0,0.5,1.69,2.8400398666321136,5.135399718825791
JR,v0,0.5,1.691,2.8482004164373844,5.124142275138276
JR,v0,0.5,1.692,2.8564163889620544,5.11264646353397
JR,v0,0.5,1.693,2.8646814233914184,5.10097202396179
JR,v0,0.5,1.694,2.872992033358916,5.089185531251396
JR,v0,0.5,1.695,2.8813466013098408,5.077349131020458
JR,v0,0.5,1.696,2.8897453785013276,5.065532942514643
JR,v0,0.5,1.697,2.8981904850023663,5.053810041539169
JR,v0,0.5,1.698,2.9066859096937883,5.042253543204624
JR,v0,0.5,1.699,2.915237510268281,5.030935460351014
JR,v0,0.5,1.7,2.923853013230369,5.019950347786258
JR,v0,0.5,1.701,2.932542013896436,5.00941055816023
JR,v0,0.5,1.702,2.9413159763947063,4.999434711322249
JR,v0,0.5,1.703,2.9501855024291204,4.990135580366732
JR,v0,0.5,1.704,2.959145434775848,4.981615414163376
JR,v0,0.5,1.705,2.9681901539219817,4.973957710216665
JR,v0,0.5,1.706,2.977316722145148,4.967220693220785
JR,v0,0.5,1.707,2.9865243668885673,4.961451465638666
JR,v0,0.5,1.708,2.9958144807610325,4.956693722643511
JR,v0,0.5,1.709,3.005190621536933,4.952981335584254
JR,v0,0.5,1.71,3.0146585121562284,4.9503403304972915
JR,v0,0.5,1.711,3.024226040724476,4.948775938987323
JR,v0,0.5,1.712,3.0339032605128025,4.948265240734488
JR,v0,0.5,1.713,3.0437023899579305,4.948775979093338
JR,v0,0.5,1.714,3.0536378126621586,4.9502493132776
JR,v0,0.5,1.715,3.0637197322952234,4.952594512102954
JR,v0,0.5,1.716,3.0739411953270137,4.9557014502442245
JR,v0,0.5,1.717,3.084297547995978,4.959450928855692
JR,v0,0.5,1.718,3.094786923976989,4.96372704230736
JR,v0,0.5,1.719,3.1054101499440954,4.96842519177328
JR,v0,0.5,1.72,3.116170745570502,4.973435945790111
JR,v0,0.5,1.721,3.1270749235285895,4.9786428662963305
JR,v0,0.5,1.722,3.1381315894898933,4.983926343821786
JR,v0,0.5,1.723,3.149352342125125,4.989158112479576
JR,v0,0.5,1.724,3.1607514731041535,4.994220612538642
JR,v0,0.5,1.725,3.17234596709602,4.998989141496463
JR,v0,0.5,1.726,3.184155238630198,5.003350281000106
JR,v0,0.5,1.727,3.1961856106057076,5.007183752267301
JR,v0,0.5,1.728,3.208429922514911,5.010374475586191
JR,v0,0.5,1.729,3.2208851732689667,5.012829748813312
JR,v0,0.5,1.73,3.233551988360459,5.014482167221186
JR,v0,0.5,1.731,3.2464346198634146,5.015271189408948
JR,v0,0.5,1.732,3.259540946433282,5.01512432915282
JR,v0,0.5,1.733,3.2728824733069524,5.014007486297699
JR,v0,0.5,1.734,3.286474332302742,5.011893631252817
JR,v0,0.5,1.735,3.3003352818204075,5.008755155456772
JR,v0,0.5,1.736,3.3144877068411294,5.004562005003566
JR,v0,0.5,1.737,3.328957618927532,4.9992779671589975
JR,v0,0.5,1.738,3.3437689103126496,4.99289143251468
JR,v0,0.5,1.739,3.358919236777343,4.985432056607831
JR,v0,0.5,1.74,3.374404503646724,4.976967134672081
JR,v0,0.5,1.741,3.3902261744805107,4.967578278220205
JR,v0,0.5,1.742,3.4063910460337725,4.9573153531272895
JR,v0,0.5,1.743,3.4229112482569706,4.946211666187135
JR,v0,0.5,1.744,3.4398042442959214,4.934281243281997
JR,v0,0.5,1.745,3.4570928304918285,4.921538761636314
JR,v0,0.5,1.746,3.4748051363812524,4.908041702299718
JR,v0,0.5,1.747,3.4929746246961413,4.893867935327626
JR,v0,0.5,1.748,3.511640091363799,4.8790812431763335
JR,v0,0.5,1.749,3.5308427234146698,4.863746329746138
JR,v0,0.5,1.75,3.5505931659806844,4.847935213224682
JR,v0,0.5,1.7510000000000001,3.570888336541829,4.831689098682256
JR,v0,0.5,1.752,3.591733793384419,4.815024120528898
JR,v0,0.5,1.7530000000000001,3.6131437055540556,4.797967927722657
JR,v0,0.5,1.754,3.6351408528555833,4.780549600778326
JR,v0,0.5,1.7550000000000001,3.6577566258531307,4.762789418500032
JR,v0,0.5,1.756,3.6810310258700683,4.744718727423683
JR,v0,0.5,1.7570000000000001,3.705012664989051,4.726393727088591
JR,v0,0.5,1.758,3.7297587660519778,4.707884591885978
JR,v0,0.5,1.7590000000000001,3.7553351626600318,4.689272726383822
JR,v0,0.5,1.76,3.78181020588539,4.670629360222041
JR,v0,0.5,1.7610000000000001,3.8092051514475296,4.652021797843464
JR,v0,0.5,1.762,3.8375252945879064,4.633515703746818
JR,v0,0.5,1.7630000000000001,3.866790949385273,4.61516982742776
JR,v0,0.5,1.764,3.8970376308954515,4.5970587152469
JR,v0,0.5,1.7650000000000001,3.9283160551513916,4.579282609911351
JR,v0,0.5,1.766,3.9606921391631116,4.5619384163648355
JR,v0,0.5,1.7670000000000001,3.9942470009177584,4.545136761631145
JR,v0,0.5,1.768,4.029076959379548,4.528998579320951
JR,v0,0.5,1.7690000000000001,4.065293534489824,4.513632471321077
JR,v0,0.5,1.77,4.1030231907000605,4.499146349965303
JR,v0,0.5,1.7710000000000001,4.142363562158599,4.485644061634873
JR,v0,0.5,1.772,4.183340376937879,4.473210461177532
JR,v0,0.5,1.7730000000000001,4.225995382936884,4.4619175884131215
JR,v0,0.5,1.774,4.270398569588956,4.451840809410765
JR,v0,0.5,1.7750000000000001,4.3166481678618585,4.443046102445743
JR,v0,0.5,1.776,4.364870650257707,4.43558344364406
JR,v0,0.5,1.7770000000000001,4.4152207308130444,4.429504981615844
JR,v0,0.5,1.778,4.4678813650987586,4.424856149480124
JR,v0,0.5,1.7790000000000001,4.523063750220174,4.421659314410349
JR,v0,0.5,1.78,4.581006626662773,4.4199186181674825
JR,v0,0.5,1.7810000000000001,4.641896939253136,4.419601918405416
JR,v0,0.5,1.782,4.705822982750771,4.420690452540239
JR,v0,0.5,1.7830000000000001,4.772907481160088,4.423167141673632
JR,v0,0.5,1.784,4.843318792075154,4.42700208319979
JR,v0,0.5,1.7850000000000001,4.9172709066798115,4.43215572217803
JR,v0,0.5,1.786,4.995023449747549,4.43857794693162
JR,v0,0.5,1.7870000000000001,5.076881679641637,4.446202386269093
JR,v0,0.5,1.788,5.163196488314988,4.454958418859853
JR,v0,0.5,1.7890000000000001,5.2543644013102995,4.464796075156029
JR,v0,0.5,1.79,5.35076324145057,4.475655119088009
JR,v0,0.5,1.7910000000000001,5.45255509425442,4.487462673933544
JR,v0,0.5,1.792,5.560065948299504,4.500128369810613
JR,v0,0.5,1.793,5.673639431944263,4.513555963011675
JR,v0,0.5,1.794,5.7936128701026695,4.527660126826941
JR,v0,0.5,1.795,5.920317284244137,4.542353197232176
JR,v0,0.5,1.796,6.054077392393715,4.557567212819026
JR,v0,0.5,1.797,6.195211609131853,4.573215440442757
JR,v0,0.5,1.798,6.344032045594652,4.589206306653345
JR,v0,0.5,1.799,6.500830694644404,4.605448556680759
JR,v0,0.5,1.8,6.665458385162122,4.621858021188581
JR,v0,0.5,1.801,6.838079379039768,4.6383442218114235
JR,v0,0.5,1.802,7.018893279557591,4.654821715721395
JR,v0,0.5,1.803,7.20783466603627,4.671226263413261
JR,v0,0.5,1.804,7.404573093837243,4.687478834601844
JR,v0,0.5,1.805,7.608513094362363,4.7034846012209135
JR,v0,0.5,1.806,7.8187941750542524,4.719147984488427
JR,v0,0.5,1.807,8.034290819395938,4.734387048221495
JR,v0,0.5,1.808,8.253629098896276,4.749123661697399
JR,v0,0.5,1.809,8.475526903348783,4.763282410350938
JR,v0,0.5,1.81,8.698747354090429,4.776799813156892
JR,v0,0.5,1.811,8.92189778061425,4.789604626602943
JR,v0,0.5,1.812,9.143441885382302,4.8016168787362785
JR,v0,0.5,1.813,9.361699743825254,4.812759168737482
JR,v0,0.5,1.814,9.574847804342781,4.82295824253588
JR,v0,0.5,1.815,9.78091888830319,4.832134990380479
JR,v0,0.5,1.816,9.977802190043784,4.840225028964328
JR,v0,0.5,1.817,10.163352785547694,4.847179293709376
JR,v0,0.5,1.818,10.336275874056764,4.852934160016385
JR,v0,0.5,1.819,10.495548270842466,4.8574465536648
JR,v0,0.5,1.82,10.640158740762082,4.860683414840183
JR,v0,0.5,1.821,10.769139276456743,4.862642487044415
JR,v0,0.5,1.822,10.881565098351665,4.863319342585771
JR,v0,0.5,1.823,10.976554654655928,4.862718035928521
JR,v0,0.5,1.824,11.053269621362695,4.8608298668366805
JR,v0,0.5,1.825,11.110915190076373,4.857668253029334
JR,v0,0.5,1.826,11.149096808771496,4.853253239206522
JR,v0,0.5,1.827,11.167997196708644,4.847606510970897
JR,v0,0.5,1.828,11.167786810553821,4.840780514583591
JR,v0,0.5,1.829,11.148667441561834,4.832831731953338
JR,v0,0.5,1.83,11.110872215576308,4.823813841348028
JR,v0,0.5,1.831,11.054665593029716,4.813777469498049
JR,v0,0.5,1.832,10.980343368943306,4.802773059120701
JR,v0,0.5,1.833,10.8882326729272,4.790852941221362
JR,v0,0.5,1.834,10.77878268599987,4.77808286162366
JR,v0,0.5,1.835,10.652802295417468,4.764537180476669
JR,v0,0.5,1.836,10.511147568977613,4.750300642891857
JR,v0,0.5,1.837,10.354667454113045,4.7354720532679675
JR,v0,0.5,1.838,10.184204775556557,4.7201615765613125
JR,v0,0.5,1.839,10.000596235341268,4.704459682260075
JR,v0,0.5,1.84,9.804672412800327,4.688446140500307
JR,v0,0.5,1.841,9.597257764567239,4.672188071484141
JR,v0,0.5,1.842,9.379172018287909,4.655750952990656
JR,v0,0.5,1.843,9.1514636159344,4.639197514397066
JR,v0,0.5,1.844,8.915243023264086,4.622584353230145
JR,v0,0.5,1.845,8.671527599555231,4.605977383628811
JR,v0,0.5,1.846,8.4213650034923,4.5894504109340515
JR,v0,0.5,1.847,8.165833193166403,4.5730696060695575
JR,v0,0.5,1.848,7.906040426074837,4.556885423765783
JR,v0,0.5,1.849,7.64312525912155,4.540930843049207
JR,v0,0.5,1.85,7.378256548616674,4.525236616354795
JR,v0,0.5,1.851,7.112640796737635,4.509819048555756
JR,v0,0.5,1.852,6.847575344864456,4.49470590889033
JR,v0,0.5,1.853,6.584229162748009,4.479952229900815
JR,v0,0.5,1.854,6.323768521985732,4.465617756771104
JR,v0,0.5,1.855,6.067405898824992,4.4517585032838225
JR,v0,0.5,1.856,5.816399974162621,4.438427673580196
JR,v0,0.5,1.857,5.572055633545364,4.425667422739353
JR,v0,0.5,1.858,5.335723967169439,4.413516331747531
JR,v0,0.5,1.859,5.108802269880972,4.402025289917006
JR,v0,0.5,1.86,4.892573059583384,4.3912516394896555
JR,v0,0.5,1.861,4.6879437831548145,4.381241998189316
JR,v0,0.5,1.862,4.496043809572665,4.3720237878406305
JR,v0,0.5,1.863,4.3178755882544095,4.363619780916142
JR,v0,0.5,1.864,4.154289363195296,4.356054930365706
JR,v0,0.5,1.865,4.005983172968648,4.349357147813414
JR,v0,0.5,1.866,3.8735028507255933,4.343562943636533
JR,v0,0.5,1.867,3.7572420241953175,4.338703321872088
JR,v0,0.5,1.868,3.657442115684816,4.3347803330586405
JR,v0,0.5,1.869,3.574182995033766,4.331782729898223
JR,v0,0.5,1.87,3.5072671328025713,4.329690064606433
JR,v0,0.5,1.871,3.456270987155282,4.328489836118561
JR,v0,0.5,1.872,3.420568975412106,4.328172935564331
JR,v0,0.5,1.873,3.3993245598200765,4.3287213669745155
JR,v0,0.5,1.874,3.391490247552923,4.330095495063007
JR,v0,0.5,1.875,3.3957880704963372,4.3322560724983346
JR,v0,0.5,1.8760000000000001,3.4106488791208633,4.335161369659856
JR,v0,0.5,1.877,3.4343625247375265,4.338782896669374
JR,v0,0.5,1.8780000000000001,3.4651066733414986,4.343107343886811
JR,v0,0.5,1.879,3.500944922970632,4.348113923795177
JR,v0,0.5,1.8800000000000001,3.5398236749474528,4.35376948905826
JR,v0,0.5,1.881,3.5794751085059,4.360033064728552
JR,v0,0.5,1.8820000000000001,3.6181146065436067,4.366845049198959
JR,v0,0.5,1.883,3.6542526758904827,4.374156266642303
JR,v0,0.5,1.8840000000000001,3.6864699578340847,4.381954406667807
JR,v0,0.5,1.885,3.713417228119539,4.390225020416479
JR,v0,0.5,1.8860000000000001,3.7338153969496126,4.398927693221071
JR,v0,0.5,1.887,3.7464588520124806,4.408031429793689
JR,v0,0.5,1.8880000000000001,3.750745489211038,4.417503128617517
JR,v0,0.5,1.889,3.7470931133692282,4.4272941214161525
JR,v0,0.5,1.8900000000000001,3.735952182095147,4.4373606526335685
JR,v0,0.5,1.891,3.7176897990048037,4.447652688361639
JR,v0,0.5,1.8920000000000001,3.6925897137220964,4.458101813713919
JR,v0,0.5,1.893,3.6608523218788296,4.468646802983344
JR,v0,0.5,1.8940000000000001,3.6226850010643474,4.479207146827748
JR,v0,0.5,1.895,3.579074318920325,4.489696908453874
JR,v0,0.5,1.8960000000000001,3.5311675631778616,4.500033145975546
JR,v0,0.5,1.897,3.47989482540598,4.51014804663206
JR,v0,0.5,1.8980000000000001,3.4259891620163554,4.5199433428911036
JR,v0,0.5,1.899,3.3699865942633593,4.529294207935399
JR,v0,0.5,1.9000000000000001,3.3122261082439906,4.538072893796926
JR,v0,0.5,1.901,3.2529626932960927,4.54614462131742
JR,v0,0.5,1.9020000000000001,3.1928931857816103,4.553373619526534
JR,v0,0.5,1.903,3.132532233566655,4.559638213669127
JR,v0,0.5,1.9040000000000001,3.072263775200428,4.5648402612324706
JR,v0,0.5,1.905,3.0123738038279697,4.568883182928828
JR,v0,0.5,1.9060000000000001,2.953050367190043,4.571654651620105
JR,v0,0.5,1.907,2.8943835676232386,4.573051984597751
JR,v0,0.5,1.9080000000000001,2.836365562059866,4.57298447300242
JR,v0,0.5,1.909,2.7789296199922173,4.571386042761717
JR,v0,0.5,1.9100000000000001,2.722359125561823,4.568217374718779
JR,v0,0.5,1.911,2.6666330473598165,4.563443983532874
JR,v0,0.5,1.9120000000000001,2.6116398583008564,4.557034790184211
JR,v0,0.5,1.913,2.557308668130167,4.548967645654984
JR,v0,0.5,1.9140000000000001,2.503609223423437,4.539230568182187
JR,v0,0.5,1.915,2.450551907586915,4.527809897934389
JR,v0,0.5,1.9160000000000001,2.3981877408573204,4.514711073392544
JR,v0,0.5,1.917,2.3466083803019266,4.499959842093031
JR,v0,0.5,1.9180000000000001,2.2959489151202117,4.483598599799972
JR,v0,0.5,1.919,2.2462530677683468,4.465671607380319
JR,v0,0.5,1.92,2.1973484472655613,4.446235301038362
JR,v0,0.5,1.921,2.149100040174412,4.425357032608898
JR,v0,0.5,1.922,2.1014353934698793,4.403109356399515
JR,v0,0.5,1.923,2.054344614539291,4.379576722112193
JR,v0,0.5,1.924,2.007880371182411,4.354850100476884
JR,v0,0.5,1.925,1.962157891611355,4.329035505950646
JR,v0,0.5,1.926,1.9173549644506664,4.302251253269883
JR,v0,0.5,1.927,1.8737119387372463,4.274624332191303
JR,v0,0.5,1.928,1.8315027310867595,4.246276388045987
JR,v0,0.5,1.929,1.7906234162633599,4.217333030223708
JR,v0,0.5,1.93,1.7509425574499087,4.1879257739749995
JR,v0,0.5,1.931,1.7124183280235457,4.158183728111424
JR,v0,0.5,1.932,1.675044012788752,4.128230919311472
JR,v0,0.5,1.933,1.6388480079772556,4.098193441321092
JR,v0,0.5,1.934,1.6038938212481124,4.06818471342352
JR,v0,0.5,1.935,1.5702800716876366,4.038319754767831
JR,v0,0.5,1.936,1.5381404898094626,4.008711827695656
JR,v0,0.5,1.937,1.5076439175544847,3.979462991153112
JR,v0,0.5,1.938,1.4789161565807243,3.950679667336229
JR,v0,0.5,1.939,1.451829894462981,3.922471965248739
JR,v0,0.5,1.94,1.4263108554690653,3.894937933791518
JR,v0,0.5,1.941,1.4023126577347762,3.8681647220316844
JR,v0,0.5,1.942,1.3798108511539233,3.842236568610979
JR,v0,0.5,1.943,1.358802917378302,3.817241726721253
JR,v0,0.5,1.944,1.3393082698177183,3.7932720411594105
JR,v0,0.5,1.945,1.3213682536399594,3.7704165823865616
JR,v0,0.5,1.946,1.3050461457708264,3.7487720811413827
JR,v0,0.5,1.947,1.290425440999499,3.7284270648414077
JR,v0,0.5,1.948,1.2774751242467604,3.7094593836675127
JR,v0,0.5,1.949,1.2660731434864214,3.6919577672842325
JR,v0,0.5,1.95,1.2561358571748045,3.6759977592699133
JR,v0,0.5,1.951,1.247595232315442,3.6616515294507694
JR,v0,0.5,1.952,1.240398844459107,3.6489859335189068
JR,v0,0.5,1.953,1.2345098777037897,3.6380560881523785
JR,v0,0.5,1.954,1.2299071246947104,3.6289013376691064
JR,v0,0.5,1.955,1.2265849866243146,3.6215493448121507
JR,v0,0.5,1.956,1.2245534732322776,3.616005855497394
JR,v0,0.5,1.957,1.2238368181609127,3.6122585484305825
JR,v0,0.5,1.958,1.2243745259956054,3.6102819434043267
JR,v0,0.5,1.959,1.2260530317225342,3.610046621568698
JR,v0,0.5,1.96,1.228790353553685,3.611503239777351
JR,v0,0.5,1.961,1.2325149911167168,3.614583480547655
JR,v0,0.5,1.962,1.2371659254549519,3.619205197072901
JR,v0,0.5,1.963,1.2426926190273848,3.6252653682326144
JR,v0,0.5,1.964,1.2490550157086782,3.6326403024027587
JR,v0,0.5,1.965,1.2562235407891649,3.6412018198609313
JR,v0,0.5,1.966,1.2641791009748413,3.6508245714227443
JR,v0,0.5,1.967,1.2729130843873797,3.6613691135977224
JR,v0,0.5,1.968,1.2824162292605559,3.6726871905068776
JR,v0,0.5,1.969,1.2926025373353394,3.6846271332723597
JR,v0,0.5,1.97,1.303400139883645,3.697032386839009
JR,v0,0.5,1.971,1.3147508943068154,3.7097621258154754
JR,v0,0.5,1.972,1.32660279954559,3.722704187355274
JR,v0,0.5,1.973,1.3389099960801252,3.735753548626129
JR,v0,0.5,1.974,1.3516327659299687,3.748812202163632
JR,v0,0.5,1.975,1.3647375326540878,3.7617888141560165
JR,v0,0.5,1.976,1.378196861350843,3.7746064055961868
JR,v0,0.5,1.977,1.3919894586580117,3.7872075725775947
JR,v0,0.5,1.978,1.4061001727527627,3.799569466238426
JR,v0,0.5,1.979,1.4205199933516859,3.811694608755504
JR,v0,0.5,1.98,1.4352236869504944,3.8235875738851837
JR,v0,0.5,1.981,1.4501516334241655,3.8352641546141184
JR,v0,0.5,1.982,1.4652687976892942,3.846753554335622
JR,v0,0.5,1.983,1.480543732050151,3.858081780036647
JR,v0,0.5,1.984,1.495948013303411,3.8692852395765307
JR,v0,0.5,1.985,1.5114562427381828,3.8804092701260178
JR,v0,0.5,1.986,1.5270460461359812,3.891505337546474
JR,v0,0.5,1.987,1.5426980737707563,3.902624986829681
JR,v0,0.5,1.988,1.5583960004088642,3.913824360585183
JR,v0,0.5,1.989,1.5741265253090941,3.925150762010261
JR,v0,0.5,1.99,1.5898793722226423,3.93663049028724
JR,v0,0.5,1.991,1.6056472893931386,3.948301998932655
JR,v0,0.5,1.992,1.6214260495566206,3.96019350511358
JR,v0,0.5,1.993,1.6372016241025227,3.9723363530976226
JR,v0,0.5,1.994,1.6529406678215555,3.984755251286291
JR,v0,0.5,1.995,1.6686310502514532,3.997469163041606
JR,v0,0.5,1.996,1.6842623698668748,4.0104890810410545
JR,v0,0.5,1.997,1.6998251642250661,4.023820052638666
JR,v0,0.5,1.998,1.7153109099658272,4.037465480149356
JR,v0,0.5,1.999,1.730712022811547,4.05141847173532
JR,v0,0.5,2.0,1.7460218575671678,4.06566489235044
JR,v0,0.75,0.0,0.0,0.0
JR,v0,0.75,0.001,0.017990921313896083,0.01798940844081032
JR,v0,0.75,0.002,0.06699730565049196,0.06698956815763583
JR,v0,0.75,0.003,0.14045973885441188,0.14043924623412085
JR,v0,0.75,0.004,0.2327758925253963,0.2327349506681029
JR,v0,0.75,0.005,0.3391467665575065,0.33907705698165236
JR,v0,0.75,0.006,0.4556763216494468,0.45556960574025523
JR,v0,0.75,0.007,0.5790872052282761,0.5789354040355407
JR,v0,0.75,0.008,0.7065458469540349,0.7063412401356277
JR,v0,0.75,0.009000000000000001,0.8356705126035322,0.8354061210908861
JR,v0,0.75,0.01,0.9646679688934109,0.9643380901234555
JR,v0,0.75,0.011,1.0921240480795442,1.0917239532493455
JR,v0,0.75,0.012,1.2168226999259575,1.2163487061430585
JR,v0,0.75,0.013000000000000001,1.337744059358272,1.3371935993192698
JR,v0,0.75,0.014,1.4540858664838612,1.4534579193227648
JR,v0,0.75,0.015,1.5654015560618453,1.5646967845029907
JR,v0,0.75,0.016,1.6714127902277987,1.6706332226580216
JR,v0,0.75,0.017,1.7718992783103384,1.771048403645723
JR,v0,0.75,0.018000000000000002,1.8666984640568238,1.865781306674209
JR,v0,0.75,0.019,1.9557055147810125,1.954728703242509
JR,v0,0.75,0.02,2.038903600270405,2.037875741593906
JR,v0,0.75,0.021,2.116486925105935,2.115418253780992
JR,v0,0.75,0.022,2.1887020134002735,2.1876042750386047
JR,v0,0.75,0.023,2.2557870681479426,2.254673599399786
JR,v0,0.75,0.024,2.3179719712253117,2.3168577795769907
JR,v0,0.75,0.025,2.375478283390603,2.3743801269620803
JR,v0,0.75,0.026000000000000002,2.428519244283886,2.427455711626331
JR,v0,0.75,0.027,2.4773105035022436,2.476302650895072
JR,v0,0.75,0.028,2.522175632474855,2.5212485338801067
JR,v0,0.75,0.029,2.5634658626924933,2.5626438230511384
JR,v0,0.75,0.03,2.6015071801121255,2.6008134989126885
JR,v0,0.75,0.031,2.6366039893199096,2.6360614905378332
JR,v0,0.75,0.032,2.669039113531198,2.6686706755681864
JR,v0,0.75,0.033,2.699073794590533,2.6989028802139154
JR,v0,0.75,0.034,2.7269476929716507,2.7269988792537276
JR,v0,0.75,0.035,2.752878887777479,2.753178737900967
JR,v0,0.75,0.036000000000000004,2.777068575182264,2.777654687438445
JR,v0,0.75,0.037,2.7997753921795407,2.8006787067936227
JR,v0,0.75,0.038,2.8212118814870024,2.822459632920661
JR,v0,0.75,0.039,2.841556696710787,2.8431776355118163
JR,v0,0.75,0.04,2.860978759055259,2.863003148285896
JR,v0,0.75,0.041,2.8796372573230067,2.882096868988252
JR,v0,0.75,0.042,2.8976816479148413,2.9006097593907834
JR,v0,0.75,0.043000000000000003,2.9152516548298033,2.9186830452919423
JR,v0,0.75,0.044,2.932477269665156,2.936450935054028
JR,v0,0.75,0.045,2.949495050491377,2.954038146640551
JR,v0,0.75,0.046,2.966383601962658,2.971514638203987
JR,v0,0.75,0.047,2.9831733587490397,2.9889158598561227
JR,v0,0.75,0.048,2.999901539832936,3.0062843543751216
JR,v0,0.75,0.049,3.01661224731011,3.0236698133863587
JR,v0,0.75,0.05,3.0333564663896695,3.0411290773624025
JR,v0,0.75,0.051000000000000004,3.0501920653940715,3.058726135623034
JR,v0,0.75,0.052000000000000005,3.067183795759119,3.076532011844336
JR,v0,0.75,0.053,3.084403292033961,3.094612878750955
JR,v0,0.75,0.054,3.101909333797149,3.113004942826744
JR,v0,0.75,0.055,3.1196704737891845,3.131680763549561
JR,v0,0.75,0.056,3.1376401110632104,3.150602910456023
JR,v0,0.75,0.057,3.155789186260005,3.1697521769009045
JR,v0,0.75,0.058,3.1741061909314414,3.18912774486689
JR,v0,0.75,0.059000000000000004,3.192597167540486,3.2087471849645635
JR,v0,0.75,0.06,3.2112857094612024,3.2286464564324295
JR,v0,0.75,0.061,3.2302129609787493,3.2488787199411915
JR,v0,0.75,0.062,3.249437617289379,3.2694915776323406
JR,v0,0.75,0.063,3.26901760284518,3.290516618041165
JR,v0,0.75,0.064,3.2889083458247463,3.311926776214303
JR,v0,0.75,0.065,3.3090597770117345,3.333684757578569
JR,v0,0.75,0.066,3.329442234328202,3.355775557521815
JR,v0,0.75,0.067,3.350043665310112,3.378203479203746
JR,v0,0.75,0.068,3.3708696271073384,3.4009921255797133
JR,v0,0.75,0.069,3.3919432864836643,3.4241843994007257
JR,v0,0.75,0.07,3.4133054198167794,3.447841337106216
JR,v0,0.75,0.07100000000000001,3.435014413098285,3.472019851486497
JR,v0,0.75,0.07200000000000001,3.457145702714429,3.4967705858964973
JR,v0,0.75,0.073,3.479721111677929,3.522119541573078
JR,v0,0.75,0.074,3.5027042263275625,3.5480644564267187
JR,v0,0.75,0.075,3.5260832506011264,3.5746137776722278
JR,v0,0.75,0.076,3.549861675856617,3.6017976979992494
JR,v0,0.75,0.077,3.5740582808722294,3.629664934215698
JR,v0,0.75,0.078,3.598707131846359,3.6582826927877266
JR,v0,0.75,0.079,3.6238575823975987,3.6877359789455335
JR,v0,0.75,0.08,3.649574273564741,3.7181090242794244
JR,v0,0.75,0.081,3.675937133806779,3.7494754619276573
JR,v0,0.75,0.082,3.703035676791513,3.7819082112054603
JR,v0,0.75,0.083,3.730890349095046,3.8154606000007916
JR,v0,0.75,0.084,3.7594952810496056,3.85018146818651
JR,v0,0.75,0.085,3.7888647361352454,3.886130906658212
JR,v0,0.75,0.08600000000000001,3.8190301981093624,3.9233923217269444
JR,v0,0.75,0.08700000000000001,3.8500403710066973,3.9620714553079655
JR,v0,0.75,0.088,3.8819611791393323,4.002294317374666
JR,v0,0.75,0.089,3.9148757670966927,4.044179254853489
JR,v0,0.75,0.09,3.9488844997455477,4.087843783380116
JR,v0,0.75,0.091,3.9841049622300098,4.133420508431769
JR,v0,0.75,0.092,4.020659473123377,4.181026526694876
JR,v0,0.75,0.093,4.058588442283151,4.230762491153119
JR,v0,0.75,0.094,4.097911987003822,4.28272757609995
JR,v0,0.75,0.095,4.1386770997389135,4.337030958087548
JR,v0,0.75,0.096,4.180957591944576,4.393796712867004
JR,v0,0.75,0.097,4.224854094079588,4.4531692040264526
JR,v0,0.75,0.098,4.270494055605353,4.515265365373173
JR,v0,0.75,0.099,4.3180317449859,4.580190763483205
JR,v0,0.75,0.1,4.367648249687887,4.648123946776588
JR,v0,0.75,0.101,4.419551471517699,4.71920083427709
JR,v0,0.75,0.10200000000000001,4.47392759151913,4.793516942770295
JR,v0,0.75,0.10300000000000001,4.530846535479807,4.871108353926342
JR,v0,0.75,0.10400000000000001,4.59039396213643,4.951963021312192
JR,v0,0.75,0.105,4.652699909705685,5.0360305766309645
JR,v0,0.75,0.106,4.717938795884219,5.123228165483205
JR,v0,0.75,0.107,4.786329417848664,5.213467756649448
JR,v0,0.75,0.108,4.858134952255613,5.306673405159256
JR,v0,0.75,0.109,4.933662955241637,5.402774052493333
JR,v0,0.75,0.11,5.013265362423281,5.501622324297722
JR,v0,0.75,0.111,5.097302166715593,5.6030775921639
JR,v0,0.75,0.112,5.185956773211043,5.706961779145892
JR,v0,0.75,0.113,5.279459586982174,5.813024065205432
JR,v0,0.75,0.114,5.378085017896456,5.920932441257858
JR,v0,0.75,0.115,5.482139609850418,6.030288225445589
JR,v0,0.75,0.116,5.591962040769661,6.140681355254729
JR,v0,0.75,0.117,5.7079231226088485,6.251754395703812
JR,v0,0.75,0.11800000000000001,5.830425801351711,6.363188996623753
JR,v0,0.75,0.11900000000000001,5.959905157011039,6.474691878687513
JR,v0,0.75,0.12,6.096774303892586,6.585955735137825
JR,v0,0.75,0.121,6.2408559165544855,6.696616474584506
JR,v0,0.75,0.122,6.39261622801942,6.806354411394795
JR,v0,0.75,0.123,6.552583838140659,6.91482834396136
JR,v0,0.75,0.124,6.721063780531519,7.021643907649244
JR,v0,0.75,0.125,6.898137522565359,7.126388826425064
JR,v0,0.75,0.126,7.083662965375584,7.228671432114582
JR,v0,0.75,0.127,7.277274443855646,7.328089325042862
JR,v0,0.75,0.128,7.478382726659038,7.424254711076616
JR,v0,0.75,0.129,7.686175016199305,7.516833426736664
JR,v0,0.75,0.13,7.89961800298984,7.6055330263703524
JR,v0,0.75,0.131,8.117687377727059,7.690056142152233
JR,v0,0.75,0.132,8.33946005448653,7.7701023751509455
JR,v0,0.75,0.133,8.56382101250193,7.845381169290335
JR,v0,0.75,0.134,8.789452985538588,7.9156299595859245
JR,v0,0.75,0.135,9.014836461893495,7.9805715607941305
JR,v0,0.75,0.136,9.23824968439531,8.039906244796727
JR,v0,0.75,0.137,9.457768650404342,8.093333837291597
JR,v0,0.75,0.138,9.671267111812565,8.140595885283261
JR,v0,0.75,0.139,9.876416575043613,8.181471505351562
JR,v0,0.75,0.14,10.071043667483881,8.215824414460831
JR,v0,0.75,0.14100000000000001,10.25404757579961,8.243578203976943
JR,v0,0.75,0.14200000000000002,10.42426530580958,8.26467175156149
JR,v0,0.75,0.14300000000000002,10.580555046135622,8.279050602458842
JR,v0,0.75,0.14400000000000002,10.721812234944302,8.286696118034557
JR,v0,0.75,0.145,10.846969559946935,8.287603555251112
JR,v0,0.75,0.146,10.954996958399573,8.281803037745716
JR,v0,0.75,0.147,11.044901617103005,8.269348351174669
JR,v0,0.75,0.148,11.115740053829738,8.2503348300428
JR,v0,0.75,0.149,11.16715126239865,8.224931282841574
JR,v0,0.75,0.15,11.199230470424249,8.193318196853046
JR,v0,0.75,0.151,11.212055054456176,8.155714877040005
JR,v0,0.75,0.152,11.205738329802621,8.112392548883413
JR,v0,0.75,0.153,11.180429550530286,8.063649840584592
JR,v0,0.75,0.154,11.136313909464421,8.009790388587486
JR,v0,0.75,0.155,11.0736125381888,7.9511517177296955
JR,v0,0.75,0.156,10.992582740014521,7.888101727409673
JR,v0,0.75,0.157,10.893684206609077,7.821055463485707
JR,v0,0.75,0.158,10.77772107592135,7.7504524485853805
JR,v0,0.75,0.159,10.645513119897782,7.67673502622093
JR,v0,0.75,0.16,10.49787473478582,7.600382940611053
JR,v0,0.75,0.161,10.335614941133915,7.521853446291113
JR,v0,0.75,0.162,10.159537383791523,7.441603239555953
JR,v0,0.75,0.163,9.970440331909106,7.360082412626644
JR,v0,0.75,0.164,9.769116678938136,7.27772609449238
JR,v0,0.75,0.165,9.556377495837552,7.194952767599326
JR,v0,0.75,0.166,9.33332402411977,7.112147989081274
JR,v0,0.75,0.167,9.101013259439124,7.029664508637693
JR,v0,0.75,0.168,8.860469466398605,6.947842739611958
JR,v0,0.75,0.169,8.612739427392803,6.867019534945485
JR,v0,0.75,0.17,8.358892442607893,6.787471520646588
JR,v0,0.75,0.171,8.100020330021646,6.70939048804261
JR,v0,0.75,0.17200000000000001,7.837237425403423,6.632904285745326
JR,v0,0.75,0.17300000000000001,7.5716805823141655,6.558071261743281
JR,v0,0.75,0.17400000000000002,7.304572249502259,6.484899942905989
JR,v0,0.75,0.17500000000000002,7.0371694587426585,6.413372319046596
JR,v0,0.75,0.176,6.770585994966396,6.343398717656223
JR,v0,0.75,0.177,6.505988502826906,6.274846910704504
JR,v0,0.75,0.178,6.244602522793304,6.207587216349033
JR,v0,0.75,0.179,5.987712491150379,6.141485888181226
JR,v0,0.75,0.18,5.736661739998576,6.07646191295111
JR,v0,0.75,0.181,5.492852497254017,6.012417029804893
JR,v0,0.75,0.182,5.257735333705565,5.949198241468332
JR,v0,0.75,0.183,5.03240768825842,5.886611858000875
JR,v0,0.75,0.184,4.81799770708006,5.8244563664770315
JR,v0,0.75,0.185,4.615678706048172,5.762575651653525
JR,v0,0.75,0.186,4.426498166009161,5.700871830318452
JR,v0,0.75,0.187,4.251377732778156,5.639299424235941
JR,v0,0.75,0.188,4.091113217139011,5.577827510868791
JR,v0,0.75,0.189,3.9463745948442934,5.516399221691028
JR,v0,0.75,0.19,3.8177060066152997,5.454943132646931
JR,v0,0.75,0.191,3.705514196171684,5.3933748639471215
JR,v0,0.75,0.192,3.6099458324098777,5.3316655363960015
JR,v0,0.75,0.193,3.53095575982087,5.269797560334336
JR,v0,0.75,0.194,3.468297828073819,5.207764630381114
JR,v0,0.75,0.195,3.421510889815927,5.145559613305357
JR,v0,0.75,0.196,3.38991878880411,5.083151545857137
JR,v0,0.75,0.197,3.3726040697801345,5.020517721219776
JR,v0,0.75,0.198,3.3683759465228675,4.957613595269146
JR,v0,0.75,0.199,3.3758463018238025,4.894414865503652
JR,v0,0.75,0.2,3.3934417166201776,4.830922144621838
JR,v0,0.75,0.201,3.4194034699949682,4.767150741641433
JR,v0,0.75,0.202,3.451747027728633,4.703092452533837
JR,v0,0.75,0.203,3.4883723512210487,4.638710813218707
JR,v0,0.75,0.20400000000000001,3.5273594808408113,4.5739523392897885
JR,v0,0.75,0.20500000000000002,3.566831471781267,4.508796797229764
JR,v0,0.75,0.20600000000000002,3.604947404413913,4.443258715467145
JR,v0,0.75,0.20700000000000002,3.639902384288387,4.377353982351152
JR,v0,0.75,0.20800000000000002,3.6699272922958492,4.311076663445741
JR,v0,0.75,0.209,3.693213428837442,4.244400761444991
JR,v0,0.75,0.21,3.709172417038868,4.177302451094291
JR,v0,0.75,0.211,3.717795796874949,4.109828763749826
JR,v0,0.75,0.212,3.7190199784832707,4.042078290948975
JR,v0,0.75,0.213,3.7127262421641767,3.974137036112785
JR,v0,0.75,0.214,3.6987407383807636,3.906085779971875
JR,v0,0.75,0.215,3.676834487758885,3.8379705767495564
JR,v0,0.75,0.216,3.6469748097424652,3.7698555614947846
JR,v0,0.75,0.217,3.6103722010264594,3.70187468883677
JR,v0,0.75,0.218,3.5681643358559203,3.634182690200876
JR,v0,0.75,0.219,3.521272721210744,3.5668976773924412
JR,v0,0.75,0.22,3.4704361073931036,3.500108829807218
JR,v0,0.75,0.221,3.4162104880274846,3.433891817564772
JR,v0,0.75,0.222,3.3589691000606514,3.3683069035986053
JR,v0,0.75,0.223,3.299202333769026,3.3034307463042403
JR,v0,0.75,0.224,3.2377816571957307,3.2393822900108877
JR,v0,0.75,0.225,3.1753869225064495,3.176306033399062
JR,v0,0.75,0.226,3.112554376440647,3.114337888797008
JR,v0,0.75,0.227,3.049676728006272,3.053592658057695
JR,v0,0.75,0.228,2.9870031484797455,2.9941915540455954
JR,v0,0.75,0.229,2.9246392714059777,2.936252439337548
JR,v0,0.75,0.23,2.862547533957743,2.879903588477175
JR,v0,0.75,0.231,2.800977748246492,2.8252716121387347
JR,v0,0.75,0.232,2.7401985347941107,2.7724700537886577
JR,v0,0.75,0.233,2.6801731887977702,2.7215839125017305
JR,v0,0.75,0.234,2.620884602764743,2.672686646919832
JR,v0,0.75,0.23500000000000001,2.5623352665124024,2.6258630602754596
JR,v0,0.75,0.23600000000000002,2.5045472671682276,2.5812366414070067
JR,v0,0.75,0.23700000000000002,2.4475622891697935,2.5389260273947842
JR,v0,0.75,0.23800000000000002,2.3914416142647834,2.499034421509152
JR,v0,0.75,0.23900000000000002,2.336278710983539,2.461629814794299
JR,v0,0.75,0.24,2.2821925892016903,2.4267343127925125
JR,v0,0.75,0.241,2.2290152154050737,2.394333246005465
JR,v0,0.75,0.242,2.176584071203285,2.364403574289378
JR,v0,0.75,0.243,2.1248049092125605,2.3369147972749102
JR,v0,0.75,0.244,2.073651753055799,2.311829510009082
JR,v0,0.75,0.245,2.0231668973625503,2.2891167017372087
JR,v0,0.75,0.246,1.9734609077690077,2.2687422580967596
JR,v0,0.75,0.247,1.9247126209180276,2.2506635848751886
JR,v0,0.75,0.248,1.8771691444591116,2.2348150685711663
JR,v0,0.75,0.249,1.8311082845551674,2.2210994826969297
JR,v0,0.75,0.25,1.7864140861478823,2.209410154176706
JR,v0,0.75,0.251,1.7429500954155799,2.1996000132443436
JR,v0,0.75,0.252,1.7006653677810348,2.191525079502478
JR,v0,0.75,0.253,1.6595501438323677,2.1850723498454707
JR,v0,0.75,0.254,1.6196358493230356,2.1801487347905257
JR,v0,0.75,0.255,1.5809950951718363,2.1766669316906335
JR,v0,0.75,0.256,1.5437416774629096,2.174539192359686
JR,v0,0.75,0.257,1.5080305774457345,2.173687849427663
JR,v0,0.75,0.258,1.4740579615351272,2.17403657204057
JR,v0,0.75,0.259,1.441966710878277,2.1755251386897387
JR,v0,0.75,0.26,1.4116124364071032,2.178098714049158
JR,v0,0.75,0.261,1.3829194717163302,2.1816950436475087
JR,v0,0.75,0.262,1.3558431478778719,2.186258533363143
JR,v0,0.75,0.263,1.3303633230584326,2.1917341015035676
JR,v0,0.75,0.264,1.3064843825195123,2.19808660756279
JR,v0,0.75,0.265,1.2842352386174003,2.2053225162672563
JR,v0,0.75,0.266,1.2636693308031806,2.2134706708277236
JR,v0,0.75,0.267,1.2448646256227276,2.2225848526508787
JR,v0,0.75,0.268,1.2279200129071821,2.2327117610891296
JR,v0,0.75,0.269,1.2127938573564112,2.2438766805537136
JR,v0,0.75,0.27,1.1993582537578158,2.256084217936415
JR,v0,0.75,0.271,1.1875263011829693,2.2693335506174064
JR,v0,0.75,0.272,1.1772282944032657,2.2836345021901296
JR,v0,0.75,0.273,1.1684117238899177,2.2990255938288215
JR,v0,0.75,0.274,1.1610412758139583,2.3155524699513914
JR,v0,0.75,0.275,1.1550988320462476,2.333252645363554
JR,v0,0.75,0.276,1.1505834701574598,2.3521548826456837
JR,v0,0.75,0.277,1.147511463418092,2.3722777528032952
JR,v0,0.75,0.278,1.145909858879893,2.393627448255678
JR,v0,0.75,0.279,1.1456906715688815,2.41621041960642
JR,v0,0.75,0.28,1.146737058683323,2.4400438568469065
JR,v0,0.75,0.281,1.1489606179439784,2.4651330089645724
JR,v0,0.75,0.28200000000000003,1.1522846969732576,2.4914749525202295
JR,v0,0.75,0.28300000000000003,1.1566443932952177,2.5190641495327952
JR,v0,0.75,0.28400000000000003,1.1619865543355647,2.5478959734567326
JR,v0,0.75,0.28500000000000003,1.168269777421651,2.5779748649769805
JR,v0,0.75,0.28600000000000003,1.1754644097824771,2.6093178244136563
JR,v0,0.75,0.28700000000000003,1.1835525485486897,2.6419500246243843
JR,v0,0.75,0.28800000000000003,1.1925280407525856,2.675893581400393
JR,v0,0.75,0.289,1.2023627881739243,2.71116580578027
JR,v0,0.75,0.29,1.2129513557008682,2.747790809417596
JR,v0,0.75,0.291,1.2242211249013666,2.7857936309836453
JR,v0,0.75,0.292,1.2361081165594907,2.8252014348185788
JR,v0,0.75,0.293,1.2485554207877758,2.8660416357569236
JR,v0,0.75,0.294,1.2615131970272282,2.908330815700475
JR,v0,0.75,0.295,1.2749386740473163,2.952074912194555
JR,v0,0.75,0.296,1.2887961499459788,2.997272119721869
JR,v0,0.75,0.297,1.30305699214962,3.0439190732778543
JR,v0,0.75,0.298,1.3176996374131145,3.0920017558721122
JR,v0,0.75,0.299,1.3327095918197989,3.141493314149526
JR,v0,0.75,0.3,1.3480765684072802,3.1923438206961263
JR,v0,0.75,0.301,1.363743325040173,3.2444748667537535
JR,v0,0.75,0.302,1.37965676074751,3.2977863293207488
JR,v0,0.75,0.303,1.3957783192955118,3.3521503930621748
JR,v0,0.75,0.304,1.4120730105295332,3.4074143694716788
JR,v0,0.75,0.305,1.428509410374069,3.463400658498312
JR,v0,0.75,0.306,1.4450596608327495,3.5199290870718816
JR,v0,0.75,0.307,1.4616994699883432,3.576806844956158
JR,v0,0.75,0.308,1.4784081120027555,3.6338325694694595
JR,v0,0.75,0.309,1.4951684271170285,3.690783897478096
JR,v0,0.75,0.31,1.511966821651344,3.7474275941688764
JR,v0,0.75,0.311,1.5287932680050167,3.803528008893129
JR,v0,0.75,0.312,1.5456413046565016,3.858841646367938
JR,v0,0.75,0.313,1.5625048941440105,3.9131294722768915
JR,v0,0.75,0.314,1.5793506835058153,3.9661536065872864
JR,v0,0.75,0.315,1.5961557664782693,4.017691018024905
JR,v0,0.75,0.316,1.6129040136578983,4.067532281057485
JR,v0,0.75,0.317,1.6295810754176157,4.115474718249569
JR,v0,0.75,0.318,1.646174381906718,4.161319331702786
JR,v0,0.75,0.319,1.6626731430508892,4.204888940081613
JR,v0,0.75,0.32,1.6790683485522,4.246018743577157
JR,v0,0.75,0.321,1.6953527678891063,4.284554196104694
JR,v0,0.75,0.322,1.7115209503164492,4.320356228969493
JR,v0,0.75,0.323,1.7275692248654564,4.353311390558498
JR,v0,0.75,0.324,1.7434957003437428,4.383323725340603
JR,v0,0.75,0.325,1.7593002653353085,4.41030806127931
JR,v0,0.75,0.326,1.774984588200537,4.434188862574555
JR,v0,0.75,0.327,1.7905451080835384,4.454905988579876
JR,v0,0.75,0.328,1.8059642740273434,4.4724174107001575
JR,v0,0.75,0.329,1.8212362920269483,4.486692667396309
JR,v0,0.75,0.33,1.8363570936307854,4.497712255746474
JR,v0,0.75,0.331,1.8513237279696724,4.505478556941427
JR,v0,0.75,0.332,1.8661343617568056,4.510008371530319
JR,v0,0.75,0.333,1.880788279287768,4.511339313981078
JR,v0,0.75,0.334,1.89528588244052,4.509518283160059
JR,v0,0.75,0.335,1.9096286906754094,4.504601085430068
JR,v0,0.75,0.336,1.9238193410351645,4.496657132324163
JR,v0,0.75,0.337,1.9378615881448944,4.485770393195913
JR,v0,0.75,0.338,1.951757009502432,4.472035416970905
JR,v0,0.75,0.339,1.9655016606841347,4.45555971173273
JR,v0,0.75,0.34,1.9790928081410777,4.436473589614651
JR,v0,0.75,0.341,1.992528904979861,4.414912013843075
JR,v0,0.75,0.342,2.0058095908881173,4.391023194833022
JR,v0,0.75,0.343,2.0189356921345056,4.364971736234094
JR,v0,0.75,0.34400000000000003,2.031909221568716,4.336930094587007
JR,v0,0.75,0.34500000000000003,2.0447333786214656,4.307079042484372
JR,v0,0.75,0.34600000000000003,2.0574125493045026,4.275601535309424
JR,v0,0.75,0.34700000000000003,2.069952306210602,4.242688345421163
JR,v0,0.75,0.34800000000000003,2.0823593617227645,4.2085378418607915
JR,v0,0.75,0.34900000000000003,2.094636888437797,4.173352361217377
JR,v0,0.75,0.35000000000000003,2.1067808781448325,4.137339018717962
JR,v0,0.75,0.35100000000000003,2.1187879933255407,4.100714160853031
JR,v0,0.75,0.352,2.1306564605697726,4.063699124000757
JR,v0,0.75,0.353,2.142386070575558,4.02650906422098
JR,v0,0.75,0.354,2.1539781781491025,3.9893589223691457
JR,v0,0.75,0.355,2.165435702204791,3.952469715325778
JR,v0,0.75,0.356,2.1767631257651865,3.916057825769179
JR,v0,0.75,0.357,2.187966495961031,3.880332230233854
JR,v0,0.75,0.358,2.199053424031245,3.8454963239903877
JR,v0,0.75,0.359,2.2100330853229253,3.811743089619583
JR,v0,0.75,0.36,2.220912843300185,3.7792668782280048
JR,v0,0.75,0.361,2.2316871624846533,3.7482510465345302
JR,v0,0.75,0.362,2.242351225474621,3.7188689857759942
JR,v0,0.75,0.363,2.2529021364916972,3.691270186876052
JR,v0,0.75,0.364,2.2633387267834046,3.665588876218261
JR,v0,0.75,0.365,2.2736615546231773,3.641943547847426
JR,v0,0.75,0.366,2.2838729053103606,3.6204282839054787
JR,v0,0.75,0.367,2.293976791170213,3.601114927562237
JR,v0,0.75,0.368,2.3039789515539035,3.584060033187868
JR,v0,0.75,0.369,2.3138868528385137,3.5692943783413535
JR,v0,0.75,0.37,2.323709688427037,3.5568264428651997
JR,v0,0.75,0.371,2.3334580673327094,3.546635204145823
JR,v0,0.75,0.372,2.343131637480138,3.5386743854094833
JR,v0,0.75,0.373,2.3527232233888253,3.532873316805959
JR,v0,0.75,0.374,2.362228877402861,3.529142091023128
JR,v0,0.75,0.375,2.371646394047883,3.527367730105939
JR,v0,0.75,0.376,2.380975310031072,3.52743211034866
JR,v0,0.75,0.377,2.3902169042411567,3.5292047274108116
JR,v0,0.75,0.378,2.3993741977484113,3.532537791247441
JR,v0,0.75,0.379,2.408451953804654,3.537278450968822
JR,v0,0.75,0.38,2.4174566778432514,3.543279378524896
JR,v0,0.75,0.381,2.4263966174791127,3.5504050232422686
JR,v0,0.75,0.382,2.435281762508696,3.558528472817967
JR,v0,0.75,0.383,2.4441199783965333,3.567521889423719
JR,v0,0.75,0.384,2.4529042541230637,3.577257400083401
JR,v0,0.75,0.385,2.4616292062340186,3.587623360098516
JR,v0,0.75,0.386,2.4702915112963724,3.598540519242213
JR,v0,0.75,0.387,2.4788895821391996,3.609955578776388
JR,v0,0.75,0.388,2.4874235678536727,3.6218316290782737
JR,v0,0.75,0.389,2.49589535379306,3.6341485665844973
JR,v0,0.75,0.39,2.504308561572732,3.646890349093967
JR,v0,0.75,0.391,2.512668549070155,3.6600407492215
JR,v0,0.75,0.392,2.520982410424896,3.673608378618443
JR,v0,0.75,0.393,2.5292589760386193,3.687632034470363
JR,v0,0.75,0.394,2.5375087864176242,3.702161944340853
JR,v0,0.75,0.395,2.5457339575166555,3.71725753000837
JR,v0,0.75,0.396,2.5539263518403765,3.7329689691808867
JR,v0,0.75,0.397,2.562081505991844,3.749335535261324
JR,v0,0.75,0.398,2.570196662870108,3.76640093093259
JR,v0,0.75,0.399,2.5782707716702085,3.784220387299929
JR,v0,0.75,0.4,2.586304487883179,3.8028557711022906
JR,v0,0.75,0.401,2.594300173296044,3.8223773445799423
JR,v0,0.75,0.402,2.6022618959918202,3.842845660771139
JR,v0,0.75,0.403,2.610195430349518,3.8643013752837603
JR,v0,0.75,0.404,2.6181082570441356,3.8867695048366118
JR,v0,0.75,0.405,2.6260095630466678,3.9102789784570757
JR,v0,0.75,0.406,2.6339095172615496,3.934852416685786
JR,v0,0.75,0.40700000000000003,2.641805370192213,3.960516031784144
JR,v0,0.75,0.40800000000000003,2.6496900687316853,3.987282037028058
JR,v0,0.75,0.40900000000000003,2.657559687211334,4.015147002924009
JR,v0,0.75,0.41000000000000003,2.665411987948958,4.044094707493573
JR,v0,0.75,0.41100000000000003,2.6732464212487907,4.074104315580032
JR,v0,0.75,0.41200000000000003,2.6810641254015013,4.105147310655859
JR,v0,0.75,0.41300000000000003,2.6888679266841913,4.137184565944228
JR,v0,0.75,0.41400000000000003,2.6966623393603966,4.1701706588072245
JR,v0,0.75,0.41500000000000004,2.7044535656800868,4.204036247364639
JR,v0,0.75,0.41600000000000004,2.712249495879665,4.238694140044068
JR,v0,0.75,0.417,2.7200597081819704,4.274036261934071
JR,v0,0.75,0.418,2.7278933342599396,4.309947212276532
JR,v0,0.75,0.419,2.7357447683564637,4.346299427888752
JR,v0,0.75,0.42,2.7436080732321866,4.3829615698048086
JR,v0,0.75,0.421,2.7514798102291134,4.419789788382588
JR,v0,0.75,0.422,2.759358256812804,4.456622232446318
JR,v0,0.75,0.423,2.7672434065723626,4.4932897910059015
JR,v0,0.75,0.424,2.775136969220448,4.529628721416201
JR,v0,0.75,0.425,2.783042370593265,4.565476952280623
JR,v0,0.75,0.426,2.7909647526505696,4.600679491076078
JR,v0,0.75,0.427,2.798910973475667,4.63508611290012
JR,v0,0.75,0.428,2.806889607275413,4.668544811891059
JR,v0,0.75,0.429,2.814910944380212,4.700910912431185
JR,v0,0.75,0.43,2.8229827842083584,4.7320454894489234
JR,v0,0.75,0.431,2.831098017886733,4.761828577047064
JR,v0,0.75,0.432,2.8392515895687715,4.790161202993252
JR,v0,0.75,0.433,2.8474405539819703,4.8169607992919286
JR,v0,0.75,0.434,2.8556637921390093,4.842157921243777
JR,v0,0.75,0.435,2.8639220113377526,4.865689073496544
JR,v0,0.75,0.436,2.872217745161249,4.887498893531761
JR,v0,0.75,0.437,2.8805553534777344,4.907559706439167
JR,v0,0.75,0.438,2.888941022440625,4.925857832653756
JR,v0,0.75,0.439,2.8973827644885257,4.942384029230359
JR,v0,0.75,0.44,2.9058904183452237,4.957136547549762
JR,v0,0.75,0.441,2.914475649019694,4.970126405554172
JR,v0,0.75,0.442,2.923144494545016,4.98137519410892
JR,v0,0.75,0.443,2.9318893089882274,4.990925733448933
JR,v0,0.75,0.444,2.9407056698735268,4.99884087362925
JR,v0,0.75,0.445,2.949591240995158,5.005189363351138
JR,v0,0.75,0.446,2.95854575671585,5.010045801018176
JR,v0,0.75,0.447,2.9675710219668123,5.01348730013561
JR,v0,0.75,0.448,2.9766709122477417,5.015597661500748
JR,v0,0.75,0.449,2.9858513736268155,5.016476764095331
JR,v0,0.75,0.45,2.995120422740696,5.016227948261989
JR,v0,0.75,0.451,3.0044881467945266,5.014971846573188
JR,v0,0.75,0.452,3.013966703561937,5.012838354642523
JR,v0,0.75,0.453,3.0235701555240544,5.009955708674072
JR,v0,0.75,0.454,3.0333018085174466,5.006459671203876
JR,v0,0.75,0.455,3.043154294801366,5.002493397091103
JR,v0,0.75,0.456,3.0531238189102394,4.998201981068107
JR,v0,0.75,0.457,3.0632091027807316,4.993746135376677
JR,v0,0.75,0.458,3.073411385751745,4.9892924980778455
JR,v0,0.75,0.459,3.0837344245644163,4.985006631616815
JR,v0,0.75,0.46,3.0941844933621216,4.981067136481519
JR,v0,0.75,0.461,3.1047703836904708,4.977662658235694
JR,v0,0.75,0.462,3.115503404497314,4.975001496099223
JR,v0,0.75,0.463,3.126397382132735,4.973296521935014
JR,v0,0.75,0.464,3.1374686603490543,4.9727518550315315
JR,v0,0.75,0.465,3.1487342902874675,4.9735695127642865
JR,v0,0.75,0.466,3.16019322539668,4.97596493598987
JR,v0,0.75,0.467,3.1718391810281337,4.980147135687758
JR,v0,0.75,0.468,3.1836698445970186,4.986316436768047
JR,v0,0.75,0.46900000000000003,3.195686210097102,4.994667308795737
JR,v0,0.75,0.47000000000000003,3.2078925781007315,5.005395679061926
JR,v0,0.75,0.47100000000000003,3.220296555758825,5.018682615300296
JR,v0,0.75,0.47200000000000003,3.232909056800884,5.034685399208284
JR,v0,0.75,0.47300000000000003,3.2457443015349825,5.053530623432229
JR,v0,0.75,0.47400000000000003,3.2588198168477747,5.075318653170979
JR,v0,0.75,0.47500000000000003,3.272156436204491,5.100130056676839
JR,v0,0.75,0.47600000000000003,3.2857782996489364,5.1280258920124675
JR,v0,0.75,0.47700000000000004,3.2997020747824006,5.159030666521633
JR,v0,0.75,0.47800000000000004,3.3139215992301194,5.193144387271506
JR,v0,0.75,0.47900000000000004,3.3284337201679994,5.230332367308664
JR,v0,0.75,0.48,3.343240023716273,5.270511004863233
JR,v0,0.75,0.481,3.358346829716565,5.31354113400066
JR,v0,0.75,0.482,3.3737651917318883,5.359249021531954
JR,v0,0.75,0.483,3.389510897046648,5.407429773975542
JR,v0,0.75,0.484,3.405604466666639,5.457858215801966
JR,v0,0.75,0.485,3.422071155319046,5.510285487968474
JR,v0,0.75,0.486,3.438940951452445,5.564450773535336
JR,v0,0.75,0.487,3.456248577236804,5.620075325583395
JR,v0,0.75,0.488,3.4740282643948244,5.6768644877312475
JR,v0,0.75,0.489,3.4922829525541816,5.734495368960373
JR,v0,0.75,0.49,3.5110096529881916,5.792628417264226
JR,v0,0.75,0.491,3.530213030839655,5.850924766136111
JR,v0,0.75,0.492,3.5499051866564213,5.9090635313597435
JR,v0,0.75,0.493,3.570105656391397,5.966741556518826
JR,v0,0.75,0.494,3.590841411402538,6.0236732111636195
JR,v0,0.75,0.495,3.6121468584528564,6.079618646163165
JR,v0,0.75,0.496,3.634063839710414,6.13437005897653
JR,v0,0.75,0.497,3.656641632748327,6.187736594058272
JR,v0,0.75,0.498,3.6799369505447643,6.23952281837052
JR,v0,0.75,0.499,3.7040070685657898,6.289568109037116
JR,v0,0.75,0.5,3.728865489150985,6.337760774642662
JR,v0,0.75,0.501,3.7545150178296436,6.38404069878683
JR,v0,0.75,0.502,3.780971285173244,6.428370114696491
JR,v0,0.75,0.503,3.808262732179172,6.4707311535938565
JR,v0,0.75,0.504,3.8364306102707157,6.511120424080948
JR,v0,0.75,0.505,3.86552898129707,6.549546612457723
JR,v0,0.75,0.506,3.8956247175333343,6.586027965004157
JR,v0,0.75,0.507,3.9267975016805137,6.620600862229723
JR,v0,0.75,0.508,3.959139826865517,6.6533138925998285
JR,v0,0.75,0.509,3.9927569328948227,6.684235877957774
JR,v0,0.75,0.51,4.027734189979882,6.713430680180117
JR,v0,0.75,0.511,4.064090226260228,6.740944319407515
JR,v0,0.75,0.512,4.101853618897355,6.766803870339564
JR,v0,0.75,0.513,4.141076592349665,6.791037123906116
JR,v0,0.75,0.514,4.181835018372462,6.813679100801924
JR,v0,0.75,0.515,4.224228416017951,6.834740163175298
JR,v0,0.75,0.516,4.268379951635244,6.854244994358506
JR,v0,0.75,0.517,4.314436438870357,6.872221125542447
JR,v0,0.75,0.518,4.362568338666207,6.888689741734277
JR,v0,0.75,0.519,4.412969759262617,6.903665909964154
JR,v0,0.75,0.52,4.46582068765727,6.917155278518033
JR,v0,0.75,0.521,4.521192491709049,6.929128439275282
JR,v0,0.75,0.522,4.5791663402449245,6.939590460740215
JR,v0,0.75,0.523,4.6398649425700995,6.948572541879227
JR,v0,0.75,0.524,4.703452541244838,6.9561045511437865
JR,v0,0.75,0.525,4.770134912084456,6.962250461682884
JR,v0,0.75,0.526,4.8401593641593355,6.96709415609028
JR,v0,0.75,0.527,4.913814739794913,6.970693796149659
JR,v0,0.75,0.528,4.991431414571682,6.973108907988319
JR,v0,0.75,0.529,5.0733737031158705,6.974402758102986
JR,v0,0.75,0.53,5.159859444713723,6.974642490115874
JR,v0,0.75,0.531,5.2510913685855485,6.9739258721961015
JR,v0,0.75,0.532,5.3473337905217235,6.972338537354086
JR,v0,0.75,0.533,5.448879710882992,6.969970262158325
JR,v0,0.75,0.534,5.556050814600471,6.966921675866404
JR,v0,0.75,0.535,5.669197471175635,6.963282201085454
JR,v0,0.75,0.536,5.788698734680342,6.959121443727547
JR,v0,0.75,0.537,5.914962343756806,6.954484194487188
JR,v0,0.75,0.538,6.048424721617616,6.94939868921561
JR,v0,0.75,0.539,6.189144360176363,6.943883854261651
JR,v0,0.75,0.54,6.337161799621389,6.937942100196881
JR,v0,0.75,0.541,6.493102776083919,6.931552434977623
JR,v0,0.75,0.542,6.657371879031193,6.9246798275594825
JR,v0,0.75,0.543,6.830144774328866,6.917287506405334
JR,v0,0.75,0.544,7.011368204241022,6.909297513801182
JR,v0,0.75,0.545,7.20075998743016,6.90055901472184
JR,v0,0.75,0.546,7.397809018957205,6.890895789309651
JR,v0,0.75,0.547,7.601775270281503,6.880129585007785
JR,v0,0.75,0.548,7.811689789260821,6.8680918819698915
JR,v0,0.75,0.549,8.026420396573428,6.8546106147640815
JR,v0,0.75,0.55,8.24505551015708,6.839519975884647
JR,v0,0.75,0.551,8.466573744601504,6.822680334483364
JR,v0,0.75,0.552,8.68975183177621,6.80390816027209
JR,v0,0.75,0.553,8.91317530860638,6.783002714578322
JR,v0,0.75,0.554,9.135238517072882,6.759802535593789
JR,v0,0.75,0.555,9.354144604212266,6.734160894982848
JR,v0,0.75,0.556,9.56790552211676,6.705974850367209
JR,v0,0.75,0.557,9.774342027934274,6.6751902809631805
JR,v0,0.75,0.558,9.971116747078334,6.641758614356126
JR,v0,0.75,0.559,10.15668104284357,6.605691261347385
JR,v0,0.75,0.56,10.329971474046417,6.567072558799603
JR,v0,0.75,0.561,10.489855687575645,6.525997356928279
JR,v0,0.75,0.562,10.635239727797423,6.482552767755576
JR,v0,0.75,0.5630000000000001,10.765068036555338,6.43688234333473
JR,v0,0.75,0.5640000000000001,10.878323453170403,6.389165638725798
JR,v0,0.75,0.5650000000000001,10.974027214441023,6.339569633280126
JR,v0,0.75,0.5660000000000001,11.051238954643035,6.288243095587216
JR,v0,0.75,0.5670000000000001,11.10922506696157,6.235385546865374
JR,v0,0.75,0.5680000000000001,11.148001080301368,6.1812421012486745
JR,v0,0.75,0.5690000000000001,11.167646195251681,6.126019410200554
JR,v0,0.75,0.5700000000000001,11.16826430898719,6.069921596028816
JR,v0,0.75,0.5710000000000001,11.1499949437545,6.01316955767198
JR,v0,0.75,0.5720000000000001,11.113013246872145,5.955938140736095
JR,v0,0.75,0.5730000000000001,11.057529990730576,5.898391794038505
JR,v0,0.75,0.5740000000000001,10.983791572792173,5.840699347959518
JR,v0,0.75,0.5750000000000001,10.892114551546227,5.78300843884664
JR,v0,0.75,0.5760000000000001,10.783174059863182,5.725428263420259
JR,v0,0.75,0.577,10.657791990502474,5.668062085157407
JR,v0,0.75,0.578,10.516781665277591,5.6109994066755
JR,v0,0.75,0.579,10.360951682255076,5.554302725837054
JR,v0,0.75,0.58,10.191105915754465,5.498022085746297
JR,v0,0.75,0.581,10.0080435163483,5.4421723425223805
JR,v0,0.75,0.582,9.81255891086213,5.386752526048153
JR,v0,0.75,0.583,9.605441802374513,5.331753015222307
JR,v0,0.75,0.584,9.387621238992674,5.277137701023735
JR,v0,0.75,0.585,9.160231749606686,5.222878441055442
JR,v0,0.75,0.586,8.924283707802802,5.168954621804761
JR,v0,0.75,0.587,8.680808889670397,5.115346205285457
JR,v0,0.75,0.588,8.43086291551819,5.062059265438936
JR,v0,0.75,0.589,8.175525249874246,5.009082747800242
JR,v0,0.75,0.59,7.915899201485958,4.956407308368112
JR,v0,0.75,0.591,7.65311192332007,4.904034160364916
JR,v0,0.75,0.592,7.38832377797258,4.852005043357912
JR,v0,0.75,0.593,7.122824717442736,4.800367147587445
JR,v0,0.75,0.594,6.857762304354367,4.749196849707296
JR,v0,0.75,0.595,6.594275632430955,4.698585490696525
JR,v0,0.75,0.596,6.3335601607847725,4.648639892321198
JR,v0,0.75,0.597,6.076867713916904,4.599475731012724
JR,v0,0.75,0.598,5.82550648171722,4.551192475194748
JR,v0,0.75,0.599,5.580841019464401,4.503892536402773
JR,v0,0.75,0.6,5.34429224782593,4.457689297679505
JR,v0,0.75,0.601,5.1171748298162605,4.412721752889271
JR,v0,0.75,0.602,4.900464633214089,4.369132136308787
JR,v0,0.75,0.603,4.695378375947996,4.327063244548156
JR,v0,0.75,0.604,4.503019753735003,4.286652750677045
JR,v0,0.75,0.605,4.324356136810138,4.248014034248987
JR,v0,0.75,0.606,4.160218569926393,4.2112125678331775
JR,v0,0.75,0.607,4.011301772354766,4.176306648023923
JR,v0,0.75,0.608,3.878164137884248,4.143379333412468
JR,v0,0.75,0.609,3.7612277348218157,4.1124928137739065
JR,v0,0.75,0.61,3.6607782893936864,4.0836846341116075
JR,v0,0.75,0.611,3.576877037163932,4.056968165474865
JR,v0,0.75,0.612,3.509311530759746,4.0323181599732445
JR,v0,0.75,0.613,3.457688510858027,4.0096900074367055
JR,v0,0.75,0.614,3.421400755439425,3.989068310616729
JR,v0,0.75,0.615,3.3996270797883454,3.97041795689411
JR,v0,0.75,0.616,3.3913275175361406,3.9536731451620124
JR,v0,0.75,0.617,3.3951802894124867,3.9387533303563647
JR,v0,0.75,0.618,3.409653341440883,3.925541445292369
JR,v0,0.75,0.619,3.4330689363202147,3.913899274326401
JR,v0,0.75,0.62,3.4636022636402792,3.9036856111445872
JR,v0,0.75,0.621,3.4992808836041256,3.894798458797311
JR,v0,0.75,0.622,3.5378295167247202,3.887136232094808
JR,v0,0.75,0.623,3.577291839383154,3.880596252480219
JR,v0,0.75,0.624,3.616037633598804,3.8750633830535706
JR,v0,0.75,0.625,3.6524881519364314,3.8704099705705706
JR,v0,0.75,0.626,3.6851161175061335,3.866491582460235
JR,v0,0.75,0.627,3.7124457239633877,3.8631621911675635
JR,v0,0.75,0.628,3.7330526355090186,3.8602995281284906
JR,v0,0.75,0.629,3.7456564868963724,3.8578005154114767
JR,v0,0.75,0.63,3.7500765599237447,3.855593023033967
JR,v0,0.75,0.631,3.7467489502748563,3.8536042300455966
JR,v0,0.75,0.632,3.7360335616721265,3.851753352038701
JR,v0,0.75,0.633,3.7182041191266606,3.849949474013783
JR,v0,0.75,0.634,3.693448168938234,3.8481013528111725
JR,v0,0.75,0.635,3.6618670786952805,3.846120255802355
JR,v0,0.75,0.636,3.623726992595497,3.843957839887685
JR,v0,0.75,0.637,3.5802259127899383,3.8415654708616493
JR,v0,0.75,0.638,3.5324595547113997,3.8388735430748824
JR,v0,0.75,0.639,3.481316941063417,3.835804411098398
JR,v0,0.75,0.64,3.427492342977903,3.8322761731611377
JR,v0,0.75,0.641,3.371485280015131,3.8282316936333665
JR,v0,0.75,0.642,3.313600520163746,3.823628136919898
JR,v0,0.75,0.643,3.254216847075927,3.8184230110807302
JR,v0,0.75,0.644,3.194063827236061,3.8125734037338423
JR,v0,0.75,0.645,3.1336355059536665,3.806042442290327
JR,v0,0.75,0.646,3.0733175396888157,3.7987749856097963
JR,v0,0.75,0.647,3.013389187203602,3.790719577426872
JR,v0,0.75,0.648,2.9540233095621247,3.7818527647902216
JR,v0,0.75,0.649,2.895286370130494,3.7721525781176775
JR,v0,0.75,0.65,2.8371384345768274,3.761600949481697
JR,v0,0.75,0.651,2.7795949381014076,3.750184868858244
JR,v0,0.75,0.652,2.7229508500404815,3.7379099494568533
JR,v0,0.75,0.653,2.6671100319761045,3.7247828498517555
JR,v0,0.75,0.654,2.6119835997184584,3.7108162550730173
JR,v0,0.75,0.655,2.557519982496858,3.6960297105968443
JR,v0,0.75,0.656,2.5037049229597574,3.6804513143053645
JR,v0,0.75,0.657,2.45056147717475,3.6641154726267344
JR,v0,0.75,0.658,2.3981500146285644,3.647064272763514
JR,v0,0.75,0.659,2.3465682182270697,3.62934265638585
JR,v0,0.75,0.66,2.2959514370083767,3.611004405016361
JR,v0,0.75,0.661,2.246239669014054,3.592137520817866
JR,v0,0.75,0.662,2.197254888658591,3.572861619666333
JR,v0,0.75,0.663,2.1488812481716675,3.5532974726222393
JR,v0,0.75,0.664,2.1010666022723807,3.5335465268015374
JR,v0,0.75,0.665,2.053822508169267,3.5137157951792135
JR,v0,0.75,0.666,2.007224225560286,3.493914677482652
JR,v0,0.75,0.667,1.9614107166328267,3.4742647070872175
JR,v0,0.75,0.668,1.9165846460637095,3.4548918485441975
JR,v0,0.75,0.669,1.8730123810191817,3.435927589699605
JR,v0,0.75,0.67,1.8308800161096777,3.417499635061531
JR,v0,0.75,0.671,1.78997942768164,3.3997217825244057
JR,v0,0.75,0.672,1.7502358566277696,3.382689140563843
JR,v0,0.75,0.673,1.7116203278185687,3.366492101178372
JR,v0,0.75,0.674,1.6741398735816828,3.351220694957778
JR,v0,0.75,0.675,1.6378375337019184,3.3369705818201023
JR,v0,0.75,0.676,1.6027923554212276,3.3238285295430203
JR,v0,0.75,0.677,1.5691193934387169,3.311875295098158
JR,v0,0.75,0.678,1.5369697099106432,3.3011728956800965
JR,v0,0.75,0.679,1.5065287947060728,3.2917624602337634
JR,v0,0.75,0.68,1.4778145097285078,3.2836744255932593
JR,v0,0.75,0.681,1.45070160414084,3.27693302873633
JR,v0,0.75,0.682,1.4251312527302247,3.271552204419884
JR,v0,0.75,0.683,1.4010669176173867,3.267543265184187
JR,v0,0.75,0.684,1.3784943482566403,3.26491569095276
JR,v0,0.75,0.685,1.357421581435874,3.263673912829364
JR,v0,0.75,0.686,1.3378789412765526,3.26381775605903
JR,v0,0.75,0.687,1.319919039233726,3.265335825735055
JR,v0,0.75,0.6880000000000001,1.3036167740960192,3.268203452810904
JR,v0,0.75,0.6890000000000001,1.2890439238215388,3.2723803090278083
JR,v0,0.75,0.6900000000000001,1.2761005421461764,3.2778273597304866
JR,v0,0.75,0.6910000000000001,1.2646840582244367,3.2845003707905986
JR,v0,0.75,0.6920000000000001,1.2547174228459301,3.292353394094363
JR,v0,0.75,0.6930000000000001,1.2461394342475192,3.3013399333936673
JR,v0,0.75,0.6940000000000001,1.2389047381133187,3.311411588107061
JR,v0,0.75,0.6950000000000001,1.2329838275746994,3.3225175450085866
JR,v0,0.75,0.6960000000000001,1.2283630432102877,3.3346067114423623
JR,v0,0.75,0.6970000000000001,1.2250445730459605,3.3476306806179132
JR,v0,0.75,0.6980000000000001,1.2230464525548497,3.361542580450147
JR,v0,0.75,0.6990000000000001,1.2223813159694865,3.376298954537672
JR,v0,0.75,0.7000000000000001,1.2229395643850198,3.3918581198610323
JR,v0,0.75,0.7010000000000001,1.2246248839514005,3.4081797641495855
JR,v0,0.75,0.7020000000000001,1.2273590137318484,3.425224066147399
JR,v0,0.75,0.7030000000000001,1.2310743816147873,3.442951324410233
JR,v0,0.75,0.704,1.2357141043138533,3.4613203991329478
JR,v0,0.75,0.705,1.2412319873678888,3.480298933060644
JR,v0,0.75,0.706,1.2475925251409432,3.499861438434829
JR,v0,0.75,0.707,1.254770900822276,3.5199827894390694
JR,v0,0.75,0.708,1.2627529864263538,3.5406340055148604
JR,v0,0.75,0.709,1.2715353427928493,3.561783825286292
JR,v0,0.75,0.71,1.2810791478360608,3.583402347108123
JR,v0,0.75,0.711,1.2912899594301113,3.605450122004116
JR,v0,0.75,0.712,1.3021049124422044,3.627883255089277
JR,v0,0.75,0.713,1.3134675547004004,3.6506602496580443
JR,v0,0.75,0.714,1.3253277397528436,3.6737369693353306
JR,v0,0.75,0.715,1.33764162686776,3.6970656661906287
JR,v0,0.75,0.716,1.3503716810334545,3.7205972904328877
JR,v0,0.75,0.717,1.3634866729583193,3.7442757358806076
JR,v0,0.75,0.718,1.3769616790708241,3.768037494466926
JR,v0,0.75,0.719,1.3907780815195219,3.7918122416770372
JR,v0,0.75,0.72,1.40492356817305,3.8155218934402613
JR,v0,0.75,0.721,1.4193888289270822,3.83908624585838
JR,v0,0.75,0.722,1.4341204944255734,3.862425219471758
JR,v0,0.75,0.723,1.449072152427318,3.885457184953608
JR,v0,0.75,0.724,1.4642097919732642,3.9080965289036103
JR,v0,0.75,0.725,1.4795025273412614,3.930258648766897
JR,v0,0.75,0.726,1.4949225980460579,3.951857818979858
JR,v0,0.75,0.727,1.5104453688393011,3.9728089831487052
JR,v0,0.75,0.728,1.526049329709536,3.9930259152601963
JR,v0,0.75,0.729,1.5417160958822076,4.012425118189245
JR,v0,0.75,0.73,1.5574304078196577,4.030930257742039
JR,v0,0.75,0.731,1.5731801312211302,4.048480376945813
JR,v0,0.75,0.732,1.5889562570227662,4.065018598355214
JR,v0,0.75,0.733,1.6047529013976032,4.080490072546042
JR,v0,0.75,0.734,1.620565429855609,4.094843017976348
JR,v0,0.75,0.735,1.6363655765934992,4.1080310034759
JR,v0,0.75,0.736,1.6521316632561351,4.120015494918199
JR,v0,0.75,0.737,1.6678490743823353,4.130768741265233
JR,v0,0.75,0.738,1.6835048084454054,4.140284553056655
JR,v0,0.75,0.739,1.6990874778531393,4.148563093465213
JR,v0,0.75,0.74,1.7145873089478196,4.155607882268821
JR,v0,0.75,0.741,1.7299961420062204,4.161428484452156
JR,v0,0.75,0.742,1.7453074312395995,4.16604082973469
JR,v0,0.75,0.743,1.760516244793708,4.169464115264695
JR,v0,0.75,0.744,1.775619264748784,4.17172717854634
JR,v0,0.75,0.745,1.7906147871195528,4.172864302974068
JR,v0,0.75,0.746,1.80550272185523,4.172913815802477
JR,v0,0.75,0.747,1.8202845928395215,4.171920339175841
JR,v0,0.75,0.748,1.8349592926371239,4.169926111666914
JR,v0,0.75,0.749,1.8495105076249452,4.166977378419567
JR,v0,0.75,0.75,1.863931706430011,4.163126034996381
JR,v0,0.75,0.751,1.8782187474800272,4.158426198017217
JR,v0,0.75,0.752,1.8923685797039784,4.152931350661384
JR,v0,0.75,0.753,1.9063792425321227,4.146693918803439
JR,v0,0.75,0.754,1.9202498658959937,4.139766909464478
JR,v0,0.75,0.755,1.9339806702284008,4.132206390086001
JR,v0,0.75,0.756,1.9475729664634294,4.124071978687514
JR,v0,0.75,0.757,1.9610291560364406,4.115425568827241
JR,v0,0.75,0.758,1.974352730884069,4.106331551756266
JR,v0,0.75,0.759,1.9875468306825343,4.09685208612389
JR,v0,0.75,0.76,2.000608049940085,4.0870488801902365
JR,v0,0.75,0.761,2.0135329398129906,4.07698533252283
JR,v0,0.75,0.762,2.026319345749261,4.066734392814723
JR,v0,0.75,0.763,2.0389662942684743,4.056375593280879
JR,v0,0.75,0.764,2.051473992961785,4.045991572790798
JR,v0,0.75,0.765,2.063843830491917,4.035667837254709
JR,v0,0.75,0.766,2.07607837659317,4.025491527474459
JR,v0,0.75,0.767,2.088181382071412,4.015548018072474
JR,v0,0.75,0.768,2.1001577788040873,4.0059200045529515
JR,v0,0.75,0.769,2.1120136797402105,3.9966864683225047
JR,v0,0.75,0.77,2.1237548841683855,3.9879326218343296
JR,v0,0.75,0.771,2.1353791048178885,3.9797486941614757
JR,v0,0.75,0.772,2.1468821082513103,3.9722284130383594
JR,v0,0.75,0.773,2.1582611990502145,3.965460409762165
JR,v0,0.75,0.774,2.1695152147040706,3.959522493841058
JR,v0,0.75,0.775,2.1806445256102522,3.954482804464497
JR,v0,0.75,0.776,2.191651035074038,3.950399985132978
JR,v0,0.75,0.777,2.202538179308611,3.9473312187164735
JR,v0,0.75,0.778,2.2133109274350593,3.945333320813651
JR,v0,0.75,0.779,2.2239757814823737,3.944456295786115
JR,v0,0.75,0.78,2.234540776387451,3.944740230650774
JR,v0,0.75,0.781,2.2450152895681965,3.946212557225988
JR,v0,0.75,0.782,2.255400034342508,3.9488830669395605
JR,v0,0.75,0.783,2.265688507100352,3.9527533290212165
JR,v0,0.75,0.784,2.2758767825524036,3.95782175471935
JR,v0,0.75,0.785,2.2859626154802997,3.9640840590291755
JR,v0,0.75,0.786,2.2959454407366353,3.971524839138145
JR,v0,0.75,0.787,2.3058263732449698,3.9801207300682653
JR,v0,0.75,0.788,2.3156082079998193,3.989840169421906
JR,v0,0.75,0.789,2.3252954200666647,4.000648354625011
JR,v0,0.75,0.79,2.3348941645819434,4.0125022105190675
JR,v0,0.75,0.791,2.344412276753057,4.025354591351476
JR,v0,0.75,0.792,2.353859271858367,4.039156600399833
JR,v0,0.75,0.793,2.3632436170964195,4.053855791154516
JR,v0,0.75,0.794,2.3725592386325065,4.069397738702726
JR,v0,0.75,0.795,2.3818005661575534,4.0857265227349515
JR,v0,0.75,0.796,2.3909642636910413,4.102788439089795
JR,v0,0.75,0.797,2.400048691454088,4.120533707536774
JR,v0,0.75,0.798,2.4090539058694524,4.138913149320955
JR,v0,0.75,0.799,2.4179816595615327,4.1578789643449054
JR,v0,0.75,0.8,2.4268354013563678,4.17738435144714
JR,v0,0.75,0.801,2.4356202762816332,4.1973826347162175
JR,v0,0.75,0.802,2.4443431255666472,4.21783008391318
JR,v0,0.75,0.803,2.4530124866423657,4.238693089303685
JR,v0,0.75,0.804,2.4616385867485353,4.259943015987505
JR,v0,0.75,0.805,2.470224303637525,4.281554028499423
JR,v0,0.75,0.806,2.4787617360779266,4.303501062973201
JR,v0,0.75,0.807,2.4872464138542782,4.325760564865052
JR,v0,0.75,0.808,2.495675555478857,4.348308125712259
JR,v0,0.75,0.809,2.50404806819168,4.371123975327593
JR,v0,0.75,0.81,2.512364547960508,4.3942019488029676
JR,v0,0.75,0.811,2.520627279480842,4.417533495620298
JR,v0,0.75,0.812,2.528840236175926,4.441110599103347
JR,v0,0.75,0.8130000000000001,2.5370090801967433,4.464925589483378
JR,v0,0.75,0.8140000000000001,2.5451411624220204,4.4889672261278255
JR,v0,0.75,0.8150000000000001,2.5532455224582242,4.513217627072346
JR,v0,0.75,0.8160000000000001,2.561332165409453,4.537657552690149
JR,v0,0.75,0.8170000000000001,2.5693983840201975,4.562270667745348
JR,v0,0.75,0.8180000000000001,2.577437181537432,4.587040397194653
JR,v0,0.75,0.8190000000000001,2.585444602044783,4.611950989671226
JR,v0,0.75,0.8200000000000001,2.5934183580167423,4.63698353624047
JR,v0,0.75,0.8210000000000001,2.6013578303186686,4.662110133053689
JR,v0,0.75,0.8220000000000001,2.609264068206788,4.687300156486897
JR,v0,0.75,0.8230000000000001,2.6171397893281907,4.7125277893457955
JR,v0,0.75,0.8240000000000001,2.6249893797208355,4.737770956996714
JR,v0,0.75,0.8250000000000001,2.632818893813545,4.763003013007748
JR,v0,0.75,0.8260000000000001,2.640636054426009,4.7881923806740225
JR,v0,0.75,0.8270000000000001,2.648450252768785,4.81331239906672
JR,v0,0.75,0.8280000000000001,2.6562702756172247,4.838344538182399
JR,v0,0.75,0.8290000000000001,2.664090206419469,4.863270100380554
JR,v0,0.75,0.8300000000000001,2.6719041470981018,4.888078953867282
JR,v0,0.75,0.8310000000000001,2.67970860870589,4.912768570745071
JR,v0,0.75,0.8320000000000001,2.687501768284725,4.937335385779761
JR,v0,0.75,0.833,2.695283468865623,4.9617780466828165
JR,v0,0.75,0.834,2.7030552194687316,4.98610557584411
JR,v0,0.75,0.835,2.7108201951033206,5.010333057393208
JR,v0,0.75,0.836,2.7185832367677873,5.034470167918829
JR,v0,0.75,0.837,2.726350851449657,5.0585449274655625
JR,v0,0.75,0.838,2.7341312121255794,5.082586568661001
JR,v0,0.75,0.839,2.741934157761332,5.106615611094711
JR,v0,0.75,0.84,2.749766857534412,5.130647014397051
JR,v0,0.75,0.841,2.7576219097795973,5.154705019869642
JR,v0,0.75,0.842,2.765494291763883,5.1788130589589105
JR,v0,0.75,0.843,2.7733809660784825,5.202992951429951
JR,v0,0.75,0.844,2.781280609081685,5.227262813972286
JR,v0,0.75,0.845,2.789193610898853,5.251629626059309
JR,v0,0.75,0.846,2.797122075422425,5.2761011936593585
JR,v0,0.75,0.847,2.805069820311913,5.300684533933088
JR,v0,0.75,0.848,2.813042376993905,5.325387796944963
JR,v0,0.75,0.849,2.821046990662061,5.350205495238954
JR,v0,0.75,0.85,2.8290926202771205,5.3751238065902305
JR,v0,0.75,0.851,2.8371899385668926,5.400124441472677
JR,v0,0.75,0.852,2.8453442096430104,5.425187419924027
JR,v0,0.75,0.853,2.85354766548489,5.450284607450235
JR,v0,0.75,0.854,2.8617958793044815,5.475375996970103
JR,v0,0.75,0.855,2.8700863000881385,5.500425682740545
JR,v0,0.75,0.856,2.878418230795866,5.525388984505977
JR,v0,0.75,0.857,2.8867928283613127,5.55020841855648
JR,v0,0.75,0.858,2.89521310369178,5.574821956398844
JR,v0,0.75,0.859,2.903683921668215,5.599158722700236
JR,v0,0.75,0.86,2.912212001145213,5.623137435244318
JR,v0,0.75,0.861,2.920805914951019,5.646671097213721
JR,v0,0.75,0.862,2.929476089887525,5.669670764200287
JR,v0,0.75,0.863,2.9382347264832704,5.69206561174345
JR,v0,0.75,0.864,2.9470847614128655,5.71378467149754
JR,v0,0.75,0.865,2.9560187737649892,5.7347503289563395
JR,v0,0.75,0.866,2.9650327537411942,5.754886733255924
JR,v0,0.75,0.867,2.974124828876564,5.774127673948232
JR,v0,0.75,0.868,2.9832952640397123,5.7924115119218325
JR,v0,0.75,0.869,2.9925464614327844,5.809680598894989
JR,v0,0.75,0.87,3.001882960591458,5.825869401766288
JR,v0,0.75,0.871,3.0113114383849386,5.840920408929427
JR,v0,0.75,0.872,3.0208407090159666,5.854812064086141
JR,v0,0.75,0.873,3.0304817240208095,5.867526019731883
JR,v0,0.75,0.874,3.040247572269268,5.879043768589205
JR,v0,0.75,0.875,3.0501526557363197,5.889363099681912
JR,v0,0.75,0.876,3.0601969770025716,5.898503657210927
JR,v0,0.75,0.877,3.0703737285204524,5.9064825928157765
JR,v0,0.75,0.878,3.080679671019223,5.9133180846542635
JR,v0,0.75,0.879,3.0911142091946977,5.919023016067141
JR,v0,0.75,0.88,3.1016793917092556,5.923617197653254
JR,v0,0.75,0.881,3.112379911191829,5.927133554947528
JR,v0,0.75,0.882,3.123223104237911,5.929613888537139
JR,v0,0.75,0.883,3.1342189514095526,5.931104104295591
JR,v0,0.75,0.884,3.1453800772353624,5.9316747619278285
JR,v0,0.75,0.885,3.15672175021051,5.931409101993949
JR,v0,0.75,0.886,3.1682618827967213,5.930389837597974
JR,v0,0.75,0.887,3.180016752196096,5.928689519300422
JR,v0,0.75,0.888,3.191982023255409,5.926392550057797
JR,v0,0.75,0.889,3.2041525028254356,5.923570651473705
JR,v0,0.75,0.89,3.216526861899472,5.920307166215017
JR,v0,0.75,0.891,3.2291073103734362,5.916693907772671
JR,v0,0.75,0.892,3.241899597045867,5.912832398956278
JR,v0,0.75,0.893,3.2549130096179253,5.908827185261965
JR,v0,0.75,0.894,3.2681603746933923,5.90478521528636
JR,v0,0.75,0.895,3.281658057778673,5.900806226483529
JR,v0,0.75,0.896,3.295425963282793,5.896981173302139
JR,v0,0.75,0.897,3.3094875345173973,5.893415918772008
JR,v0,0.75,0.898,3.323869437576065,5.890204743713985
JR,v0,0.75,0.899,3.3385829882778335,5.887429168899598
JR,v0,0.75,0.9,3.3536216918864423,5.8851840066688625
JR,v0,0.75,0.901,3.3689840401115405,5.883557505877212
JR,v0,0.75,0.902,3.3846736943939493,5.882618025165185
JR,v0,0.75,0.903,3.400699485905669,5.882410412800919
JR,v0,0.75,0.904,3.4170754155498697,5.882965804309888
JR,v0,0.75,0.905,3.4338206539609004,5.88429873485543
JR,v0,0.75,0.906,3.4509595415042846,5.886417330469618
JR,v0,0.75,0.907,3.4685215882767193,5.889320629370905
JR,v0,0.75,0.908,3.4865414741060774,5.8929958565589375
JR,v0,0.75,0.909,3.505059048551406,5.8974043878850475
JR,v0,0.75,0.91,3.5241050263003393,5.902490550276989
JR,v0,0.75,0.911,3.5436769261475245,5.908214995159658
JR,v0,0.75,0.912,3.5637752323983602,5.914523000108044
JR,v0,0.75,0.913,3.5844087199337067,5.921335041360107
JR,v0,0.75,0.914,3.6055944535419386,5.928544804276976
JR,v0,0.75,0.915,3.627357787918952,5.936031881212793
JR,v0,0.75,0.916,3.649732367668158,5.943673723499636
JR,v0,0.75,0.917,3.672760127300487,5.951343283607969
JR,v0,0.75,0.918,3.6964912912343872,5.958928544303927
JR,v0,0.75,0.919,3.7209843737958255,5.966302780269026
JR,v0,0.75,0.92,3.7463061397670208,5.973331335274816
JR,v0,0.75,0.921,3.7725080309336017,5.979877468823706
JR,v0,0.75,0.922,3.7995944806354673,5.985768285811925
JR,v0,0.75,0.923,3.8275760134239256,5.990801203099628
JR,v0,0.75,0.924,3.8564777023870027,5.994788490063469
JR,v0,0.75,0.925,3.886339169149444,5.997589332273079
JR,v0,0.75,0.926,3.9172145838727115,5.999044310806394
JR,v0,0.75,0.927,3.9491726652549857,5.9989923647416346
JR,v0,0.75,0.928,3.9822966805311646,5.997312762066515
JR,v0,0.75,0.929,4.0166844454728645,5.993927843756581
JR,v0,0.75,0.93,4.052448324388418,5.988750190469058
JR,v0,0.75,0.931,4.0897095434432735,5.98167927247305
JR,v0,0.75,0.932,4.128526040219419,5.972626759276008
JR,v0,0.75,0.933,4.168921408409645,5.9615001767596025
JR,v0,0.75,0.934,4.21094490310469,5.948252609058479
JR,v0,0.75,0.935,4.2546727919982175,5.932911732956345
JR,v0,0.75,0.936,4.300208355386814,5.915549920127132
JR,v0,0.75,0.937,4.347681886169995,5.896247484915914
JR,v0,0.75,0.9380000000000001,4.39725068985019,5.875078484623898
JR,v0,0.75,0.9390000000000001,4.449099084532765,5.852097934890303
JR,v0,0.75,0.9400000000000001,4.503438400926003,5.827372143121026
JR,v0,0.75,0.9410000000000001,4.5604973983695345,5.801030364393107
JR,v0,0.75,0.9420000000000001,4.620406482005593,5.773249935800992
JR,v0,0.75,0.9430000000000001,4.683251497373909,5.7441961308085965
JR,v0,0.75,0.9440000000000001,4.749162137742685,5.7140189461008335
JR,v0,0.75,0.9450000000000001,4.8183129264228395,5.682875204306978
JR,v0,0.75,0.9460000000000001,4.890923216768007,5.650913369983994
JR,v0,0.75,0.9470000000000001,4.967257192174534,5.618294723496802
JR,v0,0.75,0.9480000000000001,5.047623866081482,5.585198691809295
JR,v0,0.75,0.9490000000000001,5.132377081970628,5.551797334784105
JR,v0,0.75,0.9500000000000001,5.221915513366466,5.518292817184519
JR,v0,0.75,0.9510000000000001,5.316536833977997,5.484858901986232
JR,v0,0.75,0.9520000000000001,5.416431310915185,5.45165744225098
JR,v0,0.75,0.9530000000000001,5.521920604809751,5.41883571222427
JR,v0,0.75,0.9540000000000001,5.633331897548061,5.386545925634031
JR,v0,0.75,0.9550000000000001,5.750997394644992,5.354953062134391
JR,v0,0.75,0.9560000000000001,5.875254325243945,5.324203203546443
JR,v0,0.75,0.9570000000000001,6.006444942116833,5.294440945300304
JR,v0,0.75,0.9580000000000001,6.144916521664089,5.265831770081431
JR,v0,0.75,0.9590000000000001,6.2910213639146635,5.238534994177672
JR,v0,0.75,0.96,6.445004857476899,5.212670122487333
JR,v0,0.75,0.961,6.606729731534431,5.188332810980367
JR,v0,0.75,0.962,6.776543056471989,5.165604552003956
JR,v0,0.75,0.963,6.954637143654521,5.144563205269779
JR,v0,0.75,0.964,7.1409544013467405,5.12525345194334
JR,v0,0.75,0.965,7.33518733471312,5.1076857575029635
JR,v0,0.75,0.966,7.536778545817896,5.091851238328785
JR,v0,0.75,0.967,7.744920733625062,5.0777431992542725
JR,v0,0.75,0.968,7.958556693998375,5.065352473826771
JR,v0,0.75,0.969,8.176425700506758,5.054668383298358
JR,v0,0.75,0.97,8.397393524233241,5.045651570957005
JR,v0,0.75,0.971,8.620276121715065,5.038246855495886
JR,v0,0.75,0.972,8.843720013702367,5.032381220803325
JR,v0,0.75,0.973,9.066205783068897,5.027931624678637
JR,v0,0.75,0.974,9.286048074812033,5.024754012724072
JR,v0,0.75,0.975,9.501395596052777,5.0227259036341545
JR,v0,0.75,0.976,9.710231116035747,5.021760535158028
JR,v0,0.75,0.977,9.910371466129188,5.021770286099014
JR,v0,0.75,0.978,10.099697270259586,5.022664888641741
JR,v0,0.75,0.979,10.277004230826599,5.024349686159788
JR,v0,0.75,0.98,10.441187120446607,5.026710520384385
JR,v0,0.75,0.981,10.591166018454881,5.0296395750904175
JR,v0,0.75,0.982,10.725900606258335,5.033041191313386
JR,v0,0.75,0.983,10.844390167335503,5.036810794641767
JR,v0,0.75,0.984,10.945673587236556,5.040849294237893
JR,v0,0.75,0.985,11.02882935358329,5.045067064135362
JR,v0,0.75,0.986,11.092983864934311,5.049398783749762
JR,v0,0.75,0.987,11.137799634465878,5.053777505341591
JR,v0,0.75,0.988,11.163407056862583,5.05814026996699
JR,v0,0.75,0.989,11.169920077010845,5.0624427246800625
JR,v0,0.75,0.99,11.15748690391813,5.066618932706493
JR,v0,0.75,0.991,11.126290010712937,5.070596408144945
JR,v0,0.75,0.992,11.076546134644822,5.074328728196241
JR,v0,0.75,0.993,11.00850627708436,5.077756735573822
JR,v0,0.75,0.994,10.92245572747124,5.080823883802039
JR,v0,0.75,0.995,10.818860350215642,5.08347075465716
JR,v0,0.75,0.996,10.698528956700411,5.085644836361535
JR,v0,0.75,0.997,10.562290122561075,5.087295566193464
JR,v0,0.75,0.998,10.41096718080165,5.088380278654705
JR,v0,0.75,0.999,10.245378221794649,5.088849309466709
JR,v0,0.75,1.0,10.066336093281066,5.088656109565464
JR,v0,0.75,1.0010000000000001,9.874648400370381,5.0877541149601235
JR,v0,0.75,1.002,9.671117505540634,5.086088363526988
JR,v0,0.75,1.0030000000000001,9.45655621114159,5.083615490745129
JR,v0,0.75,1.004,9.232056506828998,5.080311762265485
JR,v0,0.75,1.0050000000000001,8.998682264138283,5.076145339941087
JR,v0,0.75,1.006,8.757453724395612,5.071075357767582
JR,v0,0.75,1.0070000000000001,8.509416922630512,5.065061898706557
JR,v0,0.75,1.008,8.255643687576299,5.058073038499787
JR,v0,0.75,1.0090000000000001,7.997231641669654,5.050085252273182
JR,v0,0.75,1.01,7.735304201051051,5.041085984837893
JR,v0,0.75,1.0110000000000001,7.471010575564309,5.031075003368573
JR,v0,0.75,1.012,7.2055661025278095,5.020066376136251
JR,v0,0.75,1.0130000000000001,6.9402449493050895,5.008061341993968
JR,v0,0.75,1.014,6.676171549949029,4.995047321736667
JR,v0,0.75,1.0150000000000001,6.41451081640159,4.9810229214902755
JR,v0,0.75,1.016,6.15648162241793,4.9660039935290525
JR,v0,0.75,1.0170000000000001,5.903356803565938,4.950022261521193
JR,v0,0.75,1.018,5.656463157226684,4.933095966194157
JR,v0,0.75,1.0190000000000001,5.417181442593975,4.915229853672037
JR,v0,0.75,1.02,5.1869462705283365,4.896441582476753
JR,v0,0.75,1.0210000000000001,4.966896852400723,4.876762557512813
JR,v0,0.75,1.022,4.758062273438043,4.856225003548854
JR,v0,0.75,1.0230000000000001,4.5616111617011335,4.834848240711481
JR,v0,0.75,1.024,4.3785695247796,4.812654458086156
JR,v0,0.75,1.025,4.209820749791454,4.789662609130304
JR,v0,0.75,1.026,4.056105603383315,4.765903216927495
JR,v0,0.75,1.027,3.918022231730454,4.7414026711690465
JR,v0,0.75,1.028,3.796026160536581,4.716198096555616
JR,v0,0.75,1.029,3.6904302950340977,4.690325106150349
JR,v0,0.75,1.03,3.601391283712644,4.663818659221766
JR,v0,0.75,1.031,3.5287797836440262,4.636726626869401
JR,v0,0.75,1.032,3.4722548240331754,4.609096338639413
JR,v0,0.75,1.033,3.4312724990864254,4.580974598156069
JR,v0,0.75,1.034,3.4050758101869256,4.552395388332732
JR,v0,0.75,1.035,3.3926946658947017,4.52339036007923
JR,v0,0.75,1.036,3.392920637890306,4.49399512055689
JR,v0,0.75,1.037,3.4042627019582525,4.4642717216877426
JR,v0,0.75,1.038,3.4250780640461365,4.434284242127875
JR,v0,0.75,1.039,3.4535892811958355,4.404079924779152
JR,v0,0.75,1.04,3.487883754848248,4.3737110673753135
JR,v0,0.75,1.041,3.525878839047447,4.343226538911057
JR,v0,0.75,1.042,3.5652390936378424,4.312670757847236
JR,v0,0.75,1.043,3.6042658727383454,4.2820994380144715
JR,v0,0.75,1.044,3.641443783888281,4.25158144840606
JR,v0,0.75,1.045,3.6753055544548303,4.221187226109063
JR,v0,0.75,1.046,3.7044320316331003,4.190979470811724
JR,v0,0.75,1.047,3.7274521824460614,4.1610173887443285
JR,v0,0.75,1.048,3.743043093744607,4.131360795891322
JR,v0,0.75,1.049,3.750204261362409,4.102065981384002
JR,v0,0.75,1.05,3.7491918954267938,4.0732094277109345
JR,v0,0.75,1.051,3.7405336520925303,4.044871284376175
JR,v0,0.75,1.052,3.724661028745267,4.017119310909752
JR,v0,0.75,1.053,3.701909429998688,3.990008624462994
JR,v0,0.75,1.054,3.6725181676944665,3.9635849197627264
JR,v0,0.75,1.055,3.6366305991890275,3.9378999904095
JR,v0,0.75,1.056,3.594776412268521,3.913010230604138
JR,v0,0.75,1.057,3.548194178192338,3.888977636833782
JR,v0,0.75,1.058,3.497905992416907,3.865865791452024
JR,v0,0.75,1.059,3.4447378541529687,3.843713197117391
JR,v0,0.75,1.06,3.3893196663655125,3.822534140454381
JR,v0,0.75,1.061,3.3320852357738495,3.802337684035816
JR,v0,0.75,1.062,3.2732750479804036,3.7831523891111374
JR,v0,0.75,1.063,3.2133647072557174,3.7650027252969434
JR,v0,0.75,1.064,3.152994358035908,3.747919548145166
JR,v0,0.75,1.065,3.092581521373983,3.7319311107261024
JR,v0,0.75,1.066,3.032449104512043,3.717047661742896
JR,v0,0.75,1.067,2.972825400881387,3.703272813237849
JR,v0,0.75,1.068,2.9138440901023994,3.690611338101307
JR,v0,0.75,1.069,2.8555442379846667,3.6790782853879067
JR,v0,0.75,1.07,2.797870296526863,3.668680169242218
JR,v0,0.75,1.071,2.7408954845282185,3.659417440607856
JR,v0,0.75,1.072,2.684836777286783,3.6512753640185633
JR,v0,0.75,1.073,2.629564724466899,3.644237090161366
JR,v0,0.75,1.074,2.574984225611024,3.6382920429756935
JR,v0,0.75,1.075,2.521042250174389,3.633448437184059
JR,v0,0.75,1.076,2.467727837524917,3.6297053746400287
JR,v0,0.75,1.077,2.4150720969432964,3.627063107438441
JR,v0,0.75,1.078,2.363148207622915,3.6255029891102373
JR,v0,0.75,1.079,2.312071418669923,3.625005152522766
JR,v0,0.75,1.08,2.2619767764480034,3.62554648743472
JR,v0,0.75,1.081,2.212774381847849,3.6271160215313607
JR,v0,0.75,1.082,2.164298650641408,3.6297024982253223
JR,v0,0.75,1.083,2.116445828425908,3.633291682757931
JR,v0,0.75,1.084,2.0691742788294505,3.6378713553965607
JR,v0,0.75,1.085,2.022504483511103,3.6434279936918137
JR,v0,0.75,1.086,1.976519042160806,3.6499355528631265
JR,v0,0.75,1.087,1.931362672499466,3.6573617298432355
JR,v0,0.75,1.088,1.8872422102788615,3.665657556347557
JR,v0,0.75,1.089,1.8444266092817347,3.6747627370151434
JR,v0,0.75,1.09,1.8030714924894955,3.684617360817237
JR,v0,0.75,1.091,1.7629684821289633,3.695157612353471
JR,v0,0.75,1.092,1.724052809737712,3.7063199495784085
JR,v0,0.75,1.093,1.6862992587385914,3.718043592419332
JR,v0,0.75,1.094,1.6497173549415933,3.730272242583901
JR,v0,0.75,1.095,1.614351366543909,3.742947635340197
JR,v0,0.75,1.096,1.5802803041298734,3.756009841268486
JR,v0,0.75,1.097,1.5476179206710219,3.7693933075061468
JR,v0,0.75,1.098,1.5165127115260306,3.7830311353201744
JR,v0,0.75,1.099,1.487142847123736,3.7968595756767365
JR,v0,0.75,1.1,1.4594956746103493,3.8108193230361542
JR,v0,0.75,1.101,1.4334542308160705,3.824849297371108
JR,v0,0.75,1.102,1.4089598724592873,3.838900063672527
JR,v0,0.75,1.103,1.385975736727528,3.8529224225917464
JR,v0,0.75,1.104,1.3644867412774193,3.8668724819491977
JR,v0,0.75,1.105,1.3444995842347156,3.8807081850464114
JR,v0,0.75,1.106,1.3260427441942788,3.8943914758419567
JR,v0,0.75,1.107,1.3091664802200969,3.907882159530337
JR,v0,0.75,1.108,1.2939428318452606,3.9211322288068375
JR,v0,0.75,1.109,1.2804319245199371,3.9340880061235
JR,v0,0.75,1.11,1.2685230405942347,3.946696770888041
JR,v0,0.75,1.111,1.25811701563571,3.958908712857355
JR,v0,0.75,1.112,1.2491371234303106,3.970670621007939
JR,v0,0.75,1.113,1.241522141680039,3.981936152457702
JR,v0,0.75,1.114,1.2352263520029378,3.9926594871603824
JR,v0,0.75,1.115,1.2302195399331017,4.002797130519633
JR,v0,0.75,1.116,1.226486994920668,4.0123067640283185
JR,v0,0.75,1.117,1.2240295103318202,4.021150491169527
JR,v0,0.75,1.118,1.2228633834487912,4.02929373749661
JR,v0,0.75,1.119,1.222995740310716,4.036699698017175
JR,v0,0.75,1.12,1.2243141379282312,4.04333666532555
JR,v0,0.75,1.121,1.226725178054875,4.049183141660369
JR,v0,0.75,1.122,1.2301518380183465,4.054213420484899
JR,v0,0.75,1.123,1.23452748449116,4.058413697150622
JR,v0,0.75,1.124,1.2397958734906567,4.0617748138690954
JR,v0,0.75,1.125,1.2459111503789932,4.064290496613876
JR,v0,0.75,1.1260000000000001,1.252837849863151,4.065959737705933
JR,v0,0.75,1.127,1.2605508959949274,4.066794211889728
JR,v0,0.75,1.1280000000000001,1.2690356021709492,4.066806881419104
JR,v0,0.75,1.129,1.2782876711326523,4.066014342776751
JR,v0,0.75,1.1300000000000001,1.2882688095847223,4.064440520344524
JR,v0,0.75,1.131,1.298886628517356,4.062111904012171
JR,v0,0.75,1.1320000000000001,1.3100799394020894,4.059057036361677
JR,v0,0.75,1.133,1.3217937450071613,4.055312885160143
JR,v0,0.75,1.1340000000000001,1.333979115332304,4.050927803747656
JR,v0,0.75,1.135,1.3465931876087263,4.045953977513497
JR,v0,0.75,1.1360000000000001,1.3595991662991294,4.040442752097359
JR,v0,0.75,1.137,1.372966323097689,4.034449453907015
JR,v0,0.75,1.1380000000000001,1.3866699969300713,4.028030784533752
JR,v0,0.75,1.139,1.4006915939534208,4.021243739280276
JR,v0,0.75,1.1400000000000001,1.415018587556374,4.014151814266369
JR,v0,0.75,1.141,1.4296426586758866,4.006817507807732
JR,v0,0.75,1.1420000000000001,1.4445154092393269,3.999306911396096
JR,v0,0.75,1.143,1.4595900186413475,3.991684381819035
JR,v0,0.75,1.1440000000000001,1.474833752243896,3.9840152294168636
JR,v0,0.75,1.145,1.4902168540489873,3.9763642972279016
JR,v0,0.75,1.1460000000000001,1.505712546698735,3.9687982974106655
JR,v0,0.75,1.147,1.5212970314753216,3.9613854763441863
JR,v0,0.75,1.1480000000000001,1.536949488301028,3.9541922076251974
JR,v0,0.75,1.149,1.5526520757382056,3.9472824926450985
JR,v0,0.75,1.1500000000000001,1.568389930989302,3.940720169945397
JR,v0,0.75,1.151,1.5841511698968356,3.9345646414192736
JR,v0,0.75,1.1520000000000001,1.5999268869434227,3.9288738203181013
JR,v0,0.75,1.153,1.615711155251749,3.923703051192249
JR,v0,0.75,1.154,1.6315005823748527,3.9191056290291977
JR,v0,0.75,1.155,1.6472723616919067,3.9151332293630845
JR,v0,0.75,1.156,1.6630029271549418,3.911833956989922
JR,v0,0.75,1.157,1.67867813577329,3.909252615431559
JR,v0,0.75,1.158,1.694285430280094,3.907431737561849
JR,v0,0.75,1.159,1.7098138391323374,3.9064099144603084
JR,v0,0.75,1.16,1.725253976510818,3.9062204267937477
JR,v0,0.75,1.161,1.7405980423201695,3.9068897732807466
JR,v0,0.75,1.162,1.7558398221888423,3.908442751701506
JR,v0,0.75,1.163,1.7709746874691241,3.9109011679270247
JR,v0,0.75,1.164,1.7859995952371168,3.914284026615202
JR,v0,0.75,1.165,1.800913088292762,3.918605011328221
JR,v0,0.75,1.166,1.8157152951598121,3.9238740744578977
JR,v0,0.75,1.167,1.830407930085863,3.930097596678576
JR,v0,0.75,1.168,1.844992246043395,3.937276076994788
JR,v0,0.75,1.169,1.8594534276558297,3.9454062764021796
JR,v0,0.75,1.17,1.873783514182982,3.954482524334838
JR,v0,0.75,1.171,1.8879783612737189,3.9644975687046364
JR,v0,0.75,1.172,1.9020349372262197,3.9754424226903033
JR,v0,0.75,1.173,1.9159513229879992,3.9873044032740035
JR,v0,0.75,1.174,1.9297267121558845,4.000071252756145
JR,v0,0.75,1.175,1.9433614109760362,4.013730278383802
JR,v0,0.75,1.176,1.95685683834393,4.028265423222407
JR,v0,0.75,1.177,1.970215525804373,4.043657052275378
JR,v0,0.75,1.178,1.9834411175514886,4.059882365727828
JR,v0,0.75,1.179,1.9965377483088997,4.076920437793414
JR,v0,0.75,1.18,2.009503309459177,4.094750357408061
JR,v0,0.75,1.181,2.0223339161641376,4.113356369104755
JR,v0,0.75,1.182,2.0350271551768717,4.132720735590343
JR,v0,0.75,1.183,2.047581822292359,4.15282622636772
JR,v0,0.75,1.184,2.059997922347439,4.173660244505326
JR,v0,0.75,1.185,2.0722766692208396,4.195209937596151
JR,v0,0.75,1.186,2.0844204858331508,4.21746389999603
JR,v0,0.75,1.187,2.0964330041468457,4.24040534570268
JR,v0,0.75,1.188,2.1083190651662664,4.264011399365102
JR,v0,0.75,1.189,2.120084718937634,4.288258040275618
JR,v0,0.75,1.19,2.1317366728571083,4.313124851134078
JR,v0,0.75,1.191,2.1432747091364366,4.33859566750041
JR,v0,0.75,1.192,2.154694245994244,4.364649522375798
JR,v0,0.75,1.193,2.1659921674855194,4.391265370512764
JR,v0,0.75,1.194,2.1771669048183737,4.418422182645794
JR,v0,0.75,1.195,2.1882184363540627,4.4460988722984025
JR,v0,0.75,1.196,2.1991482876069646,4.474267643955283
JR,v0,0.75,1.197,2.2099595312446008,4.502892606792674
JR,v0,0.75,1.198,2.220656787087617,4.531944091325664
JR,v0,0.75,1.199,2.2312462221097995,4.561394031554892
JR,v0,0.75,1.2,2.241735550438062,4.591214402714811
JR,v0,0.75,1.201,2.252134033352459,4.621376529264851
JR,v0,0.75,1.202,2.2624463696698935,4.65184703854746
JR,v0,0.75,1.203,2.272665761100712,4.682591335044114
JR,v0,0.75,1.204,2.282787807655383,4.713578494677272
JR,v0,0.75,1.205,2.2928098059192354,4.744778457595183
JR,v0,0.75,1.206,2.3027307375005677,4.7761555653268815
JR,v0,0.75,1.207,2.3125512690306587,4.807673524761572
JR,v0,0.75,1.208,2.3222737521637504,4.839300195728848
JR,v0,0.75,1.209,2.3319022235770714,4.871009469911499
JR,v0,0.75,1.21,2.341442404970812,4.90277133273454
JR,v0,0.75,1.211,2.350901703068144,4.934548189914881
JR,v0,0.75,1.212,2.360289209615209,4.966294867809592
JR,v0,0.75,1.213,2.369614907987916,4.997961571757965
JR,v0,0.75,1.214,2.378876169038802,5.029498257292336
JR,v0,0.75,1.215,2.388066277585456,5.060864638192814
JR,v0,0.75,1.216,2.397181422705026,5.092020940206002
JR,v0,0.75,1.217,2.406219491865923,5.122934693086944
JR,v0,0.75,1.218,2.4151800709278106,5.153588845014075
JR,v0,0.75,1.219,2.424064444141615,5.183962404359472
JR,v0,0.75,1.22,2.4328755941495146,5.214022777527068
JR,v0,0.75,1.221,2.4416182019849524,5.243720960534995
JR,v0,0.75,1.222,2.45029864707262,5.27300046197587
JR,v0,0.75,1.223,2.4589250072284767,5.301807289232637
JR,v0,0.75,1.224,2.4675070586597294,5.3300984579027935
JR,v0,0.75,1.225,2.4760519179779608,5.357823716526528
JR,v0,0.75,1.226,2.484552167803179,5.384945062501523
JR,v0,0.75,1.227,2.493002613460934,5.411432918183742
JR,v0,0.75,1.228,2.501400001025567,5.437247812635161
JR,v0,0.75,1.229,2.509742763412285,5.462337903161978
JR,v0,0.75,1.23,2.5180310203771517,5.486637687714919
JR,v0,0.75,1.231,2.5262665785170904,5.5100608059470755
JR,v0,0.75,1.232,2.5344529312698816,5.532536273520467
JR,v0,0.75,1.233,2.542595258914172,5.553990386270721
JR,v0,0.75,1.234,2.550700428569459,5.574360368269147
JR,v0,0.75,1.235,2.5587769941961054,5.593597377615748
JR,v0,0.75,1.236,2.566835181711598,5.611649952967766
JR,v0,0.75,1.237,2.5748772699662736,5.6284563292699366
JR,v0,0.75,1.238,2.58289520057648,5.64394502240669
JR,v0,0.75,1.239,2.590884551225477,5.658045434988767
JR,v0,0.75,1.24,2.5988425661654966,5.6707007615769065
JR,v0,0.75,1.241,2.6067681562177554,5.681855550471162
JR,v0,0.75,1.242,2.61466189877244,5.691460146424472
JR,v0,0.75,1.243,2.622526037788721,5.699499330327281
JR,v0,0.75,1.244,2.6303644837947404,5.705961978076174
JR,v0,0.75,1.245,2.6381828138876227,5.710837601818212
JR,v0,0.75,1.246,2.645988271733465,5.7141125623358855
JR,v0,0.75,1.247,2.6537897675673463,5.715765745333478
JR,v0,0.75,1.248,2.6615974067221977,5.715794993682421
JR,v0,0.75,1.249,2.6694094467110916,5.714235254990701
JR,v0,0.75,1.25,2.6772187107509673,5.711126368961441
JR,v0,0.75,1.2510000000000001,2.6850212389898664,5.706530292320024
JR,v0,0.75,1.252,2.692814739047761,5.700518539899889
JR,v0,0.75,1.2530000000000001,2.700598586016571,5.693164077182616
JR,v0,0.75,1.254,2.708373822460144,5.6845429004556225
JR,v0,0.75,1.2550000000000001,2.7161431584142766,5.674731445797175
JR,v0,0.75,1.256,2.7239109713866956,5.663803467099907
JR,v0,0.75,1.2570000000000001,2.731683306357073,5.651861618393499
JR,v0,0.75,1.258,2.739467875777013,5.639018305401944
JR,v0,0.75,1.2590000000000001,2.7472740595700635,5.625381512027136
JR,v0,0.75,1.26,2.755111474894089,5.6110642617133735
JR,v0,0.75,1.2610000000000001,2.7629757852812444,5.596168389729738
JR,v0,0.75,1.262,2.77086074968346,5.580791599509089
JR,v0,0.75,1.2630000000000001,2.7787628449573556,5.565030946518146
JR,v0,0.75,1.264,2.7866802687908034,5.548976835798404
JR,v0,0.75,1.2650000000000001,2.794612939702939,5.532724259912538
JR,v0,0.75,1.266,2.8025624970441454,5.5163798058358635
JR,v0,0.75,1.2670000000000001,2.81053230099607,5.500042158419428
JR,v0,0.75,1.268,2.8185274325716114,5.483818354438139
JR,v0,0.75,1.2690000000000001,2.826554693614929,5.467811843395197
JR,v0,0.75,1.27,2.8346226068014335,5.452104203365968
JR,v0,0.75,1.2710000000000001,2.8427414156378004,5.436784668398705
JR,v0,0.75,1.272,2.8509201047103754,5.421949197530859
JR,v0,0.75,1.2730000000000001,2.8591526559097247,5.407688763311663
JR,v0,0.75,1.274,2.8674336415291695,5.394101532015263
JR,v0,0.75,1.2750000000000001,2.8757599859567806,5.3812761451674
JR,v0,0.75,1.276,2.884130484620459,5.369296232009421
JR,v0,0.75,1.2770000000000001,2.892545803987945,5.358250296789713
JR,v0,0.75,1.278,2.9010084815668096,5.348212757381065
JR,v0,0.75,1.2790000000000001,2.9095229259044646,5.339257251665333
JR,v0,0.75,1.28,2.9180954165881494,5.331458385587517
JR,v0,0.75,1.281,2.926734104244944,5.324893196892893
JR,v0,0.75,1.282,2.9354490105417654,5.319635381686753
JR,v0,0.75,1.283,2.9442520281853564,5.315740082293929
JR,v0,0.75,1.284,2.9531513175557524,5.313235363728003
JR,v0,0.75,1.285,2.9621397119071737,5.312153156766526
JR,v0,0.75,1.286,2.971212464734559,5.312531256607866
JR,v0,0.75,1.287,2.980367116936561,5.314383181236324
JR,v0,0.75,1.288,2.98960337849563,5.317716865747924
JR,v0,0.75,1.289,2.99892312847799,5.3225131897688565
JR,v0,0.75,1.29,3.008330415033658,5.328730361669789
JR,v0,0.75,1.291,3.0178314553964314,5.33630514270493
JR,v0,0.75,1.292,3.027434635883897,5.345153577411399
JR,v0,0.75,1.293,3.037150511897423,5.355158166571274
JR,v0,0.75,1.294,3.0469918079221685,5.366177062374793
JR,v0,0.75,1.295,3.056973388715945,5.378069478308361
JR,v0,0.75,1.296,3.0671012491193945,5.390690399255027
JR,v0,0.75,1.297,3.077367907605599,5.403856946836302
JR,v0,0.75,1.298,3.0877694006927365,5.417363432287723
JR,v0,0.75,1.299,3.0983044646440527,5.431007003379522
JR,v0,0.75,1.3,3.108974535467876,5.444585493242305
JR,v0,0.75,1.301,3.1197837489176012,5.4578779172865985
JR,v0,0.75,1.302,3.13073894049171,5.470676154203849
JR,v0,0.75,1.303,3.141849645433744,5.4827818050713475
JR,v0,0.75,1.304,3.1531280987323362,5.494010421283059
JR,v0,0.75,1.305,3.1645892351211793,5.504202204748205
JR,v0,0.75,1.306,3.1762506890790565,5.513206164634622
JR,v0,0.75,1.307,3.1881314358223216,5.520864945426289
JR,v0,0.75,1.308,3.200232548793597,5.527015478753129
JR,v0,0.75,1.309,3.21254753322014,5.531500509800402
JR,v0,0.75,1.31,3.2250742045149465,5.534187066430997
JR,v0,0.75,1.311,3.2378140166262894,5.535006566556348
JR,v0,0.75,1.312,3.25077206203774,5.53393428809993
JR,v0,0.75,1.313,3.2639570717681448,5.5309567440290275
JR,v0,0.75,1.314,3.2773814153716536,5.5260552250842885
JR,v0,0.75,1.315,3.291061100937691,5.5191995475156626
JR,v0,0.75,1.316,3.3050157750909803,5.510360102694483
JR,v0,0.75,1.317,3.3192687229915236,5.499569776769975
JR,v0,0.75,1.318,3.3338468683346205,5.486890380014873
JR,v0,0.75,1.319,3.3487695424618473,5.47239003212542
JR,v0,0.75,1.32,3.3640312014825984,5.456141214110412
JR,v0,0.75,1.321,3.3796291831077863,5.438221541238566
JR,v0,0.75,1.322,3.3955661865410627,5.418701754065764
JR,v0,0.75,1.323,3.4118502664059234,5.39765193309723
JR,v0,0.75,1.324,3.428494832745735,5.375175302019462
JR,v0,0.75,1.325,3.4455186510237086,5.351366748831943
JR,v0,0.75,1.326,3.4629458421229273,5.326307843418719
JR,v0,0.75,1.327,3.480805882346317,5.300083639648737
JR,v0,0.75,1.328,3.4991336034166762,5.2727745676799405
JR,v0,0.75,1.329,3.517969192476646,5.244473966059846
JR,v0,0.75,1.33,3.5373508860925207,5.21527672022936
JR,v0,0.75,1.331,3.557281669109946,5.185278178940987
JR,v0,0.75,1.332,3.577760343604277,5.154570745847344
JR,v0,0.75,1.333,3.598794507233678,5.123245934615065
JR,v0,0.75,1.334,3.6204004120375513,5.091399977924031
JR,v0,0.75,1.335,3.642602964436497,5.0591345311746405
JR,v0,0.75,1.336,3.6654357252323524,5.0265784495911525
JR,v0,0.75,1.337,3.6889409096081542,4.993864337684337
JR,v0,0.75,1.338,3.713169387128177,4.9611285436289885
JR,v0,0.75,1.339,3.738180681737892,4.928525457306302
JR,v0,0.75,1.34,3.7640429717640096,4.896216254217893
JR,v0,0.75,1.341,3.79081916769861,4.86435053572714
JR,v0,0.75,1.342,3.8185201401334132,4.833064340597934
JR,v0,0.75,1.343,3.847154613187249,4.802506234729387
JR,v0,0.75,1.344,3.8767466259688512,4.772823754808231
JR,v0,0.75,1.345,3.9073355072156373,4.744179142153841
JR,v0,0.75,1.346,3.9389758752937594,4.716735297798931
JR,v0,0.75,1.347,3.971737638198052,4.690649489987297
JR,v0,0.75,1.348,4.0057059935520885,4.666071699687473
JR,v0,0.75,1.349,4.040981428608121,4.643128705256748
JR,v0,0.75,1.35,4.077679720247143,4.621917229584852
JR,v0,0.75,1.351,4.115929578600616,4.602518710669495
JR,v0,0.75,1.352,4.15580807230057,4.585010623162539
JR,v0,0.75,1.353,4.197339802059839,4.569458018233028
JR,v0,0.75,1.354,4.24057362291035,4.555914805371093
JR,v0,0.75,1.355,4.28558679676272,4.54440382203695
JR,v0,0.75,1.356,4.332484992406344,4.534949217478283
JR,v0,0.75,1.357,4.381402285509301,4.527584834260053
JR,v0,0.75,1.358,4.432501158618453,4.522324168705658
JR,v0,0.75,1.359,4.485972501159347,4.519142288462247
JR,v0,0.75,1.36,4.54203560943631,4.517986057419407
JR,v0,0.75,1.361,4.60093267118506,4.518789504011203
JR,v0,0.75,1.362,4.662817821026161,4.52147950759038
JR,v0,0.75,1.363,4.727782577143567,4.525980133265722
JR,v0,0.75,1.364,4.795961877493517,4.53221697244445
JR,v0,0.75,1.365,4.867536383210325,4.540122750572023
JR,v0,0.75,1.366,4.942732478606498,4.549628479178128
JR,v0,0.75,1.367,5.021822271172607,4.560656608888397
JR,v0,0.75,1.368,5.105123591577424,4.573122117156077
JR,v0,0.75,1.369,5.192999993667786,4.586925326260924
JR,v0,0.75,1.37,5.285860754468729,4.601950327606355
JR,v0,0.75,1.371,5.384028487652727,4.618066285135318
JR,v0,0.75,1.372,5.487682581948011,4.635149009628022
JR,v0,0.75,1.373,5.597171349028231,4.653077237515209
JR,v0,0.75,1.374,5.712838884053624,4.671756843017082
JR,v0,0.75,1.375,5.835021342338621,4.691112058813468
JR,v0,0.75,1.3760000000000001,5.964046939352044,4.711063745220621
JR,v0,0.75,1.377,6.100235950716888,4.731519991311288
JR,v0,0.75,1.3780000000000001,6.243900712210557,4.7523745936404245
JR,v0,0.75,1.379,6.395345619764619,4.77354317711159
JR,v0,0.75,1.3800000000000001,6.554798139382716,4.794936870435012
JR,v0,0.75,1.381,6.7220651038050345,4.816462065407086
JR,v0,0.75,1.3820000000000001,6.897394918972182,4.838032233573315
JR,v0,0.75,1.383,7.08091155989762,4.8595711699860535
JR,v0,0.75,1.3840000000000001,7.272472136253628,4.881001316517038
JR,v0,0.75,1.385,7.471666892370986,4.902237241989505
JR,v0,0.75,1.3860000000000001,7.677819207239305,4.923198900019602
JR,v0,0.75,1.387,7.889985594506685,4.943800476837345
JR,v0,0.75,1.3880000000000001,8.10695570248007,4.963958864084786
JR,v0,0.75,1.389,8.327310149243925,4.983578695597271
JR,v0,0.75,1.3900000000000001,8.549809563730948,5.00256184650085
JR,v0,0.75,1.391,8.7731650641085,5.020826445506678
JR,v0,0.75,1.3920000000000001,8.995938907367186,5.038284428354936
JR,v0,0.75,1.393,9.216552745476285,5.054867965977807
JR,v0,0.75,1.3940000000000001,9.433287625384153,5.07049685708256
JR,v0,0.75,1.395,9.644283989017824,5.085087949054829
JR,v0,0.75,1.3960000000000001,9.847541673283398,5.098554953261706
JR,v0,0.75,1.397,10.040919910065668,5.1108277062654786
JR,v0,0.75,1.3980000000000001,10.222410789092446,5.121842013239708
JR,v0,0.75,1.399,10.390914494635286,5.131567470395547
JR,v0,0.75,1.4000000000000001,10.545406143237418,5.139982397311586
JR,v0,0.75,1.401,10.684896589181669,5.147048679282801
JR,v0,0.75,1.4020000000000001,10.808440374133596,5.152742451167456
JR,v0,0.75,1.403,10.915135727141243,5.157030940791136
JR,v0,0.75,1.4040000000000001,11.004124564635351,5.159890625504503
JR,v0,0.75,1.405,11.074592490429168,5.161308789746228
JR,v0,0.75,1.4060000000000001,11.125789282908475,5.161298564615375
JR,v0,0.75,1.407,11.157546538633149,5.159882359668902
JR,v0,0.75,1.408,11.170061080580268,5.157100012322064
JR,v0,0.75,1.409,11.163519952953726,5.152989348548304
JR,v0,0.75,1.41,11.13814111856426,5.147571446525587
JR,v0,0.75,1.411,11.094173458829426,5.140868705378721
JR,v0,0.75,1.412,11.031896773773646,5.132915847472718
JR,v0,0.75,1.413,10.951621782028127,5.123767671567221
JR,v0,0.75,1.414,10.853690952848233,5.113488433863259
JR,v0,0.75,1.415,10.738653555981147,5.102138332140036
JR,v0,0.75,1.416,10.607360749140923,5.089772455118844
JR,v0,0.75,1.417,10.46066940230238,5.076438778493504
JR,v0,0.75,1.418,10.29943016260986,5.062179672334887
JR,v0,0.75,1.419,10.124487454376977,5.047037158708683
JR,v0,0.75,1.42,9.936679479086887,5.031074347738318
JR,v0,0.75,1.421,9.736838215392005,5.014350727536853
JR,v0,0.75,1.422,9.525789419114304,4.996922421968893
JR,v0,0.75,1.423,9.30437411415742,4.978838418514321
JR,v0,0.75,1.424,9.073721683651192,4.9601502587195325
JR,v0,0.75,1.425,8.834894193826875,4.940904531287958
JR,v0,0.75,1.426,8.588917114758278,4.921145494045635
JR,v0,0.75,1.427,8.336846880748784,4.90092052612485
JR,v0,0.75,1.428,8.079770890331812,4.880305248871938
JR,v0,0.75,1.429,7.818807506270355,4.859391328895395
JR,v0,0.75,1.43,7.555106055557461,4.838265150306896
JR,v0,0.75,1.431,7.289846829415735,4.816999645714351
JR,v0,0.75,1.432,7.024261254532954,4.79566260770741
JR,v0,0.75,1.433,6.759635521362947,4.774313890040173
JR,v0,0.75,1.434,6.497122798675436,4.753011201778245
JR,v0,0.75,1.435,6.23790168163616,4.731827470327044
JR,v0,0.75,1.436,5.98319582200892,4.7108482059758
JR,v0,0.75,1.437,5.734273928155115,4.690151429378591
JR,v0,0.75,1.438,5.492449765034202,4.669801825469284
JR,v0,0.75,1.439,5.259082154203249,4.649849325969254
JR,v0,0.75,1.44,5.035574973817347,4.630345795244192
JR,v0,0.75,1.441,4.823099424272765,4.611351195411344
JR,v0,0.75,1.442,4.622589655997871,4.592912028494617
JR,v0,0.75,1.443,4.435153976057087,4.575061147456118
JR,v0,0.75,1.444,4.2617489609601975,4.55782947738056
JR,v0,0.75,1.445,4.103177258676315,4.541257179860724
JR,v0,0.75,1.446,3.960087588634206,4.525372163207664
JR,v0,0.75,1.447,3.832974741722005,4.510196490286076
JR,v0,0.75,1.448,3.7221795802874666,4.495749131615269
JR,v0,0.75,1.449,3.6278890381377487,4.482049264633511
JR,v0,0.75,1.45,3.550110063600002,4.469088053728875
JR,v0,0.75,1.451,3.4885560767281767,4.456874579316266
JR,v0,0.75,1.452,3.4427368457363663,4.445407790853105
JR,v0,0.75,1.453,3.411954961655603,4.43467668490088
JR,v0,0.75,1.454,3.3953024900741333,4.4246676565728995
JR,v0,0.75,1.455,3.391660971137348,4.415336540182003
JR,v0,0.75,1.456,3.399661736070481,4.406623228618078
JR,v0,0.75,1.457,3.417668004108812,4.398484144299569
JR,v0,0.75,1.458,3.443929852869008,4.390892711392434
JR,v0,0.75,1.459,3.4765878146633433,4.383819145759703
JR,v0,0.75,1.46,3.513672719855176,4.37722945996935
JR,v0,0.75,1.461,3.553085235854251,4.371088417075778
JR,v0,0.75,1.462,3.5925892991197017,4.3653595521659
JR,v0,0.75,1.463,3.6305430565489445,4.3600024659514265
JR,v0,0.75,1.464,3.6654979858960495,4.354972557945602
JR,v0,0.75,1.465,3.6960766780742347,4.350238689988264
JR,v0,0.75,1.466,3.7209728371558057,4.345767700315551
JR,v0,0.75,1.467,3.738951280372195,4.341515012996859
JR,v0,0.75,1.468,3.7488803314569665,4.337441794368057
JR,v0,0.75,1.469,3.7504869460624377,4.333515407081351
JR,v0,0.75,1.47,3.7442698246433928,4.329711138877965
JR,v0,0.75,1.471,3.730677659371173,4.3260175390662665
JR,v0,0.75,1.472,3.710074081870463,4.322420566513414
JR,v0,0.75,1.473,3.6827376632192728,4.318895906610374
JR,v0,0.75,1.474,3.6488619139489717,4.315431539259148
JR,v0,0.75,1.475,3.6087761685840576,4.312009326106933
JR,v0,0.75,1.476,3.563622851049912,4.308618454704833
JR,v0,0.75,1.477,3.514484582443165,4.305262000008137
JR,v0,0.75,1.478,3.462240196719865,4.301947671357764
JR,v0,0.75,1.479,3.4075712047922337,4.2986767787878515
JR,v0,0.75,1.48,3.3509617945287467,4.295429264658244
JR,v0,0.75,1.481,3.2926988307540643,4.292190752057976
JR,v0,0.75,1.482,3.233109490634874,4.288955183110124
JR,v0,0.75,1.483,3.172904780112276,4.285709522343954
JR,v0,0.75,1.484,3.1125385929560867,4.282443465522791
JR,v0,0.75,1.485,3.0523629156998116,4.279143122684133
JR,v0,0.75,1.486,2.9926342137755952,4.275784390473428
JR,v0,0.75,1.487,2.933513431514136,4.272338222683223
JR,v0,0.75,1.488,2.875065992144769,4.268768388067143
JR,v0,0.75,1.489,2.8172617977953855,4.26504009975497
JR,v0,0.75,1.49,2.7600788109296417,4.261133606948548
JR,v0,0.75,1.491,2.7038026520855496,4.257050507104941
JR,v0,0.75,1.492,2.6483426499438103,4.252794099197468
JR,v0,0.75,1.493,2.5935938264135583,4.248361288263199
JR,v0,0.75,1.494,2.5394927767089346,4.243736919892339
JR,v0,0.75,1.495,2.486017669348982,4.238905419170169
JR,v0,0.75,1.496,2.433188246157746,4.233861333670992
JR,v0,0.75,1.497,2.3810658222641763,4.22860858887343
JR,v0,0.75,1.498,2.3297532861022177,4.223171288055049
JR,v0,0.75,1.499,2.279392595805687,4.217562967188151
JR,v0,0.75,1.5,2.2299668263066224,4.211799068228967
JR,v0,0.75,1.5010000000000001,2.181300883386154,4.205891522661719
JR,v0,0.75,1.502,2.1332743752056906,4.199853230954242
JR,v0,0.75,1.5030000000000001,2.085829132350428,4.19369033768384
JR,v0,0.75,1.504,2.0389692078294406,4.187409490847765
JR,v0,0.75,1.5050000000000001,1.9927608770755967,4.1810211198440825
JR,v0,0.75,1.506,1.9473326379456353,4.174544428967449
JR,v0,0.75,1.5070000000000001,1.9028752107200955,4.167998416696576
JR,v0,0.75,1.508,1.859641538103391,4.161398125473412
JR,v0,0.75,1.5090000000000001,1.8178701131732637,4.154759608603768
JR,v0,0.75,1.51,1.777388796209852,4.148099783706671
JR,v0,0.75,1.5110000000000001,1.7381010417919658,4.141432177681901
JR,v0,0.75,1.512,1.6999726018545438,4.134790918588756
JR,v0,0.75,1.5130000000000001,1.6630040865768132,4.128214564464728
JR,v0,0.75,1.514,1.627230964382357,4.121740541453305
JR,v0,0.75,1.5150000000000001,1.5927235619390512,4.1154024984826165
JR,v0,0.75,1.516,1.5595870641591185,4.109224008970386
JR,v0,0.75,1.5170000000000001,1.52796151419908,4.103217017338792
JR,v0,0.75,1.518,1.4980218134598013,4.097401893932764
JR,v0,0.75,1.5190000000000001,1.4698386600766833,4.091806878107737
JR,v0,0.75,1.52,1.4432771078812525,4.086466496972294
JR,v0,0.75,1.5210000000000001,1.4182729086929449,4.081408454639488
JR,v0,0.75,1.522,1.3947838719574923,4.076651885819398
JR,v0,0.75,1.5230000000000001,1.3727896377030726,4.072212197613099
JR,v0,0.75,1.524,1.3522916765403448,4.068094445359764
JR,v0,0.75,1.5250000000000001,1.3333132896624162,4.064305086387477
JR,v0,0.75,1.526,1.3158996088448722,4.0608580447760065
JR,v0,0.75,1.5270000000000001,1.300117596445749,4.057757550593349
JR,v0,0.75,1.528,1.2860457399396275,4.0550036374137255
JR,v0,0.75,1.5290000000000001,1.273611910813882,4.052601697135909
JR,v0,0.75,1.53,1.2627040728632952,4.050560663989006
JR,v0,0.75,1.5310000000000001,1.2532416851759463,4.048875001685182
JR,v0,0.75,1.532,1.2451597459478752,4.047540519559747
JR,v0,0.75,1.5330000000000001,1.2384087924830665,4.046562461325974
JR,v0,0.75,1.534,1.232954901193465,4.045941258921095
JR,v0,0.75,1.5350000000000001,1.2287796875989612,4.045675688064836
JR,v0,0.75,1.536,1.2258803063274053,4.045771173679796
JR,v0,0.75,1.537,1.2242694511145933,4.046235597420344
JR,v0,0.75,1.538,1.2239676404089117,4.047082195012302
JR,v0,0.75,1.539,1.2248871450899843,4.04833227530981
JR,v0,0.75,1.54,1.2269237418285641,4.0500047624543685
JR,v0,0.75,1.541,1.229997741703138,4.052116296531029
JR,v0,0.75,1.542,1.2340398766232612,4.054685880919001
JR,v0,0.75,1.543,1.2389912993295384,4.057729650721865
JR,v0,0.75,1.544,1.244803583393642,4.0612559327115685
JR,v0,0.75,1.545,1.2514387232183006,4.06527661069688
JR,v0,0.75,1.546,1.2588691340373028,4.069807034989605
JR,v0,0.75,1.547,1.2670776519154945,4.074861038637126
JR,v0,0.75,1.548,1.276057533748788,4.080458320584219
JR,v0,0.75,1.549,1.2857899850588188,4.086616586119322
JR,v0,0.75,1.55,1.296182011686886,4.093348403322287
JR,v0,0.75,1.551,1.3071677685838345,4.100664390696826
JR,v0,0.75,1.552,1.3186906066728223,4.108571160562102
JR,v0,0.75,1.553,1.3306999703069655,4.117066530043626
JR,v0,0.75,1.554,1.3431513972693487,4.126146949881794
JR,v0,0.75,1.555,1.3560065187730137,4.135819260770584
JR,v0,0.75,1.556,1.3692330594609805,4.146085737961775
JR,v0,0.75,1.557,1.3828048374062192,4.156946197604366
JR,v0,0.75,1.558,1.3967017641116746,4.168400236856192
JR,v0,0.75,1.559,1.4109098445102468,4.18045341196409
JR,v0,0.75,1.56,1.4254211611423848,4.193106946189586
JR,v0,0.75,1.561,1.4402002368143973,4.206354992472182
JR,v0,0.75,1.562,1.455192399522372,4.220196167599424
JR,v0,0.75,1.563,1.470364026123307,4.23462876915582
JR,v0,0.75,1.564,1.485684488596375,4.249650065073479
JR,v0,0.75,1.565,1.5011261540429066,4.265260125705222
JR,v0,0.75,1.566,1.5166643846864107,4.281462984521158
JR,v0,0.75,1.567,1.5322775378725475,4.298259903253804
JR,v0,0.75,1.568,1.5479469660691616,4.315654276328145
JR,v0,0.75,1.569,1.5636570168662471,4.333648699081775
JR,v0,0.75,1.57,1.5793950329759805,4.352244254984144
JR,v0,0.75,1.571,1.5951513522326897,4.371439747046069
JR,v0,0.75,1.572,1.6109193075928845,4.391228230311874
JR,v0,0.75,1.573,1.626695227135226,4.411598003186896
JR,v0,0.75,1.574,1.6424631771267482,4.432539845183817
JR,v0,0.75,1.575,1.6581950016653173,4.454046386624205
JR,v0,0.75,1.576,1.6738760719272943,4.47610818217879
JR,v0,0.75,1.577,1.689493381252599,4.498711640578437
JR,v0,0.75,1.578,1.7050355106326642,4.521845062514492
JR,v0,0.75,1.579,1.7204926287104079,4.545485204908717
JR,v0,0.75,1.58,1.7358564917802592,4.569604859586619
JR,v0,0.75,1.581,1.7511204437881323,4.594166411539478
JR,v0,0.75,1.582,1.7662794163314537,4.619133341003951
JR,v0,0.75,1.583,1.781329928659134,4.644471850018375
JR,v0,0.75,1.584,1.7962700876715973,4.670147372276879
JR,v0,0.75,1.585,1.8110995879207512,4.696125685648406
JR,v0,0.75,1.586,1.825819711610015,4.7223795883796615
JR,v0,0.75,1.587,1.840432860241605,4.748879849204382
JR,v0,0.75,1.588,1.8549271642191392,4.775597284436409
JR,v0,0.75,1.589,1.869292014981946,4.802496519143752
JR,v0,0.75,1.59,1.8835229892138834,4.829542303330286
JR,v0,0.75,1.591,1.897616772269274,4.856699629423971
JR,v0,0.75,1.592,1.9115711581729289,4.883950352427554
JR,v0,0.75,1.593,1.925385049620124,4.911267143385567
JR,v0,0.75,1.594,1.9390584579766257,4.938622534089768
JR,v0,0.75,1.595,1.9525925032786633,4.965988692395796
JR,v0,0.75,1.596,1.9659894142329586,4.993330401017207
JR,v0,0.75,1.597,1.9792525282166964,5.020605216458903
JR,v0,0.75,1.598,1.9923861404030396,5.047764447525497
JR,v0,0.75,1.599,2.005389820595646,5.0747552199330475
JR,v0,0.75,1.6,2.0182593741244768,5.101527077283565
JR,v0,0.75,1.601,2.0309921168705496,5.128025561647986
JR,v0,0.75,1.602,2.0435865691748902,5.154193836890297
JR,v0,0.75,1.603,2.056042455838506,5.179967635427386
JR,v0,0.75,1.604,2.068360706122411,5.205277391574055
JR,v0,0.75,1.605,2.0805434537476017,5.230045255480474
JR,v0,0.75,1.606,2.092594036895083,5.254186823965239
JR,v0,0.75,1.607,2.104516998205842,5.277610577255084
JR,v0,0.75,1.608,2.116318084780872,5.300228797577656
JR,v0,0.75,1.609,2.128004114584562,5.321973400681375
JR,v0,0.75,1.61,2.1395770143801287,5.3427663599726545
JR,v0,0.75,1.611,2.151032236428992,5.36252806005109
JR,v0,0.75,1.612,2.162366328496154,5.381173772143735
JR,v0,0.75,1.613,2.1735773827412537,5.398617734382262
JR,v0,0.75,1.614,2.184665035718601,5.414777467929972
JR,v0,0.75,1.615,2.1956304683771424,5.429567514451243
JR,v0,0.75,1.616,2.206476406060493,5.4429093227060505
JR,v0,0.75,1.617,2.2172071185069093,5.454752860217582
JR,v0,0.75,1.618,2.22782841984931,5.465061701533586
JR,v0,0.75,1.619,2.2383476686152615,5.473803177168143
JR,v0,0.75,1.62,2.248773767726988,5.480945783635575
JR,v0,0.75,1.621,2.2591139254172816,5.486456362872115
JR,v0,0.75,1.622,2.2693624060477933,5.49030740599823
JR,v0,0.75,1.623,2.2795142220024376,5.492485394148518
JR,v0,0.75,1.624,2.2895663017882666,5.4929890469692655
JR,v0,0.75,1.625,2.2995172574161433,5.491846684587914
JR,v0,0.75,1.6260000000000001,2.309367384400765,5.489116972868718
JR,v0,0.75,1.627,2.3191186617606436,5.484867601331543
JR,v0,0.75,1.6280000000000001,2.328774752018122,5.479166958143063
JR,v0,0.75,1.629,2.3383410011993604,5.472084957255946
JR,v0,0.75,1.6300000000000001,2.347824438834347,5.463688429487904
JR,v0,0.75,1.631,2.3572337779568904,5.45406044687041
JR,v0,0.75,1.6320000000000001,2.366579311152912,5.443281221641663
JR,v0,0.75,1.633,2.3758621031649394,5.431437794747613
JR,v0,0.75,1.6340000000000001,2.385074640339263,5.418649737014116
JR,v0,0.75,1.635,2.394212741841441,5.405033478693245
JR,v0,0.75,1.6360000000000001,2.4032739241670917,5.390707132479346
JR,v0,0.75,1.637,2.412257401141872,5.375786900502473
JR,v0,0.75,1.6380000000000001,2.4211640839215005,5.360374900555472
JR,v0,0.75,1.639,2.429996580991735,5.344567260028635
JR,v0,0.75,1.6400000000000001,2.438759198168391,5.328463722910337
JR,v0,0.75,1.641,2.447457938597327,5.312156811180675
JR,v0,0.75,1.6420000000000001,2.456100502754459,5.295738131491404
JR,v0,0.75,1.643,2.464696288445745,5.279304229356228
JR,v0,0.75,1.6440000000000001,2.4732544011680995,5.262929885917118
JR,v0,0.75,1.645,2.4817695422460013,5.246680845333688
JR,v0,0.75,1.6460000000000001,2.4902356403680592,5.23061517667577
JR,v0,0.75,1.647,2.498649072939698,5.2147839551737425
JR,v0,0.75,1.6480000000000001,2.5070079037773154,5.199234331838165
JR,v0,0.75,1.649,2.5153118831082613,5.1840229236362685
JR,v0,0.75,1.6500000000000001,2.5235624475708605,5.169226318846711
JR,v0,0.75,1.651,2.531762720214393,5.154923389486778
JR,v0,0.75,1.6520000000000001,2.539917510499108,5.141180212594098
JR,v0,0.75,1.653,2.548033314296214,5.12805161261185
JR,v0,0.75,1.6540000000000001,2.5561183138878882,5.115575932534585
JR,v0,0.75,1.655,2.564182377967264,5.103800506257934
JR,v0,0.75,1.6560000000000001,2.57223148167214,5.092795713678112
JR,v0,0.75,1.657,2.5802575634649414,5.082649147985814
JR,v0,0.75,1.6580000000000001,2.58825570428904,5.073438221238763
JR,v0,0.75,1.659,2.596222783347925,5.065223672287596
JR,v0,0.75,1.6600000000000001,2.604157346127545,5.0580416544703555
JR,v0,0.75,1.661,2.6120596043963067,5.051907212433971
JR,v0,0.75,1.6620000000000001,2.6199314362050776,5.046825929031254
JR,v0,0.75,1.663,2.627776385887179,5.042800359201559
JR,v0,0.75,1.6640000000000001,2.6355996640583967,5.039824336316995
JR,v0,0.75,1.665,2.643408147616971,5.037866670989165
JR,v0,0.75,1.666,2.6512103797436026,5.036907688792976
JR,v0,0.75,1.667,2.659016552154331,5.036917792463176
JR,v0,0.75,1.668,2.6668288189899876,5.037859233176018
JR,v0,0.75,1.669,2.674639195196099,5.03967190605091
JR,v0,0.75,1.67,2.6824433557548235,5.042277107787299
JR,v0,0.75,1.671,2.6902386425630604,5.0455876913016455
JR,v0,0.75,1.672,2.698024064432432,5.049508368929378
JR,v0,0.75,1.673,2.7058002970893016,5.053954638544925
JR,v0,0.75,1.674,2.7135696831747564,5.058851851748503
JR,v0,0.75,1.675,2.7213362322446235,5.064131704580655
JR,v0,0.75,1.676,2.729105620769455,5.069712855587146
JR,v0,0.75,1.677,2.736885192134541,5.075499887513722
JR,v0,0.75,1.678,2.7446839566399013,5.081393071268168
JR,v0,0.75,1.679,2.7525122382557616,5.087307768169598
JR,v0,0.75,1.68,2.760369118720813,5.093164311707012
JR,v0,0.75,1.681,2.768247417530294,5.098872678391788
JR,v0,0.75,1.682,2.7761432342724737,5.104323222204782
JR,v0,0.75,1.683,2.7840543882394235,5.109399684370412
JR,v0,0.75,1.684,2.7919804184270025,5.114002173591221
JR,v0,0.75,1.685,2.7999225835348707,5.118047248722821
JR,v0,0.75,1.686,2.807883861966476,5.121464841186561
JR,v0,0.75,1.687,2.8158689518290667,5.124205669795633
JR,v0,0.75,1.688,2.82388427093368,5.126223575333727
JR,v0,0.75,1.689,2.8319379567951537,5.127468768892005
JR,v0,0.75,1.69,2.8400398666321136,5.127863984594044
JR,v0,0.75,1.691,2.8482004164373844,5.127338791434512
JR,v0,0.75,1.692,2.8564163889620544,5.125831934082726
JR,v0,0.75,1.693,2.8646814233914184,5.123314335269082
JR,v0,0.75,1.694,2.872992033358916,5.119822108439723
JR,v0,0.75,1.695,2.8813466013098408,5.115395375875966
JR,v0,0.75,1.696,2.8897453785013276,5.110067806619683
JR,v0,0.75,1.697,2.8981904850023663,5.1038554998721075
JR,v0,0.75,1.698,2.9066859096937883,5.096762144062362
JR,v0,0.75,1.699,2.915237510268281,5.088785163018349
JR,v0,0.75,1.7,2.923853013230369,5.07996418826572
JR,v0,0.75,1.701,2.932542013896436,5.070339367016689
JR,v0,0.75,1.702,2.9413159763947063,5.059949830217861
JR,v0,0.75,1.703,2.9501855024291204,5.048842274372234
JR,v0,0.75,1.704,2.959145434775848,5.037052648500594
JR,v0,0.75,1.705,2.9681901539219817,5.02460636194836
JR,v0,0.75,1.706,2.977316722145148,5.0115413220558205
JR,v0,0.75,1.707,2.9865243668885673,4.9979167224929855
JR,v0,0.75,1.708,2.9958144807610325,4.983790186059258
JR,v0,0.75,1.709,3.005190621536933,4.96918522957784
JR,v0,0.75,1.71,3.0146585121562284,4.954091625484897
JR,v0,0.75,1.711,3.024226040724476,4.93850485760257
JR,v0,0.75,1.712,3.0339032605128025,4.9224322662020255
JR,v0,0.75,1.713,3.0437023899579305,4.905896555970585
JR,v0,0.75,1.714,3.0536378126621586,4.888935487194653
JR,v0,0.75,1.715,3.0637197322952234,4.871595242805751
JR,v0,0.75,1.716,3.0739411953270137,4.8539263936649775
JR,v0,0.75,1.717,3.084297547995978,4.835973469828913
JR,v0,0.75,1.718,3.094786923976989,4.817756782218503
JR,v0,0.75,1.719,3.1054101499440954,4.799283734214492
JR,v0,0.75,1.72,3.116170745570502,4.780582066052089
JR,v0,0.75,1.721,3.1270749235285895,4.761692458831105
JR,v0,0.75,1.722,3.1381315894898933,4.742666596808484
JR,v0,0.75,1.723,3.149352342125125,4.723579977290222
JR,v0,0.75,1.724,3.1607514731041535,4.704522896205241
JR,v0,0.75,1.725,3.17234596709602,4.6855779728575895
JR,v0,0.75,1.726,3.184155238630198,4.6668201509759335
JR,v0,0.75,1.727,3.1961856106057076,4.648303102514089
JR,v0,0.75,1.728,3.208429922514911,4.630072501353667
JR,v0,0.75,1.729,3.2208851732689667,4.612173546264305
JR,v0,0.75,1.73,3.233551988360459,4.594670257036988
JR,v0,0.75,1.731,3.2464346198634146,4.5776470625477685
JR,v0,0.75,1.732,3.259540946433282,4.561183336994326
JR,v0,0.75,1.733,3.2728824733069524,4.545351747653134
JR,v0,0.75,1.734,3.286474332302742,4.530215083436577
JR,v0,0.75,1.735,3.3003352818204075,4.51582482448477
JR,v0,0.75,1.736,3.3144877068411294,4.502211990532856
JR,v0,0.75,1.737,3.328957618927532,4.489400933412797
JR,v0,0.75,1.738,3.3437689103126496,4.477436581151848
JR,v0,0.75,1.739,3.358919236777343,4.466358598831016
JR,v0,0.75,1.74,3.374404503646724,4.4562104594447565
JR,v0,0.75,1.741,3.3902261744805107,4.447029387872236
JR,v0,0.75,1.742,3.4063910460337725,4.438831473116539
JR,v0,0.75,1.743,3.4229112482569706,4.431619633229335
JR,v0,0.75,1.744,3.4398042442959214,4.425400975126896
JR,v0,0.75,1.745,3.4570928304918285,4.4201828024953755
JR,v0,0.75,1.746,3.4748051363812524,4.415967065456171
JR,v0,0.75,1.747,3.4929746246961413,4.412761976160899
JR,v0,0.75,1.748,3.511640091363799,4.410567213837726
JR,v0,0.75,1.749,3.5308427234146698,4.4093738291285085
JR,v0,0.75,1.75,3.5505931659806844,4.409163724578674
JR,v0,0.75,1.7510000000000001,3.570888336541829,4.4098965251643145
JR,v0,0.75,1.752,3.591733793384419,4.411541386817405
JR,v0,0.75,1.7530000000000001,3.6131437055540556,4.414076452553795
JR,v0,0.75,1.754,3.6351408528555833,4.4174700473134125
JR,v0,0.75,1.7550000000000001,3.6577566258531307,4.421694597478256
JR,v0,0.75,1.756,3.6810310258700683,4.426713744521221
JR,v0,0.75,1.7570000000000001,3.705012664989051,4.432476063777631
JR,v0,0.75,1.758,3.7297587660519778,4.4389183537851515
JR,v0,0.75,1.7590000000000001,3.7553351626600318,4.445989744236929
JR,v0,0.75,1.76,3.78181020588539,4.453643085634849
JR,v0,0.75,1.7610000000000001,3.8092051514475296,4.4618274548217265
JR,v0,0.75,1.762,3.8375252945879064,4.470492972823359
JR,v0,0.75,1.7630000000000001,3.866790949385273,4.47958081560787
JR,v0,0.75,1.764,3.8970376308954515,4.489021568551039
JR,v0,0.75,1.7650000000000001,3.9283160551513916,4.498746352174705
JR,v0,0.75,1.766,3.9606921391631116,4.508720987812363
JR,v0,0.75,1.7670000000000001,3.9942470009177584,4.518911761132497
JR,v0,0.75,1.768,4.029076959379548,4.529261387604168
JR,v0,0.75,1.7690000000000001,4.065293534489824,4.539717494748366
JR,v0,0.75,1.77,4.1030231907000605,4.550230537514918
JR,v0,0.75,1.7710000000000001,4.142363562158599,4.560752574492918
JR,v0,0.75,1.772,4.183340376937879,4.571260164994894
JR,v0,0.75,1.7730000000000001,4.225995382936884,4.58175909071993
JR,v0,0.75,1.774,4.270398569588956,4.592252820812903
JR,v0,0.75,1.7750000000000001,4.3166481678618585,4.60273417617297
JR,v0,0.75,1.776,4.364870650257707,4.613184325122249
JR,v0,0.75,1.7770000000000001,4.4152207308130444,4.623576585700999
JR,v0,0.75,1.778,4.4678813650987586,4.633891496304724
JR,v0,0.75,1.7790000000000001,4.523063750220174,4.64412625920753
JR,v0,0.75,1.78,4.581006626662773,4.654288125712011
JR,v0,0.75,1.7810000000000001,4.641896939253136,4.664376715657292
JR,v0,0.75,1.782,4.705822982750771,4.674382499682675
JR,v0,0.75,1.7830000000000001,4.772907481160088,4.684291360870742
JR,v0,0.75,1.784,4.843318792075154,4.694080744771666
JR,v0,0.75,1.7850000000000001,4.9172709066798115,4.7037170070314875
JR,v0,0.75,1.786,4.995023449747549,4.713177335568011
JR,v0,0.75,1.7870000000000001,5.076881679641637,4.722455536530179
JR,v0,0.75,1.788,5.163196488314988,4.731536072031595
JR,v0,0.75,1.7890000000000001,5.2543644013102995,4.740392564677569
JR,v0,0.75,1.79,5.35076324145057,4.7490100045238215
JR,v0,0.75,1.7910000000000001,5.45255509425442,4.757369147318917
JR,v0,0.75,1.792,5.560065948299504,4.765450894207018
JR,v0,0.75,1.793,5.673639431944263,4.773257882836491
JR,v0,0.75,1.794,5.7936128701026695,4.7807985845327945
JR,v0,0.75,1.795,5.920317284244137,4.788085143652142
JR,v0,0.75,1.796,6.054077392393715,4.795123654244224
JR,v0,0.75,1.797,6.195211609131853,4.801901023586916
JR,v0,0.75,1.798,6.344032045594652,4.808402752071058
JR,v0,0.75,1.799,6.500830694644404,4.814625596133667
JR,v0,0.75,1.8,6.665458385162122,4.820579134027281
JR,v0,0.75,1.801,6.838079379039768,4.826274483305981
JR,v0,0.75,1.802,7.018893279557591,4.831715321010152
JR,v0,0.75,1.803,7.20783466603627,4.836913664135842
JR,v0,0.75,1.804,7.404573093837243,4.841875807901172
JR,v0,0.75,1.805,7.608513094362363,4.846594539641124
JR,v0,0.75,1.806,7.8187941750542524,4.851061789300753
JR,v0,0.75,1.807,8.034290819395938,4.855266474933219
JR,v0,0.75,1.808,8.253629098896276,4.85919523142271
JR,v0,0.75,1.809,8.475526903348783,4.862850186942466
JR,v0,0.75,1.81,8.698747354090429,4.866231155058549
JR,v0,0.75,1.811,8.92189778061425,4.869338801597035
JR,v0,0.75,1.812,9.143441885382302,4.872181642275067
JR,v0,0.75,1.813,9.361699743825254,4.874766858749812
JR,v0,0.75,1.814,9.574847804342781,4.877090674789265
JR,v0,0.75,1.815,9.78091888830319,4.8791531773689725
JR,v0,0.75,1.816,9.977802190043784,4.880964227826517
JR,v0,0.75,1.817,10.163352785547694,4.882541269636327
JR,v0,0.75,1.818,10.336275874056764,4.883908509128136
JR,v0,0.75,1.819,10.495548270842466,4.88507756645941
JR,v0,0.75,1.82,10.640158740762082,4.886053295254236
JR,v0,0.75,1.821,10.769139276456743,4.88683840486895
JR,v0,0.75,1.822,10.881565098351665,4.887443330463925
JR,v0,0.75,1.823,10.976554654655928,4.887871923581922
JR,v0,0.75,1.824,11.053269621362695,4.888118688118041
JR,v0,0.75,1.825,11.110915190076373,4.888196610023503
JR,v0,0.75,1.826,11.149096808771496,4.888117004308557
JR,v0,0.75,1.827,11.167997196708644,4.887882396833692
JR,v0,0.75,1.828,11.167786810553821,4.887488220157739
JR,v0,0.75,1.829,11.148667441561834,4.886925629915283
JR,v0,0.75,1.83,11.110872215576308,4.886190609697185
JR,v0,0.75,1.831,11.054665593029716,4.885286717153236
JR,v0,0.75,1.832,10.980343368943306,4.884210022431539
JR,v0,0.75,1.833,10.8882326729272,4.882944084232314
JR,v0,0.75,1.834,10.77878268599987,4.881480675239818
JR,v0,0.75,1.835,10.652802295417468,4.879820099703657
JR,v0,0.75,1.836,10.511147568977613,4.877963538979915
JR,v0,0.75,1.837,10.354667454113045,4.8759166270629155
JR,v0,0.75,1.838,10.184204775556557,4.873666867449912
JR,v0,0.75,1.839,10.000596235341268,4.871194511137226
JR,v0,0.75,1.84,9.804672412800327,4.868487580763205
JR,v0,0.75,1.841,9.597257764567239,4.865533800662951
JR,v0,0.75,1.842,9.379172018287909,4.862342845814644
JR,v0,0.75,1.843,9.1514636159344,4.858936812656549
JR,v0,0.75,1.844,8.915243023264086,4.855328688062896
JR,v0,0.75,1.845,8.671527599555231,4.851525880701196
JR,v0,0.75,1.846,8.4213650034923,4.847529032451163
JR,v0,0.75,1.847,8.165833193166403,4.8433346377828
JR,v0,0.75,1.848,7.906040426074837,4.838946166678793
JR,v0,0.75,1.849,7.64312525912155,4.834373123653785
JR,v0,0.75,1.85,7.378256548616674,4.829629150050482
JR,v0,0.75,1.851,7.112640796737635,4.824738291206199
JR,v0,0.75,1.852,6.847575344864456,4.819719518725035
JR,v0,0.75,1.853,6.584229162748009,4.814579454901244
JR,v0,0.75,1.854,6.323768521985732,4.809334053847041
JR,v0,0.75,1.855,6.067405898824992,4.804007996865248
JR,v0,0.75,1.856,5.816399974162621,4.798630827128261
JR,v0,0.75,1.857,5.572055633545364,4.793230477358452
JR,v0,0.75,1.858,5.335723967169439,4.787827980991419
JR,v0,0.75,1.859,5.108802269880972,4.782443353044823
JR,v0,0.75,1.86,4.892573059583384,4.777101246631066
JR,v0,0.75,1.861,4.6879437831548145,4.771846258350479
JR,v0,0.75,1.862,4.496043809572665,4.766713504438804
JR,v0,0.75,1.863,4.3178755882544095,4.761723781505526
JR,v0,0.75,1.864,4.154289363195296,4.756885739855106
JR,v0,0.75,1.865,4.005983172968648,4.752199065162514
JR,v0,0.75,1.866,3.8735028507255933,4.747654506197663
JR,v0,0.75,1.867,3.7572420241953175,4.743262157873945
JR,v0,0.75,1.868,3.657442115684816,4.7390402031061685
JR,v0,0.75,1.869,3.574182995033766,4.734992409632758
JR,v0,0.75,1.87,3.5072671328025713,4.7311031932996
JR,v0,0.75,1.871,3.456270987155282,4.727339663956021
JR,v0,0.75,1.872,3.420568975412106,4.72366138692168
JR,v0,0.75,1.873,3.3993245598200765,4.720026638150498
JR,v0,0.75,1.874,3.391490247552923,4.716402678320284
JR,v0,0.75,1.875,3.3957880704963372,4.71276733818915
JR,v0,0.75,1.8760000000000001,3.4106488791208633,4.709102918982385
JR,v0,0.75,1.877,3.4343625247375265,4.705393356111485
JR,v0,0.75,1.8780000000000001,3.4651066733414986,4.701609338875804
JR,v0,0.75,1.879,3.500944922970632,4.6977176353588534
JR,v0,0.75,1.8800000000000001,3.5398236749474528,4.693692666610724
JR,v0,0.75,1.881,3.5794751085059,4.6895177820694
JR,v0,0.75,1.8820000000000001,3.6181146065436067,4.685175690917025
JR,v0,0.75,1.883,3.6542526758904827,4.680649698748915
JR,v0,0.75,1.8840000000000001,3.6864699578340847,4.675930237496987
JR,v0,0.75,1.885,3.713417228119539,4.671001756471121
JR,v0,0.75,1.8860000000000001,3.7338153969496126,4.665853092227009
JR,v0,0.75,1.887,3.7464588520124806,4.660482487481999
JR,v0,0.75,1.8880000000000001,3.750745489211038,4.654889026719454
JR,v0,0.75,1.889,3.7470931133692282,4.6490736710526255
JR,v0,0.75,1.8900000000000001,3.735952182095147,4.643048238912974
JR,v0,0.75,1.891,3.7176897990048037,4.636829603360545
JR,v0,0.75,1.8920000000000001,3.6925897137220964,4.630417652600899
JR,v0,0.75,1.893,3.6608523218788296,4.623827506741047
JR,v0,0.75,1.8940000000000001,3.6226850010643474,4.617081992175138
JR,v0,0.75,1.895,3.579074318920325,4.610196168422672
JR,v0,0.75,1.8960000000000001,3.5311675631778616,4.6031850988900525
JR,v0,0.75,1.897,3.47989482540598,4.596062950716918
JR,v0,0.75,1.8980000000000001,3.4259891620163554,4.5888571924550385
JR,v0,0.75,1.899,3.3699865942633593,4.581592598302597
JR,v0,0.75,1.9000000000000001,3.3122261082439906,4.574296224927543
JR,v0,0.75,1.901,3.2529626932960927,4.566993938523739
JR,v0,0.75,1.9020000000000001,3.1928931857816103,4.559692818384218
JR,v0,0.75,1.903,3.132532233566655,4.552401197788525
JR,v0,0.75,1.9040000000000001,3.072263775200428,4.545112215706794
JR,v0,0.75,1.905,3.0123738038279697,4.537823391519927
JR,v0,0.75,1.9060000000000001,2.953050367190043,4.530542868902666
JR,v0,0.75,1.907,2.8943835676232386,4.523275397955848
JR,v0,0.75,1.9080000000000001,2.836365562059866,4.51601865068184
JR,v0,0.75,1.909,2.7789296199922173,4.508775382379186
JR,v0,0.75,1.9100000000000001,2.722359125561823,4.501553555994564
JR,v0,0.75,1.911,2.6666330473598165,4.494345953616506
JR,v0,0.75,1.9120000000000001,2.6116398583008564,4.487141833474783
JR,v0,0.75,1.913,2.557308668130167,4.4799437971180325
JR,v0,0.75,1.9140000000000001,2.503609223423437,4.472758265475401
JR,v0,0.75,1.915,2.450551907586915,4.465603974709495
JR,v0,0.75,1.9160000000000001,2.3981877408573204,4.458503104430195
JR,v0,0.75,1.917,2.3466083803019266,4.451481515321924
JR,v0,0.75,1.9180000000000001,2.2959489151202117,4.444580352206169
JR,v0,0.75,1.919,2.2462530677683468,4.437858234735779
JR,v0,0.75,1.92,2.1973484472655613,4.4313857518132105
JR,v0,0.75,1.921,2.149100040174412,4.425227634881715
JR,v0,0.75,1.922,2.1014353934698793,4.4194360677639715
JR,v0,0.75,1.923,2.054344614539291,4.414063769853026
JR,v0,0.75,1.924,2.007880371182411,4.40917408175288
JR,v0,0.75,1.925,1.962157891611355,4.404826819430848
JR,v0,0.75,1.926,1.9173549644506664,4.401089026894451
JR,v0,0.75,1.927,1.8737119387372463,4.398024142876109
JR,v0,0.75,1.928,1.8315027310867595,4.395677009396597
JR,v0,0.75,1.929,1.7906234162633599,4.3940852351986095
JR,v0,0.75,1.93,1.7509425574499087,4.39327941554005
JR,v0,0.75,1.931,1.7124183280235457,4.393283611161517
JR,v0,0.75,1.932,1.675044012788752,4.3941183981729
JR,v0,0.75,1.933,1.6388480079772556,4.395802396607107
JR,v0,0.75,1.934,1.6038938212481124,4.398339138582046
JR,v0,0.75,1.935,1.5702800716876366,4.401726974300946
JR,v0,0.75,1.936,1.5381404898094626,4.405958191181733
JR,v0,0.75,1.937,1.5076439175544847,4.411021242467581
JR,v0,0.75,1.938,1.4789161565807243,4.41691212238992
JR,v0,0.75,1.939,1.451829894462981,4.423627760990169
JR,v0,0.75,1.94,1.4263108554690653,4.431156545079371
JR,v0,0.75,1.941,1.4023126577347762,4.439490269999843
JR,v0,0.75,1.942,1.3798108511539233,4.448611306854487
JR,v0,0.75,1.943,1.358802917378302,4.4585031788467155
JR,v0,0.75,1.944,1.3393082698177183,4.469158680318007
JR,v0,0.75,1.945,1.3213682536399594,4.480567837928944
JR,v0,0.75,1.946,1.3050461457708264,4.49271833260746
JR,v0,0.75,1.947,1.290425440999499,4.5055950171613315
JR,v0,0.75,1.948,1.2774751242467604,4.519171801898109
JR,v0,0.75,1.949,1.2660731434864214,4.533420798090921
JR,v0,0.75,1.95,1.2561358571748045,4.548317813639095
JR,v0,0.75,1.951,1.247595232315442,4.563831366391526
JR,v0,0.75,1.952,1.240398844459107,4.579920333770515
JR,v0,0.75,1.953,1.2345098777037897,4.596551510905972
JR,v0,0.75,1.954,1.2299071246947104,4.613704243408658
JR,v0,0.75,1.955,1.2265849866243146,4.631359420191855
JR,v0,0.75,1.956,1.2245534732322776,4.649491523970564
JR,v0,0.75,1.957,1.2238368181609127,4.668067624188314
JR,v0,0.75,1.958,1.2243745259956054,4.68705192167463
JR,v0,0.75,1.959,1.2260530317225342,4.706411628552572
JR,v0,0.75,1.96,1.228790353553685,4.726111125879881
JR,v0,0.75,1.961,1.2325149911167168,4.746117775721146
JR,v0,0.75,1.962,1.2371659254549519,4.76640497215751
JR,v0,0.75,1.963,1.2426926190273848,4.786960791919939
JR,v0,0.75,1.964,1.2490550157086782,4.807766602956995
JR,v0,0.75,1.965,1.2562235407891649,4.828791388535307
JR,v0,0.75,1.966,1.2641791009748413,4.849991316924814
JR,v0,0.75,1.967,1.2729130843873797,4.87132179260802
JR,v0,0.75,1.968,1.2824162292605559,4.892733909552409
JR,v0,0.75,1.969,1.2926025373353394,4.9141650335093034
JR,v0,0.75,1.97,1.303400139883645,4.935548360666291
JR,v0,0.75,1.971,1.3147508943068154,4.956830928057742
JR,v0,0.75,1.972,1.32660279954559,4.97795867416474
JR,v0,0.75,1.973,1.3389099960801252,4.998875915590147
JR,v0,0.75,1.974,1.3516327659299687,5.019524751321369
JR,v0,0.75,1.975,1.3647375326540878,5.039833140415162
JR,v0,0.75,1.976,1.378196861350843,5.059728576183209
JR,v0,0.75,1.977,1.3919894586580117,5.079143082278409
JR,v0,0.75,1.978,1.4061001727527627,5.098013367715792
JR,v0,0.75,1.979,1.4205199933516859,5.116284654657091
JR,v0,0.75,1.98,1.4352236869504944,5.133905977945528
JR,v0,0.75,1.981,1.4501516334241655,5.150840952005799
JR,v0,0.75,1.982,1.4652687976892942,5.167051807275474
JR,v0,0.75,1.983,1.480543732050151,5.182485891368422
JR,v0,0.75,1.984,1.495948013303411,5.1971056270580815
JR,v0,0.75,1.985,1.5114562427381828,5.210882475743478
JR,v0,0.75,1.986,1.5270460461359812,5.223787506247696
JR,v0,0.75,1.987,1.5426980737707563,5.23580341384672
JR,v0,0.75,1.988,1.5583960004088642,5.246919347996097
JR,v0,0.75,1.989,1.5741265253090941,5.257112011603792
JR,v0,0.75,1.99,1.5898793722226423,5.266351663014405
JR,v0,0.75,1.991,1.6056472893931386,5.274601425736915
JR,v0,0.75,1.992,1.6214260495566206,5.281828644676519
JR,v0,0.75,1.993,1.6372016241025227,5.288028868075355
JR,v0,0.75,1.994,1.6529406678215555,5.293202912393252
JR,v0,0.75,1.995,1.6686310502514532,5.297351870702902
JR,v0,0.75,1.996,1.6842623698668748,5.300475951370368
JR,v0,0.75,1.997,1.6998251642250661,5.30256922893789
JR,v0,0.75,1.998,1.7153109099658272,5.303616190152128
JR,v0,0.75,1.999,1.730712022811547,5.303595910904606
JR,v0,0.75,2.0,1.7460218575671678,5.302477986108585
JR,v0,1.0,0.0,0.0,0.0
JR,v0,1.0,0.001,0.017990921313896083,0.01798822914541585
JR,v0,1.0,0.002,0.06699730565049196,0.06698353771623172
JR,v0,1.0,0.003,0.14045973885441188,0.1404232779429031
JR,v0,1.0,0.004,0.2327758925253963,0.2327030546787676
JR,v0,1.0,0.005,0.3391467665575065,0.3390227616265085
JR,v0,1.0,0.006,0.4556763216494468,0.45548650798022455
JR,v0,1.0,0.007,0.5790872052282761,0.5788172312867887
JR,v0,1.0,0.008,0.7065458469540349,0.7061820050694229
JR,v0,1.0,0.009000000000000001,0.8356705126035322,0.8352004224852674
JR,v0,1.0,0.01,0.9646679688934109,0.9640815290651413
JR,v0,1.0,0.011,1.0921240480795442,1.0914128977527586
JR,v0,1.0,0.012,1.2168226999259575,1.2159803473957786
JR,v0,1.0,0.013000000000000001,1.337744059358272,1.3367660055690656
JR,v0,1.0,0.014,1.4540858664838612,1.4529703761570167
JR,v0,1.0,0.015,1.5654015560618453,1.5641498963895568
JR,v0,1.0,0.016,1.6714127902277987,1.6700286693236646
JR,v0,1.0,0.017,1.7718992783103384,1.7703890130547917
JR,v0,1.0,0.018000000000000002,1.8666984640568238,1.8650711126478379
JR,v0,1.0,0.019,1.9557055147810125,1.9539729992794725
JR,v0,1.0,0.02,2.038903600270405,2.0370813689538934
JR,v0,1.0,0.021,2.116486925105935,2.114593330732546
JR,v0,1.0,0.022,2.1887020134002735,2.186758105557639
JR,v0,1.0,0.023,2.2557870681479426,2.2538167333849866
JR,v0,1.0,0.024,2.3179719712253117,2.316002072407078
JR,v0,1.0,0.025,2.375478283390603,2.3735387990530894
JR,v0,1.0,0.026000000000000002,2.428519244283886,2.4266434079888723
JR,v0,1.0,0.027,2.4773105035022436,2.4755356291988133
JR,v0,1.0,0.028,2.522175632474855,2.5205448530228742
JR,v0,1.0,0.029,2.5634658626924933,2.562021827321833
JR,v0,1.0,0.03,2.6015071801121255,2.6002917527172387
JR,v0,1.0,0.031,2.6366039893199096,2.6356589383235534
JR,v0,1.0,0.032,2.669039113531198,2.66840680174815
JR,v0,1.0,0.033,2.699073794590533,2.698797869091317
JR,v0,1.0,0.034,2.7269476929716507,2.727073774946249
JR,v0,1.0,0.035,2.752878887777479,2.753455811103119
JR,v0,1.0,0.036000000000000004,2.777068575182264,2.778159535981655
JR,v0,1.0,0.037,2.7997753921795407,2.8014344106321003
JR,v0,1.0,0.038,2.8212118814870024,2.8234881274427575
JR,v0,1.0,0.039,2.841556696710787,2.844501403636224
JR,v0,1.0,0.04,2.860978759055259,2.864645368248873
JR,v0,1.0,0.041,2.8796372573230067,2.884081562130825
JR,v0,1.0,0.042,2.8976816479148413,2.902961937945981
JR,v0,1.0,0.043000000000000003,2.9152516548298033,2.9214288700203475
JR,v0,1.0,0.044,2.932477269665156,2.9396181709872184
JR,v0,1.0,0.045,2.949495050491377,2.9576485657716485
JR,v0,1.0,0.046,2.966383601962658,2.975587581669217
JR,v0,1.0,0.047,2.9831733587490397,2.9934728275256886
JR,v0,1.0,0.048,2.999901539832936,3.0113494017844884
JR,v0,1.0,0.049,3.01661224731011,3.029269937890181
JR,v0,1.0,0.05,3.0333564663896695,3.0472946042884566
JR,v0,1.0,0.051000000000000004,3.0501920653940715,3.065491104426156
JR,v0,1.0,0.052000000000000005,3.067183795759119,3.0839340196725247
JR,v0,1.0,0.053,3.084403292033961,3.1026843875053167
JR,v0,1.0,0.054,3.101909333797149,3.121771801152115
JR,v0,1.0,0.055,3.1196704737891845,3.14117268712443
JR,v0,1.0,0.056,3.1376401110632104,3.160855017939932
JR,v0,1.0,0.057,3.155789186260005,3.180805620132501
JR,v0,1.0,0.058,3.1741061909314414,3.2010304244130263
JR,v0,1.0,0.059000000000000004,3.192597167540486,3.221554465669391
JR,v0,1.0,0.06,3.2112857094612024,3.242421882966482
JR,v0,1.0,0.061,3.2302129609787493,3.2636906978094053
JR,v0,1.0,0.062,3.249437617289379,3.285400169713993
JR,v0,1.0,0.063,3.26901760284518,3.3075784359862315
JR,v0,1.0,0.064,3.2889083458247463,3.330208882425035
JR,v0,1.0,0.065,3.3090597770117345,3.353263995806303
JR,v0,1.0,0.066,3.329442234328202,3.37673915349437
JR,v0,1.0,0.067,3.350043665310112,3.4006504109774567
JR,v0,1.0,0.068,3.3708696271073384,3.4250343939801384
JR,v0,1.0,0.069,3.3919432864836643,3.4499482829475583
JR,v0,1.0,0.07,3.4133054198167794,3.4754617402933605
JR,v0,1.0,0.07100000000000001,3.435014413098285,3.5016255995886856
JR,v0,1.0,0.07200000000000001,3.457145702714429,3.5284908039033525
JR,v0,1.0,0.073,3.479721111677929,3.5560928474774864
JR,v0,1.0,0.074,3.5027042263275625,3.584450266653134
JR,v0,1.0,0.075,3.5260832506011264,3.613588990009262
JR,v0,1.0,0.076,3.549861675856617,3.643558387748002
JR,v0,1.0,0.077,3.5740582808722294,3.6744287591511475
JR,v0,1.0,0.078,3.598707131846359,3.70629079030136
JR,v0,1.0,0.079,3.6238575823975987,3.739243766689041
JR,v0,1.0,0.08,3.649574273564741,3.7733688665037857
JR,v0,1.0,0.081,3.675937133806779,3.808750251537311
JR,v0,1.0,0.082,3.703035676791513,3.84547433785224
JR,v0,1.0,0.083,3.730890349095046,3.8836149001017826
JR,v0,1.0,0.084,3.7594952810496056,3.9232461916371317
JR,v0,1.0,0.085,3.7888647361352454,3.964453419714957
JR,v0,1.0,0.08600000000000001,3.8190301981093624,4.007340318734066
JR,v0,1.0,0.08700000000000001,3.8500403710066973,4.052033170906379
JR,v0,1.0,0.088,3.8819611791393323,4.0986520663114465
JR,v0,1.0,0.089,3.9148757670966927,4.147288040063542
JR,v0,1.0,0.09,3.9488844997455477,4.198084359561624
JR,v0,1.0,0.091,3.9841049622300098,4.251178094540897
JR,v0,1.0,0.092,4.020659473123377,4.306673139880358
JR,v0,1.0,0.093,4.058588442283151,4.364642303456661
JR,v0,1.0,0.094,4.097911987003822,4.4251387276693555
JR,v0,1.0,0.095,4.1386770997389135,4.488205302403105
JR,v0,1.0,0.096,4.180957591944576,4.553877451999781
JR,v0,1.0,0.097,4.224854094079588,4.62218855098038
JR,v0,1.0,0.098,4.270494055605353,4.693133626455095
JR,v0,1.0,0.099,4.3180317449859,4.7667252716688395
JR,v0,1.0,0.1,4.367648249687887,4.842991497763893
JR,v0,1.0,0.101,4.419551471517699,4.92189876677766
JR,v0,1.0,0.10200000000000001,4.47392759151913,5.0033636596835915
JR,v0,1.0,0.10300000000000001,4.530846535479807,5.087228025680371
JR,v0,1.0,0.10400000000000001,4.59039396213643,5.173270850360692
JR,v0,1.0,0.105,4.652699909705685,5.261214159006734
JR,v0,1.0,0.106,4.717938795884219,5.350754673720298
JR,v0,1.0,0.107,4.786329417848664,5.441668234676079
JR,v0,1.0,0.108,4.858134952255613,5.533746317922386
JR,v0,1.0,0.109,4.933662955241637,5.6267738447300015
JR,v0,1.0,0.11,5.013265362423281,5.720482876210721
JR,v0,1.0,0.111,5.097302166715593,5.814625661547405
JR,v0,1.0,0.112,5.185956773211043,5.908920172228233
JR,v0,1.0,0.113,5.279459586982174,6.003030452926474
JR,v0,1.0,0.114,5.378085017896456,6.096565040240614
JR,v0,1.0,0.115,5.482139609850418,6.189143606088684
JR,v0,1.0,0.116,5.591962040769661,6.2804736424412635
JR,v0,1.0,0.117,5.7079231226088485,6.3702550828970175
JR,v0,1.0,0.11800000000000001,5.830425801351711,6.458215465858952
JR,v0,1.0,0.11900000000000001,5.959905157011039,6.544128341442882
JR,v0,1.0,0.12,6.096774303892586,6.627752707951746
JR,v0,1.0,0.121,6.2408559165544855,6.708805246986989
JR,v0,1.0,0.122,6.39261622801942,6.787046044160984
JR,v0,1.0,0.123,6.552583838140659,6.862249034799497
JR,v0,1.0,0.124,6.721063780531519,6.934213224802058
JR,v0,1.0,0.125,6.898137522565359,7.002712277832211
JR,v0,1.0,0.126,7.083662965375584,7.067491881177014
JR,v0,1.0,0.127,7.277274443855646,7.128320972403126
JR,v0,1.0,0.128,7.478382726659038,7.185002417287034
JR,v0,1.0,0.129,7.686175016199305,7.237357348710138
JR,v0,1.0,0.13,7.89961800298984,7.285243031482804
JR,v0,1.0,0.131,8.117687377727059,7.328517556729642
JR,v0,1.0,0.132,8.33946005448653,7.36708116137374
JR,v0,1.0,0.133,8.56382101250193,7.400841839945096
JR,v0,1.0,0.134,8.789452985538588,7.4296939161748625
JR,v0,1.0,0.135,9.014836461893495,7.453521884065076
JR,v0,1.0,0.136,9.23824968439531,7.4722224730035
JR,v0,1.0,0.137,9.457768650404342,7.485685254150196
JR,v0,1.0,0.138,9.671267111812565,7.4938332186745695
JR,v0,1.0,0.139,9.876416575043613,7.496634692601464
JR,v0,1.0,0.14,10.071043667483881,7.494138269150442
JR,v0,1.0,0.14100000000000001,10.25404757579961,7.486478262477822
JR,v0,1.0,0.14200000000000002,10.42426530580958,7.47375228178072
JR,v0,1.0,0.14300000000000002,10.580555046135622,7.456061570287607
JR,v0,1.0,0.14400000000000002,10.721812234944302,7.433547531772592
JR,v0,1.0,0.145,10.846969559946935,7.406384730735213
JR,v0,1.0,0.146,10.954996958399573,7.374773655256162
JR,v0,1.0,0.147,11.044901617103005,7.338944002480587
JR,v0,1.0,0.148,11.115740053829738,7.299165505039254
JR,v0,1.0,0.149,11.16715126239865,7.255778623674541
JR,v0,1.0,0.15,11.199230470424249,7.209104405721979
JR,v0,1.0,0.151,11.212055054456176,7.1594261031426285
JR,v0,1.0,0.152,11.205738329802621,7.1070491138179195
JR,v0,1.0,0.153,11.180429550530286,7.05231525843627
JR,v0,1.0,0.154,11.136313909464421,6.995518933331522
JR,v0,1.0,0.155,11.0736125381888,6.9369541427980765
JR,v0,1.0,0.156,10.992582740014521,6.876905866454764
JR,v0,1.0,0.157,10.893684206609077,6.815663518205221
JR,v0,1.0,0.158,10.77772107592135,6.753495291262481
JR,v0,1.0,0.159,10.645513119897782,6.690622736088038
JR,v0,1.0,0.16,10.49787473478582,6.627238757549167
JR,v0,1.0,0.161,10.335614941133915,6.563503863702139
JR,v0,1.0,0.162,10.159537383791523,6.499554293125408
JR,v0,1.0,0.163,9.970440331909106,6.435497394792686
JR,v0,1.0,0.164,9.769116678938136,6.371407314408492
JR,v0,1.0,0.165,9.556377495837552,6.307318827086874
JR,v0,1.0,0.166,9.33332402411977,6.243226824808057
JR,v0,1.0,0.167,9.101013259439124,6.17910045029531
JR,v0,1.0,0.168,8.860469466398605,6.114900099383358
JR,v0,1.0,0.169,8.612739427392803,6.050574683368029
JR,v0,1.0,0.17,8.358892442607893,5.9860564695793075
JR,v0,1.0,0.171,8.100020330021646,5.9212828733786225
JR,v0,1.0,0.17200000000000001,7.837237425403423,5.8561751955181975
JR,v0,1.0,0.17300000000000001,7.5716805823141655,5.790653284977118
JR,v0,1.0,0.17400000000000002,7.304572249502259,5.724666606311399
JR,v0,1.0,0.17500000000000002,7.0371694587426585,5.658167414369283
JR,v0,1.0,0.176,6.770585994966396,5.59111391510711
JR,v0,1.0,0.177,6.505988502826906,5.523558855240583
JR,v0,1.0,0.178,6.244602522793304,5.455588159242746
JR,v0,1.0,0.179,5.987712491150379,5.387295944142981
JR,v0,1.0,0.18,5.736661739998576,5.318821724711288
JR,v0,1.0,0.181,5.492852497254017,5.2502789083840025
JR,v0,1.0,0.182,5.257735333705565,5.181763887076377
JR,v0,1.0,0.183,5.03240768825842,5.113431990058632
JR,v0,1.0,0.184,4.81799770708006,5.045472075373847
JR,v0,1.0,0.185,4.615678706048172,4.978054705557068
JR,v0,1.0,0.186,4.426498166009161,4.911352019489745
JR,v0,1.0,0.187,4.251377732778156,4.8455124908054215
JR,v0,1.0,0.188,4.091113217139011,4.780656298962631
JR,v0,1.0,0.189,3.9463745948442934,4.7168925876370205
JR,v0,1.0,0.19,3.8177060066152997,4.654378954178214
JR,v0,1.0,0.191,3.705514196171684,4.593257178537348
JR,v0,1.0,0.192,3.6099458324098777,4.533649695588226
JR,v0,1.0,0.193,3.53095575982087,4.47564537495917
JR,v0,1.0,0.194,3.468297828073819,4.419314302293941
JR,v0,1.0,0.195,3.421510889815927,4.364712252425489
JR,v0,1.0,0.196,3.38991878880411,4.311889351447516
JR,v0,1.0,0.197,3.3726040697801345,4.2609130174770975
JR,v0,1.0,0.198,3.3683759465228675,4.211809911207069
JR,v0,1.0,0.199,3.3758463018238025,4.164510774375252
JR,v0,1.0,0.2,3.3934417166201776,4.118934589255893
JR,v0,1.0,0.201,3.4194034699949682,4.07501166584166
JR,v0,1.0,0.202,3.451747027728633,4.032670177597671
JR,v0,1.0,0.203,3.4883723512210487,3.991845621894259
JR,v0,1.0,0.20400000000000001,3.5273594808408113,3.9524600254242865
JR,v0,1.0,0.20500000000000002,3.566831471781267,3.9144433919601926
JR,v0,1.0,0.20600000000000002,3.604947404413913,3.8777283311454585
JR,v0,1.0,0.20700000000000002,3.639902384288387,3.8422412930713916
JR,v0,1.0,0.20800000000000002,3.6699272922958492,3.807849504670427
JR,v0,1.0,0.209,3.693213428837442,3.7744722532840145
JR,v0,1.0,0.21,3.709172417038868,3.742025876633729
JR,v0,1.0,0.211,3.717795796874949,3.710461157480432
JR,v0,1.0,0.212,3.7190199784832707,3.6797377156321005
JR,v0,1.0,0.213,3.7127262421641767,3.6498371390203452
JR,v0,1.0,0.214,3.6987407383807636,3.6207544423119042
JR,v0,1.0,0.215,3.676834487758885,3.5924698329590297
JR,v0,1.0,0.216,3.6469748097424652,3.5649753379891753
JR,v0,1.0,0.217,3.6103722010264594,3.538295888199969
JR,v0,1.0,0.218,3.5681643358559203,3.512472787355999
JR,v0,1.0,0.219,3.521272721210744,3.48748825447156
JR,v0,1.0,0.22,3.4704361073931036,3.463306947708552
JR,v0,1.0,0.221,3.4162104880274846,3.4398663174490993
JR,v0,1.0,0.222,3.3589691000606514,3.4170844368004363
JR,v0,1.0,0.223,3.299202333769026,3.394878435333672
JR,v0,1.0,0.224,3.2377816571957307,3.3731986832818484
JR,v0,1.0,0.225,3.1753869225064495,3.3520258628192323
JR,v0,1.0,0.226,3.112554376440647,3.331342812751263
JR,v0,1.0,0.227,3.049676728006272,3.3111224454973596
JR,v0,1.0,0.228,2.9870031484797455,3.291288152019825
JR,v0,1.0,0.229,2.9246392714059777,3.271728397059544
JR,v0,1.0,0.23,2.862547533957743,3.2523355438298176
JR,v0,1.0,0.231,2.800977748246492,3.2330249106147493
JR,v0,1.0,0.232,2.7401985347941107,3.2137056315579104
JR,v0,1.0,0.233,2.6801731887977702,3.194312992395092
JR,v0,1.0,0.234,2.620884602764743,3.1748128438702437
JR,v0,1.0,0.23500000000000001,2.5623352665124024,3.155171638201661
JR,v0,1.0,0.23600000000000002,2.5045472671682276,3.135358382220989
JR,v0,1.0,0.23700000000000002,2.4475622891697935,3.1153451432181707
JR,v0,1.0,0.23800000000000002,2.3914416142647834,3.0951335757644483
JR,v0,1.0,0.23900000000000002,2.336278710983539,3.074741296438012
JR,v0,1.0,0.24,2.2821925892016903,3.054182652526856
JR,v0,1.0,0.241,2.2290152154050737,3.0334618106823483
JR,v0,1.0,0.242,2.176584071203285,3.0125878747514214
JR,v0,1.0,0.243,2.1248049092125605,2.9915831575979093
JR,v0,1.0,0.244,2.073651753055799,2.9704745270731423
JR,v0,1.0,0.245,2.0231668973625503,2.949307317024972
JR,v0,1.0,0.246,1.9734609077690077,2.9281639004354103
JR,v0,1.0,0.247,1.9247126209180276,2.907137054697407
JR,v0,1.0,0.248,1.8771691444591116,2.8862946324371888
JR,v0,1.0,0.249,1.8311082845551674,2.8657057451650307
JR,v0,1.0,0.25,1.7864140861478823,2.8454479811522555
JR,v0,1.0,0.251,1.7429500954155799,2.825570767125763
JR,v0,1.0,0.252,1.7006653677810348,2.8061174858430307
JR,v0,1.0,0.253,1.6595501438323677,2.7871256072439627
JR,v0,1.0,0.254,1.6196358493230356,2.7686387186753154
JR,v0,1.0,0.255,1.5809950951718363,2.750740044699393
JR,v0,1.0,0.256,1.5437416774629096,2.7335345076004613
JR,v0,1.0,0.257,1.5080305774457345,2.717126057751665
JR,v0,1.0,0.258,1.4740579615351272,2.7016003732207703
JR,v0,1.0,0.259,1.441966710878277,2.687020314217287
JR,v0,1.0,0.26,1.4116124364071032,2.6734317623358597
JR,v0,1.0,0.261,1.3829194717163302,2.660872000825691
JR,v0,1.0,0.262,1.3558431478778719,2.649385357246774
JR,v0,1.0,0.263,1.3303633230584326,2.639036412271737
JR,v0,1.0,0.264,1.3064843825195123,2.629896341653413
JR,v0,1.0,0.265,1.2842352386174003,2.62202579418214
JR,v0,1.0,0.266,1.2636693308031806,2.6154728490188095
JR,v0,1.0,0.267,1.2448646256227276,2.6102943220041963
JR,v0,1.0,0.268,1.2279200129071821,2.606542769918275
JR,v0,1.0,0.269,1.2127938573564112,2.604250736195168
JR,v0,1.0,0.27,1.1993582537578158,2.603435635701908
JR,v0,1.0,0.271,1.1875263011829693,2.604095746528896
JR,v0,1.0,0.272,1.1772282944032657,2.6062297644879315
JR,v0,1.0,0.273,1.1684117238899177,2.609837962843288
JR,v0,1.0,0.274,1.1610412758139583,2.614928050312941
JR,v0,1.0,0.275,1.1550988320462476,2.6215156058306706
JR,v0,1.0,0.276,1.1505834701574598,2.629615816782057
JR,v0,1.0,0.277,1.147511463418092,2.6392364583265358
JR,v0,1.0,0.278,1.145909858879893,2.650375683867206
JR,v0,1.0,0.279,1.1456906715688815,2.6630460378863647
JR,v0,1.0,0.28,1.146737058683323,2.677271560404333
JR,v0,1.0,0.281,1.1489606179439784,2.693065958646033
JR,v0,1.0,0.28200000000000003,1.1522846969732576,2.710436197161533
JR,v0,1.0,0.28300000000000003,1.1566443932952177,2.7293862725224165
JR,v0,1.0,0.28400000000000003,1.1619865543355647,2.749929667101843
JR,v0,1.0,0.28500000000000003,1.168269777421651,2.77209618922512
JR,v0,1.0,0.28600000000000003,1.1754644097824771,2.795934296770998
JR,v0,1.0,0.28700000000000003,1.1835525485486897,2.821483206461015
JR,v0,1.0,0.28800000000000003,1.1925280407525856,2.8487766861905843
JR,v0,1.0,0.289,1.2023627881739243,2.877836202396326
JR,v0,1.0,0.29,1.2129513557008682,2.9086635259512126
JR,v0,1.0,0.291,1.2242211249013666,2.9412568264658088
JR,v0,1.0,0.292,1.2361081165594907,2.9756274417783266
JR,v0,1.0,0.293,1.2485554207877758,3.0117930788691547
JR,v0,1.0,0.294,1.2615131970272282,3.049757122086203
JR,v0,1.0,0.295,1.2749386740473163,3.0894996663576304
JR,v0,1.0,0.296,1.2887961499459788,3.130986559191502
JR,v0,1.0,0.297,1.30305699214962,3.1741763359219095
JR,v0,1.0,0.298,1.3176996374131145,3.21902122264037
JR,v0,1.0,0.299,1.3327095918197989,3.265483639855887
JR,v0,1.0,0.3,1.3480765684072802,3.3135117042067153
JR,v0,1.0,0.301,1.363743325040173,3.3630397906539797
JR,v0,1.0,0.302,1.37965676074751,3.4139704954232473
JR,v0,1.0,0.303,1.3957783192955118,3.4661799102769995
JR,v0,1.0,0.304,1.4120730105295332,3.5195182818624255
JR,v0,1.0,0.305,1.428509410374069,3.573816494751756
JR,v0,1.0,0.306,1.4450596608327495,3.6289120354632707
JR,v0,1.0,0.307,1.4616994699883432,3.6846329042596744
JR,v0,1.0,0.308,1.4784081120027555,3.740789305173824
JR,v0,1.0,0.309,1.4951684271170285,3.7971883510555506
JR,v0,1.0,0.31,1.511966821651344,3.8536340159982654
JR,v0,1.0,0.311,1.5287932680050167,3.909909673784793
JR,v0,1.0,0.312,1.5456413046565016,3.9657985487741865
JR,v0,1.0,0.313,1.5625048941440105,4.021066266519394
JR,v0,1.0,0.314,1.5793506835058153,4.075477363830994
JR,v0,1.0,0.315,1.5961557664782693,4.128813663146527
JR,v0,1.0,0.316,1.6129040136578983,4.180877117874632
JR,v0,1.0,0.317,1.6295810754176157,4.231476642733551
JR,v0,1.0,0.318,1.646174381906718,4.280438854192684
JR,v0,1.0,0.319,1.6626731430508892,4.3276034904429075
JR,v0,1.0,0.32,1.6790683485522,4.372805719979604
JR,v0,1.0,0.321,1.6953527678891063,4.415885149006183
JR,v0,1.0,0.322,1.7115209503164492,4.456696366563389
JR,v0,1.0,0.323,1.7275692248654564,4.495132035218962
JR,v0,1.0,0.324,1.7434957003437428,4.531104578139475
JR,v0,1.0,0.325,1.7593002653353085,4.564536801724395
JR,v0,1.0,0.326,1.774984588200537,4.595358584894075
JR,v0,1.0,0.327,1.7905451080835384,4.62350798134646
JR,v0,1.0,0.328,1.8059642740273434,4.648927598576749
JR,v0,1.0,0.329,1.8212362920269483,4.671568492372071
JR,v0,1.0,0.33,1.8363570936307854,4.691394737485354
JR,v0,1.0,0.331,1.8513237279696724,4.708395854290141
JR,v0,1.0,0.332,1.8661343617568056,4.7225837756549325
JR,v0,1.0,0.333,1.880788279287768,4.733975105090715
JR,v0,1.0,0.334,1.89528588244052,4.742585879939978
JR,v0,1.0,0.335,1.9096286906754094,4.7484369661032595
JR,v0,1.0,0.336,1.9238193410351645,4.751555329133241
JR,v0,1.0,0.337,1.9378615881448944,4.751968010067916
JR,v0,1.0,0.338,1.951757009502432,4.74971407070098
JR,v0,1.0,0.339,1.9655016606841347,4.744850461549282
JR,v0,1.0,0.34,1.9790928081410777,4.737456260323707
JR,v0,1.0,0.341,1.992528904979861,4.7276206352375345
JR,v0,1.0,0.342,2.0058095908881173,4.715427789939226
JR,v0,1.0,0.343,2.0189356921345056,4.700967492733975
JR,v0,1.0,0.34400000000000003,2.031909221568716,4.684334842664907
JR,v0,1.0,0.34500000000000003,2.0447333786214656,4.665629786469913
JR,v0,1.0,0.34600000000000003,2.0574125493045026,4.644961055664777
JR,v0,1.0,0.34700000000000003,2.069952306210602,4.622455537363914
JR,v0,1.0,0.34800000000000003,2.0823593617227645,4.598260622213454
JR,v0,1.0,0.34900000000000003,2.094636888437797,4.572533870577891
JR,v0,1.0,0.35000000000000003,2.1067808781448325,4.545431875341929
JR,v0,1.0,0.35100000000000003,2.1187879933255407,4.517109060552029
JR,v0,1.0,0.352,2.1306564605697726,4.48772027154959
JR,v0,1.0,0.353,2.142386070575558,4.45743300074886
JR,v0,1.0,0.354,2.1539781781491025,4.4264091139214505
JR,v0,1.0,0.355,2.165435702204791,4.394821966007472
JR,v0,1.0,0.356,2.1767631257651865,4.362850385612787
JR,v0,1.0,0.357,2.187966495961031,4.33067737450224
JR,v0,1.0,0.358,2.199053424031245,4.298481238657605
JR,v0,1.0,0.359,2.2100330853229253,4.2664257341263525
JR,v0,1.0,0.36,2.220912843300185,4.234665770169276
JR,v0,1.0,0.361,2.2316871624846533,4.203357381287973
JR,v0,1.0,0.362,2.242351225474621,4.172659137619386
JR,v0,1.0,0.363,2.2529021364916972,4.142723910325116
JR,v0,1.0,0.364,2.2633387267834046,4.113698005325017
JR,v0,1.0,0.365,2.2736615546231773,4.085714905198703
JR,v0,1.0,0.366,2.2838729053103606,4.058891257631697
JR,v0,1.0,0.367,2.293976791170213,4.03332448799308
JR,v0,1.0,0.368,2.3039789515539035,4.009090962581002
JR,v0,1.0,0.369,2.3138868528385137,3.986257163929746
JR,v0,1.0,0.37,2.323709688427037,3.9648855140400165
JR,v0,1.0,0.371,2.3334580673327094,3.945019087449926
JR,v0,1.0,0.372,2.343131637480138,3.9266831812737437
JR,v0,1.0,0.373,2.3527232233888253,3.909889558763455
JR,v0,1.0,0.374,2.362228877402861,3.894638295199467
JR,v0,1.0,0.375,2.371646394047883,3.880909411056856
JR,v0,1.0,0.376,2.380975310031072,3.8686622690273524
JR,v0,1.0,0.377,2.3902169042411567,3.8578460729916246
JR,v0,1.0,0.378,2.3993741977484113,3.848407969777553
JR,v0,1.0,0.379,2.408451953804654,3.840287295357701
JR,v0,1.0,0.38,2.4174566778432514,3.8334209555025707
JR,v0,1.0,0.381,2.4263966174791127,3.8277531024855787
JR,v0,1.0,0.382,2.435281762508696,3.8232285414135494
JR,v0,1.0,0.383,2.4441199783965333,3.8197810720434417
JR,v0,1.0,0.384,2.4529042541230637,3.817348117462265
JR,v0,1.0,0.385,2.4616292062340186,3.8158735038246836
JR,v0,1.0,0.386,2.4702915112963724,3.8153225563614312
JR,v0,1.0,0.387,2.4788895821391996,3.815689810957973
JR,v0,1.0,0.388,2.4874235678536727,3.816985374500705
JR,v0,1.0,0.389,2.49589535379306,3.819212790310685
JR,v0,1.0,0.39,2.504308561572732,3.8223710566861593
JR,v0,1.0,0.391,2.512668549070155,3.8264667157953314
JR,v0,1.0,0.392,2.520982410424896,3.8315153409660025
JR,v0,1.0,0.393,2.5292589760386193,3.8375420162252807
JR,v0,1.0,0.394,2.5375087864176242,3.8445904789846663
JR,v0,1.0,0.395,2.5457339575166555,3.8527122425219007
JR,v0,1.0,0.396,2.5539263518403765,3.8619483666456853
JR,v0,1.0,0.397,2.562081505991844,3.872339779706183
JR,v0,1.0,0.398,2.570196662870108,3.883924193807406
JR,v0,1.0,0.399,2.5782707716702085,3.896740414910546
JR,v0,1.0,0.4,2.586304487883179,3.910834574435514
JR,v0,1.0,0.401,2.594300173296044,3.926261249546512
JR,v0,1.0,0.402,2.6022618959918202,3.9430600295955553
JR,v0,1.0,0.403,2.610195430349518,3.9612648165961217
JR,v0,1.0,0.404,2.6181082570441356,3.9809069615875967
JR,v0,1.0,0.405,2.6260095630466678,4.002005621493679
JR,v0,1.0,0.406,2.6339095172615496,4.024571620734645
JR,v0,1.0,0.40700000000000003,2.641805370192213,4.048626459138184
JR,v0,1.0,0.40800000000000003,2.6496900687316853,4.074189456512884
JR,v0,1.0,0.40900000000000003,2.657559687211334,4.101263167545198
JR,v0,1.0,0.41000000000000003,2.665411987948958,4.129827967768409
JR,v0,1.0,0.41100000000000003,2.6732464212487907,4.159853607332237
JR,v0,1.0,0.41200000000000003,2.6810641254015013,4.19131104829644
JR,v0,1.0,0.41300000000000003,2.6888679266841913,4.224175878812818
JR,v0,1.0,0.41400000000000003,2.6966623393603966,4.258417293522074
JR,v0,1.0,0.41500000000000004,2.7044535656800868,4.293988835756139
JR,v0,1.0,0.41600000000000004,2.712249495879665,4.330828719330513
JR,v0,1.0,0.417,2.7200597081819704,4.368864093787949
JR,v0,1.0,0.418,2.7278933342599396,4.40801144064264
JR,v0,1.0,0.419,2.7357447683564637,4.448188993785496
JR,v0,1.0,0.42,2.7436080732321866,4.489315801339696
JR,v0,1.0,0.421,2.7514798102291134,4.5313008626831905
JR,v0,1.0,0.422,2.759358256812804,4.5740382932454535
JR,v0,1.0,0.423,2.7672434065723626,4.617412321783722
JR,v0,1.0,0.424,2.775136969220448,4.661296079635047
JR,v0,1.0,0.425,2.783042370593265,4.7055674784382635
JR,v0,1.0,0.426,2.7909647526505696,4.75010176786452
JR,v0,1.0,0.427,2.798910973475667,4.7947696989163875
JR,v0,1.0,0.428,2.806889607275413,4.839440261377249
JR,v0,1.0,0.429,2.814910944380212,4.883977504258795
JR,v0,1.0,0.43,2.8229827842083584,4.928249385528682
JR,v0,1.0,0.431,2.831098017886733,4.972128089586959
JR,v0,1.0,0.432,2.8392515895687715,5.015486474293675
JR,v0,1.0,0.433,2.8474405539819703,5.058208566654022
JR,v0,1.0,0.434,2.8556637921390093,5.100192033504673
JR,v0,1.0,0.435,2.8639220113377526,5.141335738529882
JR,v0,1.0,0.436,2.872217745161249,5.181539718714979
JR,v0,1.0,0.437,2.8805553534777344,5.220713129606907
JR,v0,1.0,0.438,2.888941022440625,5.258777676045392
JR,v0,1.0,0.439,2.8973827644885257,5.295681917550479
JR,v0,1.0,0.44,2.9058904183452237,5.331382721849998
JR,v0,1.0,0.441,2.914475649019694,5.36583944469291
JR,v0,1.0,0.442,2.923144494545016,5.399022527464498
JR,v0,1.0,0.443,2.9318893089882274,5.430911693635197
JR,v0,1.0,0.444,2.9407056698735268,5.461494115916241
JR,v0,1.0,0.445,2.949591240995158,5.490766976165603
JR,v0,1.0,0.446,2.95854575671585,5.518736293483625
JR,v0,1.0,0.447,2.9675710219668123,5.545424644333703
JR,v0,1.0,0.448,2.9766709122477417,5.570866084562948
JR,v0,1.0,0.449,2.9858513736268155,5.595090949539164
JR,v0,1.0,0.45,2.995120422740696,5.618149600765704
JR,v0,1.0,0.451,3.0044881467945266,5.640110464164827
JR,v0,1.0,0.452,3.013966703561937,5.661047249736806
JR,v0,1.0,0.453,3.0235701555240544,5.681031456626865
JR,v0,1.0,0.454,3.0333018085174466,5.7001464760792855
JR,v0,1.0,0.455,3.043154294801366,5.718478103970243
JR,v0,1.0,0.456,3.0531238189102394,5.736119464784175
JR,v0,1.0,0.457,3.0632091027807316,5.753162088237601
JR,v0,1.0,0.458,3.073411385751745,5.769692878660661
JR,v0,1.0,0.459,3.0837344245644163,5.785809810641281
JR,v0,1.0,0.46,3.0941844933621216,5.801615850602868
JR,v0,1.0,0.461,3.1047703836904708,5.817194343017601
JR,v0,1.0,0.462,3.115503404497314,5.832640452264626
JR,v0,1.0,0.463,3.126397382132735,5.848045485447745
JR,v0,1.0,0.464,3.1374686603490543,5.863489212074411
JR,v0,1.0,0.465,3.1487342902874675,5.87904639275994
JR,v0,1.0,0.466,3.16019322539668,5.8947741981852975
JR,v0,1.0,0.467,3.1718391810281337,5.910704919790145
JR,v0,1.0,0.468,3.1836698445970186,5.926865824776667
JR,v0,1.0,0.46900000000000003,3.195686210097102,5.94326855789598
JR,v0,1.0,0.47000000000000003,3.2078925781007315,5.959893818669633
JR,v0,1.0,0.47100000000000003,3.220296555758825,5.976723094585392
JR,v0,1.0,0.47200000000000003,3.232909056800884,5.993742195914993
JR,v0,1.0,0.47300000000000003,3.2457443015349825,6.010921189723485
JR,v0,1.0,0.47400000000000003,3.2588198168477747,6.02821775874515
JR,v0,1.0,0.47500000000000003,3.272156436204491,6.045582310403818
JR,v0,1.0,0.47600000000000003,3.2857782996489364,6.062953061399972
JR,v0,1.0,0.47700000000000004,3.2997020747824006,6.080258546686151
JR,v0,1.0,0.47800000000000004,3.3139215992301194,6.097408565481461
JR,v0,1.0,0.47900000000000004,3.3284337201679994,6.114302594237156
JR,v0,1.0,0.48,3.343240023716273,6.1308712055627135
JR,v0,1.0,0.481,3.358346829716565,6.147044724033641
JR,v0,1.0,0.482,3.3737651917318883,6.162758370193418
JR,v0,1.0,0.483,3.389510897046648,6.177952796719935
JR,v0,1.0,0.484,3.405604466666639,6.192568026301062
JR,v0,1.0,0.485,3.422071155319046,6.206556961847391
JR,v0,1.0,0.486,3.438940951452445,6.219859295186627
JR,v0,1.0,0.487,3.456248577236804,6.232402954124722
JR,v0,1.0,0.488,3.4740282643948244,6.2441510650991745
JR,v0,1.0,0.489,3.4922829525541816,6.25507431211547
JR,v0,1.0,0.49,3.5110096529881916,6.265156487172996
JR,v0,1.0,0.491,3.530213030839655,6.274382807876968
JR,v0,1.0,0.492,3.5499051866564213,6.282733347742674
JR,v0,1.0,0.493,3.570105656391397,6.290200338375196
JR,v0,1.0,0.494,3.590841411402538,6.29677939363836
JR,v0,1.0,0.495,3.6121468584528564,6.302452166519174
JR,v0,1.0,0.496,3.634063839710414,6.30721398272896
JR,v0,1.0,0.497,3.656641632748327,6.311087400459957
JR,v0,1.0,0.498,3.6799369505447643,6.314108980231923
JR,v0,1.0,0.499,3.7040070685657898,6.31631548027171
JR,v0,1.0,0.5,3.728865489150985,6.31774503695787
JR,v0,1.0,0.501,3.7545150178296436,6.31843889867102
JR,v0,1.0,0.502,3.780971285173244,6.3184392079473515
JR,v0,1.0,0.503,3.808262732179172,6.317776259985143
JR,v0,1.0,0.504,3.8364306102707157,6.3164748195869995
JR,v0,1.0,0.505,3.86552898129707,6.314594330445021
JR,v0,1.0,0.506,3.8956247175333343,6.312214948934532
JR,v0,1.0,0.507,3.9267975016805137,6.309430774603441
JR,v0,1.0,0.508,3.959139826865517,6.306337467643724
JR,v0,1.0,0.509,3.9927569328948227,6.303044796303272
JR,v0,1.0,0.51,4.027734189979882,6.299654263220216
JR,v0,1.0,0.511,4.064090226260228,6.296252526993515
JR,v0,1.0,0.512,4.101853618897355,6.292914243023955
JR,v0,1.0,0.513,4.141076592349665,6.2897355536309325
JR,v0,1.0,0.514,4.181835018372462,6.286857323667743
JR,v0,1.0,0.515,4.224228416017951,6.2844328426290375
JR,v0,1.0,0.516,4.268379951635244,6.282613545757557
JR,v0,1.0,0.517,4.314436438870357,6.2815280779077565
JR,v0,1.0,0.518,4.362568338666207,6.281288799978881
JR,v0,1.0,0.519,4.412969759262617,6.28199097250587
JR,v0,1.0,0.52,4.46582068765727,6.2837212958577755
JR,v0,1.0,0.521,4.521192491709049,6.286552510445151
JR,v0,1.0,0.522,4.5791663402449245,6.290561636029487
JR,v0,1.0,0.523,4.6398649425700995,6.295804782899455
JR,v0,1.0,0.524,4.703452541244838,6.302328345730001
JR,v0,1.0,0.525,4.770134912084456,6.310149372554167
JR,v0,1.0,0.526,4.8401593641593355,6.319242366742759
JR,v0,1.0,0.527,4.913814739794913,6.329565627728224
JR,v0,1.0,0.528,4.991431414571682,6.341034953154992
JR,v0,1.0,0.529,5.0733737031158705,6.353529484697345
JR,v0,1.0,0.53,5.159859444713723,6.366911349663052
JR,v0,1.0,0.531,5.2510913685855485,6.381039611310213
JR,v0,1.0,0.532,5.3473337905217235,6.395739597731648
JR,v0,1.0,0.533,5.448879710882992,6.41078715757534
JR,v0,1.0,0.534,5.556050814600471,6.425937093296875
JR,v0,1.0,0.535,5.669197471175635,6.440944562610057
JR,v0,1.0,0.536,5.788698734680342,6.455575092892477
JR,v0,1.0,0.537,5.914962343756806,6.469588448169927
JR,v0,1.0,0.538,6.048424721617616,6.482719231535924
JR,v0,1.0,0.539,6.189144360176363,6.494705224292692
JR,v0,1.0,0.54,6.337161799621389,6.505290506021149
JR,v0,1.0,0.541,6.493102776083919,6.514239429599124
JR,v0,1.0,0.542,6.657371879031193,6.521330745020875
JR,v0,1.0,0.543,6.830144774328866,6.526392007731863
JR,v0,1.0,0.544,7.011368204241022,6.5292768209374366
JR,v0,1.0,0.545,7.20075998743016,6.529871161256613
JR,v0,1.0,0.546,7.397809018957205,6.528081975315627
JR,v0,1.0,0.547,7.601775270281503,6.523831886569816
JR,v0,1.0,0.548,7.811689789260821,6.517085083114219
JR,v0,1.0,0.549,8.026420396573428,6.507812523578049
JR,v0,1.0,0.55,8.24505551015708,6.496054015963376
JR,v0,1.0,0.551,8.466573744601504,6.481867982612013
JR,v0,1.0,0.552,8.68975183177621,6.4653035974422925
JR,v0,1.0,0.553,8.91317530860638,6.4464303552194835
JR,v0,1.0,0.554,9.135238517072882,6.425293558177135
JR,v0,1.0,0.555,9.354144604212266,6.401940883923208
JR,v0,1.0,0.556,9.56790552211676,6.376454979626955
JR,v0,1.0,0.557,9.774342027934274,6.348947394402483
JR,v0,1.0,0.558,9.971116747078334,6.319500810586698
JR,v0,1.0,0.559,10.15668104284357,6.288195289295521
JR,v0,1.0,0.56,10.329971474046417,6.255105597482544
JR,v0,1.0,0.561,10.489855687575645,6.220305759020818
JR,v0,1.0,0.562,10.635239727797423,6.183880302476329
JR,v0,1.0,0.5630000000000001,10.765068036555338,6.14591596659795
JR,v0,1.0,0.5640000000000001,10.878323453170403,6.106499790140137
JR,v0,1.0,0.5650000000000001,10.974027214441023,6.065668529911821
JR,v0,1.0,0.5660000000000001,11.051238954643035,6.02345239314584
JR,v0,1.0,0.5670000000000001,11.10922506696157,5.979877504182087
JR,v0,1.0,0.5680000000000001,11.148001080301368,5.934993147493372
JR,v0,1.0,0.5690000000000001,11.167646195251681,5.888866319246017
JR,v0,1.0,0.5700000000000001,11.16826430898719,5.841557880265921
JR,v0,1.0,0.5710000000000001,11.1499949437545,5.793114929602922
JR,v0,1.0,0.5720000000000001,11.113013246872145,5.743584508784173
JR,v0,1.0,0.5730000000000001,11.057529990730576,5.692995400309977
JR,v0,1.0,0.5740000000000001,10.983791572792173,5.6413283809451995
JR,v0,1.0,0.5750000000000001,10.892114551546227,5.588595278140401
JR,v0,1.0,0.5760000000000001,10.783174059863182,5.534863015746624
JR,v0,1.0,0.577,10.657791990502474,5.480214060774714
JR,v0,1.0,0.578,10.516781665277591,5.424747516537775
JR,v0,1.0,0.579,10.360951682255076,5.368540774947445
JR,v0,1.0,0.58,10.191105915754465,5.311652580473477
JR,v0,1.0,0.581,10.0080435163483,5.2541532710431404
JR,v0,1.0,0.582,9.81255891086213,5.1961263754987455
JR,v0,1.0,0.583,9.605441802374513,5.137650468621916
JR,v0,1.0,0.584,9.387621238992674,5.07883535609797
JR,v0,1.0,0.585,9.160231749606686,5.019831389795078
JR,v0,1.0,0.586,8.924283707802802,4.960788454138588
JR,v0,1.0,0.587,8.680808889670397,4.9018400525500745
JR,v0,1.0,0.588,8.43086291551819,4.843121475960369
JR,v0,1.0,0.589,8.175525249874246,4.78476998129875
JR,v0,1.0,0.59,7.915899201485958,4.7269107130495005
JR,v0,1.0,0.591,7.65311192332007,4.66968560539501
JR,v0,1.0,0.592,7.38832377797258,4.613236985745489
JR,v0,1.0,0.593,7.122824717442736,4.557709921798124
JR,v0,1.0,0.594,6.857762304354367,4.503241939943659
JR,v0,1.0,0.595,6.594275632430955,4.449975634197494
JR,v0,1.0,0.596,6.3335601607847725,4.398044716659932
JR,v0,1.0,0.597,6.076867713916904,4.347577465035488
JR,v0,1.0,0.598,5.82550648171722,4.298697359029687
JR,v0,1.0,0.599,5.580841019464401,4.251512134987721
JR,v0,1.0,0.6,5.34429224782593,4.206127410221825
JR,v0,1.0,0.601,5.1171748298162605,4.162656928801331
JR,v0,1.0,0.602,4.900464633214089,4.121197972989306
JR,v0,1.0,0.603,4.695378375947996,4.081849173667134
JR,v0,1.0,0.604,4.503019753735003,4.044679460755948
JR,v0,1.0,0.605,4.324356136810138,4.009756641759186
JR,v0,1.0,0.606,4.160218569926393,3.977137946547133
JR,v0,1.0,0.607,4.011301772354766,3.946867430128475
JR,v0,1.0,0.608,3.878164137884248,3.918973635615168
JR,v0,1.0,0.609,3.7612277348218157,3.893471690902089
JR,v0,1.0,0.61,3.6607782893936864,3.8703686455502577
JR,v0,1.0,0.611,3.576877037163932,3.849678873139676
JR,v0,1.0,0.612,3.509311530759746,3.831419984440182
JR,v0,1.0,0.613,3.457688510858027,3.815586787406236
JR,v0,1.0,0.614,3.421400755439425,3.8021304150659256
JR,v0,1.0,0.615,3.3996270797883454,3.7909989440365552
JR,v0,1.0,0.616,3.3913275175361406,3.7821427288990326
JR,v0,1.0,0.617,3.3951802894124867,3.775478232520976
JR,v0,1.0,0.618,3.409653341440883,3.770915106675094
JR,v0,1.0,0.619,3.4330689363202147,3.768364020958126
JR,v0,1.0,0.62,3.4636022636402792,3.767718130047042
JR,v0,1.0,0.621,3.4992808836041256,3.7688745187333836
JR,v0,1.0,0.622,3.5378295167247202,3.7717297813309325
JR,v0,1.0,0.623,3.577291839383154,3.7761710041677774
JR,v0,1.0,0.624,3.616037633598804,3.782061568820907
JR,v0,1.0,0.625,3.6524881519364314,3.7892612789227194
JR,v0,1.0,0.626,3.6851161175061335,3.797641672131228
JR,v0,1.0,0.627,3.7124457239633877,3.807077248353715
JR,v0,1.0,0.628,3.7330526355090186,3.817445298850833
JR,v0,1.0,0.629,3.7456564868963724,3.8286136724685504
JR,v0,1.0,0.63,3.7500765599237447,3.840467399202379
JR,v0,1.0,0.631,3.7467489502748563,3.852893459872208
JR,v0,1.0,0.632,3.7360335616721265,3.865774877020337
JR,v0,1.0,0.633,3.7182041191266606,3.8789913974462866
JR,v0,1.0,0.634,3.693448168938234,3.892431442507928
JR,v0,1.0,0.635,3.6618670786952805,3.9059917943058506
JR,v0,1.0,0.636,3.623726992595497,3.9195676616817523
JR,v0,1.0,0.637,3.5802259127899383,3.9330558568521976
JR,v0,1.0,0.638,3.5324595547113997,3.9463550039521977
JR,v0,1.0,0.639,3.481316941063417,3.9593703428048115
JR,v0,1.0,0.64,3.427492342977903,3.9720123864943173
JR,v0,1.0,0.641,3.371485280015131,3.984197433644516
JR,v0,1.0,0.642,3.313600520163746,3.995840224875394
JR,v0,1.0,0.643,3.254216847075927,4.006850648026845
JR,v0,1.0,0.644,3.194063827236061,4.017129180206219
JR,v0,1.0,0.645,3.1336355059536665,4.026583347730647
JR,v0,1.0,0.646,3.0733175396888157,4.035136519869821
JR,v0,1.0,0.647,3.013389187203602,4.042706033408599
JR,v0,1.0,0.648,2.9540233095621247,4.049218121324962
JR,v0,1.0,0.649,2.895286370130494,4.054608892836795
JR,v0,1.0,0.65,2.8371384345768274,4.058812328198879
JR,v0,1.0,0.651,2.7795949381014076,4.061772384589234
JR,v0,1.0,0.652,2.7229508500404815,4.0634499630176135
JR,v0,1.0,0.653,2.6671100319761045,4.06380808849545
JR,v0,1.0,0.654,2.6119835997184584,4.062840771586249
JR,v0,1.0,0.655,2.557519982496858,4.060561606881795
JR,v0,1.0,0.656,2.5037049229597574,4.05698120565199
JR,v0,1.0,0.657,2.45056147717475,4.052106121640074
JR,v0,1.0,0.658,2.3981500146285644,4.045946317843918
JR,v0,1.0,0.659,2.3465682182270697,4.038532971349037
JR,v0,1.0,0.66,2.2959514370083767,4.029921009535766
JR,v0,1.0,0.661,2.246239669014054,4.020194396696932
JR,v0,1.0,0.662,2.197254888658591,4.009440823367106
JR,v0,1.0,0.663,2.1488812481716675,3.997738935078477
JR,v0,1.0,0.664,2.1010666022723807,3.9851640582764385
JR,v0,1.0,0.665,2.053822508169267,3.971792529437514
JR,v0,1.0,0.666,2.007224225560286,3.95770075516316
JR,v0,1.0,0.667,1.9614107166328267,3.942981929001222
JR,v0,1.0,0.668,1.9165846460637095,3.9277377913695055
JR,v0,1.0,0.669,1.8730123810191817,3.9120566836238635
JR,v0,1.0,0.67,1.8308800161096777,3.8960217018955756
JR,v0,1.0,0.671,1.78997942768164,3.879714427556395
JR,v0,1.0,0.672,1.7502358566277696,3.8632225037816035
JR,v0,1.0,0.673,1.7116203278185687,3.846629572276815
JR,v0,1.0,0.674,1.6741398735816828,3.8300272556926056
JR,v0,1.0,0.675,1.6378375337019184,3.8135181151610635
JR,v0,1.0,0.676,1.6027923554212276,3.7971949063655757
JR,v0,1.0,0.677,1.5691193934387169,3.781129798858148
JR,v0,1.0,0.678,1.5369697099106432,3.7653852074462186
JR,v0,1.0,0.679,1.5065287947060728,3.7500244442977286
JR,v0,1.0,0.68,1.4778145097285078,3.7351151756142422
JR,v0,1.0,0.681,1.45070160414084,3.720728406204785
JR,v0,1.0,0.682,1.4251312527302247,3.706934396270906
JR,v0,1.0,0.683,1.4010669176173867,3.6938022534241775
JR,v0,1.0,0.684,1.3784943482566403,3.6813972107524506
JR,v0,1.0,0.685,1.357421581435874,3.669774307986265
JR,v0,1.0,0.686,1.3378789412765526,3.6589805699484477
JR,v0,1.0,0.687,1.319919039233726,3.64904653097028
JR,v0,1.0,0.6880000000000001,1.3036167740960192,3.6400010159719254
JR,v0,1.0,0.6890000000000001,1.2890439238215388,3.6318730594442785
JR,v0,1.0,0.6900000000000001,1.2761005421461764,3.6246905309627304
JR,v0,1.0,0.6910000000000001,1.2646840582244367,3.6184797910869024
JR,v0,1.0,0.6920000000000001,1.2547174228459301,3.6132643637832587
JR,v0,1.0,0.6930000000000001,1.2461394342475192,3.60906804692776
JR,v0,1.0,0.6940000000000001,1.2389047381133187,3.6059098754686647
JR,v0,1.0,0.6950000000000001,1.2329838275746994,3.603795345932808
JR,v0,1.0,0.6960000000000001,1.2283630432102877,3.6027231442515575
JR,v0,1.0,0.6970000000000001,1.2250445730459605,3.6026878830718734
JR,v0,1.0,0.6980000000000001,1.2230464525548497,3.6036871829657935
JR,v0,1.0,0.6990000000000001,1.2223813159694865,3.6057171519666738
JR,v0,1.0,0.7000000000000001,1.2229395643850198,3.608771889325472
JR,v0,1.0,0.7010000000000001,1.2246248839514005,3.612850144112307
JR,v0,1.0,0.7020000000000001,1.2273590137318484,3.6179483149758256
JR,v0,1.0,0.7030000000000001,1.2310743816147873,3.6240630014630155
JR,v0,1.0,0.704,1.2357141043138533,3.631194610962753
JR,v0,1.0,0.705,1.2412319873678888,3.639334518047345
JR,v0,1.0,0.706,1.2475925251409432,3.6484685079205055
JR,v0,1.0,0.707,1.254770900822276,3.658579435697911
JR,v0,1.0,0.708,1.2627529864263538,3.669648801595788
JR,v0,1.0,0.709,1.2715353427928493,3.6816605686738093
JR,v0,1.0,0.71,1.2810791478360608,3.6945989294276167
JR,v0,1.0,0.711,1.2912899594301113,3.7084471226561293
JR,v0,1.0,0.712,1.3021049124422044,3.7231831032422327
JR,v0,1.0,0.713,1.3134675547004004,3.7387839770185245
JR,v0,1.0,0.714,1.3253277397528436,3.7552260643249635
JR,v0,1.0,0.715,1.33764162686776,3.772484693816974
JR,v0,1.0,0.716,1.3503716810334545,3.7905311402964155
JR,v0,1.0,0.717,1.3634866729583193,3.8093303452557365
JR,v0,1.0,0.718,1.3769616790708241,3.828844571992408
JR,v0,1.0,0.719,1.3907780815195219,3.849029435871366
JR,v0,1.0,0.72,1.40492356817305,3.8698356803610454
JR,v0,1.0,0.721,1.4193888289270822,3.89121930578023
JR,v0,1.0,0.722,1.4341204944255734,3.9131367876998855
JR,v0,1.0,0.723,1.449072152427318,3.9355397435564874
JR,v0,1.0,0.724,1.4642097919732642,3.9583742348173767
JR,v0,1.0,0.725,1.4795025273412614,3.9815806360878683
JR,v0,1.0,0.726,1.4949225980460579,4.005095072288759
JR,v0,1.0,0.727,1.5104453688393011,4.028850903845801
JR,v0,1.0,0.728,1.526049329709536,4.052780899111299
JR,v0,1.0,0.729,1.5417160958822076,4.076817503604008
JR,v0,1.0,0.73,1.5574304078196577,4.100886724831131
JR,v0,1.0,0.731,1.5731801312211302,4.12491545814739
JR,v0,1.0,0.732,1.5889562570227662,4.148822860779036
JR,v0,1.0,0.733,1.6047529013976032,4.172526942204706
JR,v0,1.0,0.734,1.620565429855609,4.1959477611083535
JR,v0,1.0,0.735,1.6363655765934992,4.218999151622986
JR,v0,1.0,0.736,1.6521316632561351,4.24159489310188
JR,v0,1.0,0.737,1.6678490743823353,4.263646872704601
JR,v0,1.0,0.738,1.6835048084454054,4.285068025990361
JR,v0,1.0,0.739,1.6990874778531393,4.305774185117292
JR,v0,1.0,0.74,1.7145873089478196,4.32568166664799
JR,v0,1.0,0.741,1.7299961420062204,4.3447142198161
JR,v0,1.0,0.742,1.7453074312395995,4.362801828450698
JR,v0,1.0,0.743,1.760516244793708,4.379878291721658
JR,v0,1.0,0.744,1.775619264748784,4.3958856230025285
JR,v0,1.0,0.745,1.7906147871195528,4.410771910003422
JR,v0,1.0,0.746,1.80550272185523,4.424486942212356
JR,v0,1.0,0.747,1.8202845928395215,4.436992052298003
JR,v0,1.0,0.748,1.8349592926371239,4.448261019067684
JR,v0,1.0,0.749,1.8495105076249452,4.458275694315405
JR,v0,1.0,0.75,1.863931706430011,4.467032593257959
JR,v0,1.0,0.751,1.8782187474800272,4.474537253615618
JR,v0,1.0,0.752,1.8923685797039784,4.480799758108529
JR,v0,1.0,0.753,1.9063792425321227,4.4858350103101206
JR,v0,1.0,0.754,1.9202498658959937,4.489664332278206
JR,v0,1.0,0.755,1.9339806702284008,4.4923148467552645
JR,v0,1.0,0.756,1.9475729664634294,4.493827650676886
JR,v0,1.0,0.757,1.9610291560364406,4.49424926576515
JR,v0,1.0,0.758,1.974352730884069,4.4936306635217695
JR,v0,1.0,0.759,1.9875468306825343,4.492028700111269
JR,v0,1.0,0.76,2.000608049940085,4.489501707152321
JR,v0,1.0,0.761,2.0135329398129906,4.486109423326579
JR,v0,1.0,0.762,2.026319345749261,4.481912602065767
JR,v0,1.0,0.763,2.0389662942684743,4.476978940483576
JR,v0,1.0,0.764,2.051473992961785,4.471379985486527
JR,v0,1.0,0.765,2.063843830491917,4.465188770564216
JR,v0,1.0,0.766,2.07607837659317,4.458477819747314
JR,v0,1.0,0.767,2.088181382071412,4.451320268117078
JR,v0,1.0,0.768,2.1001577788040873,4.443790140844863
JR,v0,1.0,0.769,2.1120136797402105,4.435960776439155
JR,v0,1.0,0.77,2.1237548841683855,4.427907475045137
JR,v0,1.0,0.771,2.1353791048178885,4.419705256700155
JR,v0,1.0,0.772,2.1468821082513103,4.411428311461033
JR,v0,1.0,0.773,2.1582611990502145,4.403151951555821
JR,v0,1.0,0.774,2.1695152147040706,4.394948741894218
JR,v0,1.0,0.775,2.1806445256102522,4.386891553492974
JR,v0,1.0,0.776,2.191651035074038,4.379055727967733
JR,v0,1.0,0.777,2.202538179308611,4.371514880732506
JR,v0,1.0,0.778,2.2133109274350593,4.364338562822251
JR,v0,1.0,0.779,2.2239757814823737,4.357595703043405
JR,v0,1.0,0.78,2.234540776387451,4.351358222792169
JR,v0,1.0,0.781,2.2450152895681965,4.345696930732415
JR,v0,1.0,0.782,2.255400034342508,4.340681123326366
JR,v0,1.0,0.783,2.265688507100352,4.336376293395532
JR,v0,1.0,0.784,2.2758767825524036,4.33284338745723
JR,v0,1.0,0.785,2.2859626154802997,4.330140505794277
JR,v0,1.0,0.786,2.2959454407366353,4.328325012050668
JR,v0,1.0,0.787,2.3058263732449698,4.327453685537332
JR,v0,1.0,0.788,2.3156082079998193,4.327581982892608
JR,v0,1.0,0.789,2.3252954200666647,4.328762283689188
JR,v0,1.0,0.79,2.3348941645819434,4.33104076660711
JR,v0,1.0,0.791,2.344412276753057,4.334456193702785
JR,v0,1.0,0.792,2.353859271858367,4.33904447776859
JR,v0,1.0,0.793,2.3632436170964195,4.344841073632525
JR,v0,1.0,0.794,2.3725592386325065,4.351871707329236
JR,v0,1.0,0.795,2.3818005661575534,4.360152570392301
JR,v0,1.0,0.796,2.3909642636910413,4.369698411227933
JR,v0,1.0,0.797,2.400048691454088,4.380525867617639
JR,v0,1.0,0.798,2.4090539058694524,4.392649192488174
JR,v0,1.0,0.799,2.4179816595615327,4.406076381242356
JR,v0,1.0,0.8,2.4268354013563678,4.420808701816251
JR,v0,1.0,0.801,2.4356202762816332,4.436844211821726
JR,v0,1.0,0.802,2.4443431255666472,4.454178459377935
JR,v0,1.0,0.803,2.4530124866423657,4.47279985812004
JR,v0,1.0,0.804,2.4616385867485353,4.4926890633371865
JR,v0,1.0,0.805,2.470224303637525,4.513829622042818
JR,v0,1.0,0.806,2.4787617360779266,4.536201880296677
JR,v0,1.0,0.807,2.4872464138542782,4.559784556695991
JR,v0,1.0,0.808,2.495675555478857,4.584556820971955
JR,v0,1.0,0.809,2.50404806819168,4.6104957988393345
JR,v0,1.0,0.81,2.512364547960508,4.6375714503446295
JR,v0,1.0,0.811,2.520627279480842,4.665757036873512
JR,v0,1.0,0.812,2.528840236175926,4.695028497977708
JR,v0,1.0,0.8130000000000001,2.5370090801967433,4.725351690738474
JR,v0,1.0,0.8140000000000001,2.5451411624220204,4.756705634517269
JR,v0,1.0,0.8150000000000001,2.5532455224582242,4.789070504523779
JR,v0,1.0,0.8160000000000001,2.561332165409453,4.822427751980328
JR,v0,1.0,0.8170000000000001,2.5693983840201975,4.856762246676862
JR,v0,1.0,0.8180000000000001,2.577437181537432,4.8920631104908185
JR,v0,1.0,0.8190000000000001,2.585444602044783,4.928307789937312
JR,v0,1.0,0.8200000000000001,2.5934183580167423,4.965487734035633
JR,v0,1.0,0.8210000000000001,2.6013578303186686,5.003594898993584
JR,v0,1.0,0.8220000000000001,2.609264068206788,5.04261360515191
JR,v0,1.0,0.8230000000000001,2.6171397893281907,5.082526265406032
JR,v0,1.0,0.8240000000000001,2.6249893797208355,5.1233157360872505
JR,v0,1.0,0.8250000000000001,2.632818893813545,5.164960071625478
JR,v0,1.0,0.8260000000000001,2.640636054426009,5.207436993220996
JR,v0,1.0,0.8270000000000001,2.648450252768785,5.250712819753074
JR,v0,1.0,0.8280000000000001,2.6562702756172247,5.294731854492616
JR,v0,1.0,0.8290000000000001,2.664090206419469,5.3394204730315025
JR,v0,1.0,0.8300000000000001,2.6719041470981018,5.3847120311143195
JR,v0,1.0,0.8310000000000001,2.67970860870589,5.4305265941439815
JR,v0,1.0,0.8320000000000001,2.687501768284725,5.476783057057179
JR,v0,1.0,0.833,2.695283468865623,5.523388036230915
JR,v0,1.0,0.834,2.7030552194687316,5.570227114884102
JR,v0,1.0,0.835,2.7108201951033206,5.617177645406909
JR,v0,1.0,0.836,2.7185832367677873,5.6640910602276735
JR,v0,1.0,0.837,2.726350851449657,5.710805028177646
JR,v0,1.0,0.838,2.7341312121255794,5.757142042753585
JR,v0,1.0,0.839,2.741934157761332,5.802917607572729
JR,v0,1.0,0.84,2.749766857534412,5.847958103899613
JR,v0,1.0,0.841,2.7576219097795973,5.892093332806533
JR,v0,1.0,0.842,2.765494291763883,5.935135292911391
JR,v0,1.0,0.843,2.7733809660784825,5.976895875932777
JR,v0,1.0,0.844,2.781280609081685,6.01717964837053
JR,v0,1.0,0.845,2.789193610898853,6.055778042068304
JR,v0,1.0,0.846,2.797122075422425,6.092492030423265
JR,v0,1.0,0.847,2.805069820311913,6.12714368465009
JR,v0,1.0,0.848,2.813042376993905,6.1595682185444165
JR,v0,1.0,0.849,2.821046990662061,6.1896193996601285
JR,v0,1.0,0.85,2.8290926202771205,6.217161636066495
JR,v0,1.0,0.851,2.8371899385668926,6.24207116660191
JR,v0,1.0,0.852,2.8453442096430104,6.264247371670555
JR,v0,1.0,0.853,2.85354766548489,6.283596593864605
JR,v0,1.0,0.854,2.8617958793044815,6.300040123409278
JR,v0,1.0,0.855,2.8700863000881385,6.313524662206217
JR,v0,1.0,0.856,2.878418230795866,6.324029205379788
JR,v0,1.0,0.857,2.8867928283613127,6.33155343032769
JR,v0,1.0,0.858,2.89521310369178,6.336104911645731
JR,v0,1.0,0.859,2.903683921668215,6.337696007654164
JR,v0,1.0,0.86,2.912212001145213,6.336369168975542
JR,v0,1.0,0.861,2.920805914951019,6.33218284241853
JR,v0,1.0,0.862,2.929476089887525,6.3252045843593825
JR,v0,1.0,0.863,2.9382347264832704,6.315525899851327
JR,v0,1.0,0.864,2.9470847614128655,6.303267634089658
JR,v0,1.0,0.865,2.9560187737649892,6.288559348303866
JR,v0,1.0,0.866,2.9650327537411942,6.2715406364946125
JR,v0,1.0,0.867,2.974124828876564,6.2523514622204335
JR,v0,1.0,0.868,2.9832952640397123,6.231143059683892
JR,v0,1.0,0.869,2.9925464614327844,6.208091285155417
JR,v0,1.0,0.87,3.001882960591458,6.183391769492688
JR,v0,1.0,0.871,3.0113114383849386,6.157255046887356
JR,v0,1.0,0.872,3.0208407090159666,6.129900654738942
JR,v0,1.0,0.873,3.0304817240208095,6.101551175543097
JR,v0,1.0,0.874,3.040247572269268,6.072427141342163
JR,v0,1.0,0.875,3.0501526557363197,6.042748801314201
JR,v0,1.0,0.876,3.0601969770025716,6.012744607630623
JR,v0,1.0,0.877,3.0703737285204524,5.982650381841742
JR,v0,1.0,0.878,3.080679671019223,5.952699796333189
JR,v0,1.0,0.879,3.0911142091946977,5.923121738619716
JR,v0,1.0,0.88,3.1016793917092556,5.894139380382282
JR,v0,1.0,0.881,3.112379911191829,5.865964537581468
JR,v0,1.0,0.882,3.123223104237911,5.838774136077929
JR,v0,1.0,0.883,3.1342189514095526,5.812741158328217
JR,v0,1.0,0.884,3.1453800772353624,5.788032998477101
JR,v0,1.0,0.885,3.15672175021051,5.764807535525731
JR,v0,1.0,0.886,3.1682618827967213,5.743216236120894
JR,v0,1.0,0.887,3.180016752196096,5.7233774244755224
JR,v0,1.0,0.888,3.191982023255409,5.705388315317199
JR,v0,1.0,0.889,3.2041525028254356,5.689319108918564
JR,v0,1.0,0.89,3.216526861899472,5.675206431448145
JR,v0,1.0,0.891,3.2291073103734362,5.663032224630915
JR,v0,1.0,0.892,3.241899597045867,5.652754424435594
JR,v0,1.0,0.893,3.2549130096179253,5.644355003634535
JR,v0,1.0,0.894,3.2681603746933923,5.637808154270724
JR,v0,1.0,0.895,3.281658057778673,5.6330660490501865
JR,v0,1.0,0.896,3.295425963282793,5.630032578431967
JR,v0,1.0,0.897,3.3094875345173973,5.62857650922906
JR,v0,1.0,0.898,3.323869437576065,5.628533633025487
JR,v0,1.0,0.899,3.3385829882778335,5.629722529443914
JR,v0,1.0,0.9,3.3536216918864423,5.631977643233966
JR,v0,1.0,0.901,3.3689840401115405,5.635145953234014
JR,v0,1.0,0.902,3.3846736943939493,5.639055286621045
JR,v0,1.0,0.903,3.400699485905669,5.643508970012927
JR,v0,1.0,0.904,3.4170754155498697,5.648287860491068
JR,v0,1.0,0.905,3.4338206539609004,5.653152628582737
JR,v0,1.0,0.906,3.4509595415042846,5.6578575516140015
JR,v0,1.0,0.907,3.4685215882767193,5.662196140268881
JR,v0,1.0,0.908,3.4865414741060774,5.6659908584505665
JR,v0,1.0,0.909,3.505059048551406,5.669063108497515
JR,v0,1.0,0.91,3.5241050263003393,5.671239544228774
JR,v0,1.0,0.911,3.5436769261475245,5.672349053156717
JR,v0,1.0,0.912,3.5637752323983602,5.672227357379334
JR,v0,1.0,0.913,3.5844087199337067,5.670736461795082
JR,v0,1.0,0.914,3.6055944535419386,5.667795050476309
JR,v0,1.0,0.915,3.627357787918952,5.663354649042559
JR,v0,1.0,0.916,3.649732367668158,5.657355009366296
JR,v0,1.0,0.917,3.672760127300487,5.649745928394985
JR,v0,1.0,0.918,3.6964912912343872,5.640501747682877
JR,v0,1.0,0.919,3.7209843737958255,5.629622201164949
JR,v0,1.0,0.92,3.7463061397670208,5.617160041464149
JR,v0,1.0,0.921,3.7725080309336017,5.603219755120758
JR,v0,1.0,0.922,3.7995944806354673,5.5879073489505595
JR,v0,1.0,0.923,3.8275760134239256,5.571297790354512
JR,v0,1.0,0.924,3.8564777023870027,5.553434248002271
JR,v0,1.0,0.925,3.886339169149444,5.534374767609112
JR,v0,1.0,0.926,3.9172145838727115,5.514213844546894
JR,v0,1.0,0.927,3.9491726652549857,5.493097818864291
JR,v0,1.0,0.928,3.9822966805311646,5.471171825397538
JR,v0,1.0,0.929,4.0166844454728645,5.4485685696555155
JR,v0,1.0,0.93,4.052448324388418,5.425414381300897
JR,v0,1.0,0.931,4.0897095434432735,5.401828674356112
JR,v0,1.0,0.932,4.128526040219419,5.377923159449161
JR,v0,1.0,0.933,4.168921408409645,5.353801944776509
JR,v0,1.0,0.934,4.21094490310469,5.329599151374563
JR,v0,1.0,0.935,4.2546727919982175,5.305438022743998
JR,v0,1.0,0.936,4.300208355386814,5.2814381834926705
JR,v0,1.0,0.937,4.347681886169995,5.257727616024666
JR,v0,1.0,0.9380000000000001,4.39725068985019,5.234451140705663
JR,v0,1.0,0.9390000000000001,4.449099084532765,5.2117441829428195
JR,v0,1.0,0.9400000000000001,4.503438400926003,5.189714659545145
JR,v0,1.0,0.9410000000000001,4.5604973983695345,5.16844586208392
JR,v0,1.0,0.9420000000000001,4.620406482005593,5.148035011917588
JR,v0,1.0,0.9430000000000001,4.683251497373909,5.128565578737923
JR,v0,1.0,0.9440000000000001,4.749162137742685,5.1101138148729435
JR,v0,1.0,0.9450000000000001,4.8183129264228395,5.092743136634292
JR,v0,1.0,0.9460000000000001,4.890923216768007,5.076508280886159
JR,v0,1.0,0.9470000000000001,4.967257192174534,5.061449693238388
JR,v0,1.0,0.9480000000000001,5.047623866081482,5.047581647677094
JR,v0,1.0,0.9490000000000001,5.132377081970628,5.03489429899095
JR,v0,1.0,0.9500000000000001,5.221915513366466,5.023382014655876
JR,v0,1.0,0.9510000000000001,5.316536833977997,5.013049409135583
JR,v0,1.0,0.9520000000000001,5.416431310915185,5.003891817863169
JR,v0,1.0,0.9530000000000001,5.521920604809751,4.995846114939038
JR,v0,1.0,0.9540000000000001,5.633331897548061,4.988841337618947
JR,v0,1.0,0.9550000000000001,5.750997394644992,4.98281069197794
JR,v0,1.0,0.9560000000000001,5.875254325243945,4.977687561025569
JR,v0,1.0,0.9570000000000001,6.006444942116833,4.973407022786324
JR,v0,1.0,0.9580000000000001,6.144916521664089,4.969923474417869
JR,v0,1.0,0.9590000000000001,6.2910213639146635,4.967193232538655
JR,v0,1.0,0.96,6.445004857476899,4.965153020438579
JR,v0,1.0,0.961,6.606729731534431,4.9637318264850885
JR,v0,1.0,0.962,6.776543056471989,4.962842435963511
JR,v0,1.0,0.963,6.954637143654521,4.962389413115581
JR,v0,1.0,0.964,7.1409544013467405,4.962296073211943
JR,v0,1.0,0.965,7.33518733471312,4.962497877568122
JR,v0,1.0,0.966,7.536778545817896,4.9629408888982605
JR,v0,1.0,0.967,7.744920733625062,4.963587694026628
JR,v0,1.0,0.968,7.958556693998375,4.964400740117627
JR,v0,1.0,0.969,8.176425700506758,4.9653359496145795
JR,v0,1.0,0.97,8.397393524233241,4.966339399932684
JR,v0,1.0,0.971,8.620276121715065,4.9673634769453
JR,v0,1.0,0.972,8.843720013702367,4.968355807381385
JR,v0,1.0,0.973,9.066205783068897,4.969267464763484
JR,v0,1.0,0.974,9.286048074812033,4.970059094605022
JR,v0,1.0,0.975,9.501395596052777,4.970687876431137
JR,v0,1.0,0.976,9.710231116035747,4.97110069835557
JR,v0,1.0,0.977,9.910371466129188,4.971251510494611
JR,v0,1.0,0.978,10.099697270259586,4.971108528111929
JR,v0,1.0,0.979,10.277004230826599,4.9706421030998325
JR,v0,1.0,0.98,10.441187120446607,4.969829622625363
JR,v0,1.0,0.981,10.591166018454881,4.9686547373623196
JR,v0,1.0,0.982,10.725900606258335,4.967090155525414
JR,v0,1.0,0.983,10.844390167335503,4.965107451658108
JR,v0,1.0,0.984,10.945673587236556,4.9626827086397425
JR,v0,1.0,0.985,11.02882935358329,4.95979237049598
JR,v0,1.0,0.986,11.092983864934311,4.956426122395569
JR,v0,1.0,0.987,11.137799634465878,4.952606137300459
JR,v0,1.0,0.988,11.163407056862583,4.948361601848408
JR,v0,1.0,0.989,11.169920077010845,4.943722291740581
JR,v0,1.0,0.99,11.15748690391813,4.938712630687782
JR,v0,1.0,0.991,11.126290010712937,4.933363442312892
JR,v0,1.0,0.992,11.076546134644822,4.927715435450946
JR,v0,1.0,0.993,11.00850627708436,4.92181351215344
JR,v0,1.0,0.994,10.92245572747124,4.915683872879137
JR,v0,1.0,0.995,10.818860350215642,4.909352003229039
JR,v0,1.0,0.996,10.698528956700411,4.9028578740733115
JR,v0,1.0,0.997,10.562290122561075,4.896231072456404
JR,v0,1.0,0.998,10.41096718080165,4.889516771184801
JR,v0,1.0,0.999,10.245378221794649,4.88275114401004
JR,v0,1.0,1.0,10.066336093281066,4.875969601863188
JR,v0,1.0,1.0010000000000001,9.874648400370381,4.86921293654824
JR,v0,1.0,1.002,9.671117505540634,4.862522648761751
JR,v0,1.0,1.0030000000000001,9.45655621114159,4.855922792075561
JR,v0,1.0,1.004,9.232056506828998,4.849431030203122
JR,v0,1.0,1.0050000000000001,8.998682264138283,4.843049192620387
JR,v0,1.0,1.006,8.757453724395612,4.836768582137971
JR,v0,1.0,1.0070000000000001,8.509416922630512,4.8305746625684325
JR,v0,1.0,1.008,8.255643687576299,4.824458743362255
JR,v0,1.0,1.0090000000000001,7.997231641669654,4.8184179820668485
JR,v0,1.0,1.01,7.735304201051051,4.81243739733161
JR,v0,1.0,1.0110000000000001,7.471010575564309,4.806501044668844
JR,v0,1.0,1.012,7.2055661025278095,4.800587890074039
JR,v0,1.0,1.0130000000000001,6.9402449493050895,4.794672740391203
JR,v0,1.0,1.014,6.676171549949029,4.788723378909922
JR,v0,1.0,1.0150000000000001,6.41451081640159,4.782703203703011
JR,v0,1.0,1.016,6.15648162241793,4.7765648503620195
JR,v0,1.0,1.0170000000000001,5.903356803565938,4.770261556499786
JR,v0,1.0,1.018,5.656463157226684,4.763769183486916
JR,v0,1.0,1.0190000000000001,5.417181442593975,4.757076849785455
JR,v0,1.0,1.02,5.1869462705283365,4.750172007746944
JR,v0,1.0,1.0210000000000001,4.966896852400723,4.743011983360116
JR,v0,1.0,1.022,4.758062273438043,4.735541968686054
JR,v0,1.0,1.0230000000000001,4.5616111617011335,4.727709945968614
JR,v0,1.0,1.024,4.3785695247796,4.719474885731299
JR,v0,1.0,1.025,4.209820749791454,4.710802443073928
JR,v0,1.0,1.026,4.056105603383315,4.701669187668731
JR,v0,1.0,1.027,3.918022231730454,4.692061717428633
JR,v0,1.0,1.028,3.796026160536581,4.681952353638758
JR,v0,1.0,1.029,3.6904302950340977,4.671304075098712
JR,v0,1.0,1.03,3.601391283712644,4.660100858302001
JR,v0,1.0,1.031,3.5287797836440262,4.648330159093115
JR,v0,1.0,1.032,3.4722548240331754,4.635981887595744
JR,v0,1.0,1.033,3.4312724990864254,4.623035495378325
JR,v0,1.0,1.034,3.4050758101869256,4.609465009077439
JR,v0,1.0,1.035,3.3926946658947017,4.595246138842199
JR,v0,1.0,1.036,3.392920637890306,4.580374312369731
JR,v0,1.0,1.037,3.4042627019582525,4.56486944011316
JR,v0,1.0,1.038,3.4250780640461365,4.548747435529091
JR,v0,1.0,1.039,3.4535892811958355,4.532027707863083
JR,v0,1.0,1.04,3.487883754848248,4.514731498490634
JR,v0,1.0,1.041,3.525878839047447,4.496873562503305
JR,v0,1.0,1.042,3.5652390936378424,4.478479472761359
JR,v0,1.0,1.043,3.6042658727383454,4.4595913949463855
JR,v0,1.0,1.044,3.641443783888281,4.440265470783084
JR,v0,1.0,1.045,3.6753055544548303,4.420557022895822
JR,v0,1.0,1.046,3.7044320316331003,4.400526194739065
JR,v0,1.0,1.047,3.7274521824460614,4.380224263365187
JR,v0,1.0,1.048,3.743043093744607,4.359699061997515
JR,v0,1.0,1.049,3.750204261362409,4.339005528298847
JR,v0,1.0,1.05,3.7491918954267938,4.318209857601113
JR,v0,1.0,1.051,3.7405336520925303,4.297387658125018
JR,v0,1.0,1.052,3.724661028745267,4.2766275428546825
JR,v0,1.0,1.053,3.701909429998688,4.256002109590255
JR,v0,1.0,1.054,3.6725181676944665,4.235563143780361
JR,v0,1.0,1.055,3.6366305991890275,4.215369550499197
JR,v0,1.0,1.056,3.594776412268521,4.195490952810317
JR,v0,1.0,1.057,3.548194178192338,4.1760099973629785
JR,v0,1.0,1.058,3.497905992416907,4.157014940588222
JR,v0,1.0,1.059,3.4447378541529687,4.138595361643504
JR,v0,1.0,1.06,3.3893196663655125,4.120824715978632
JR,v0,1.0,1.061,3.3320852357738495,4.103746601996474
JR,v0,1.0,1.062,3.2732750479804036,4.087398393401877
JR,v0,1.0,1.063,3.2133647072557174,4.07181005823658
JR,v0,1.0,1.064,3.152994358035908,4.0570111226796755
JR,v0,1.0,1.065,3.092581521373983,4.043046428667794
JR,v0,1.0,1.066,3.032449104512043,4.029951872844434
JR,v0,1.0,1.067,2.972825400881387,4.017742334540605
JR,v0,1.0,1.068,2.9138440901023994,4.0064226817744695
JR,v0,1.0,1.069,2.8555442379846667,3.9960020277713335
JR,v0,1.0,1.07,2.797870296526863,3.98648526764646
JR,v0,1.0,1.071,2.7408954845282185,3.9778626071597074
JR,v0,1.0,1.072,2.684836777286783,3.9701211914747807
JR,v0,1.0,1.073,2.629564724466899,3.9632437638922355
JR,v0,1.0,1.074,2.574984225611024,3.9572108378070907
JR,v0,1.0,1.075,2.521042250174389,3.9520089309183635
JR,v0,1.0,1.076,2.467727837524917,3.947623676912032
JR,v0,1.0,1.077,2.4150720969432964,3.9440351054331932
JR,v0,1.0,1.078,2.363148207622915,3.9412143474661705
JR,v0,1.0,1.079,2.312071418669923,3.9391336271602557
JR,v0,1.0,1.08,2.2619767764480034,3.937754259735836
JR,v0,1.0,1.081,2.212774381847849,3.9370361501546864
JR,v0,1.0,1.082,2.164298650641408,3.9369497800753073
JR,v0,1.0,1.083,2.116445828425908,3.937469405016143
JR,v0,1.0,1.084,2.0691742788294505,3.9385600339547353
JR,v0,1.0,1.085,2.022504483511103,3.940177720440525
JR,v0,1.0,1.086,1.976519042160806,3.9422843881489036
JR,v0,1.0,1.087,1.931362672499466,3.9448412173024354
JR,v0,1.0,1.088,1.8872422102788615,3.94781757286039
JR,v0,1.0,1.089,1.8444266092817347,3.951191843621581
JR,v0,1.0,1.09,1.8030714924894955,3.954953518116653
JR,v0,1.0,1.091,1.7629684821289633,3.959094435772042
JR,v0,1.0,1.092,1.724052809737712,3.96360078880432
JR,v0,1.0,1.093,1.6862992587385914,3.9684597705765503
JR,v0,1.0,1.094,1.6497173549415933,3.9736597846643504
JR,v0,1.0,1.095,1.614351366543909,3.9791901967763645
JR,v0,1.0,1.096,1.5802803041298734,3.9850562444182134
JR,v0,1.0,1.097,1.5476179206710219,3.991277735439254
JR,v0,1.0,1.098,1.5165127115260306,3.99786682799335
JR,v0,1.0,1.099,1.487142847123736,4.004821471512657
JR,v0,1.0,1.1,1.4594956746103493,4.012135408040619
JR,v0,1.0,1.101,1.4334542308160705,4.019804719186713
JR,v0,1.0,1.102,1.4089598724592873,4.027819704508367
JR,v0,1.0,1.103,1.385975736727528,4.036182259675078
JR,v0,1.0,1.104,1.3644867412774193,4.044900270098126
JR,v0,1.0,1.105,1.3444995842347156,4.0539753816507345
JR,v0,1.0,1.106,1.3260427441942788,4.063394708093216
JR,v0,1.0,1.107,1.3091664802200969,4.073140258044783
JR,v0,1.0,1.108,1.2939428318452606,4.083188889935914
JR,v0,1.0,1.109,1.2804319245199371,4.093512651138867
JR,v0,1.0,1.11,1.2685230405942347,4.104082632150049
JR,v0,1.0,1.111,1.25811701563571,4.114876072335716
JR,v0,1.0,1.112,1.2491371234303106,4.125862670365333
JR,v0,1.0,1.113,1.241522141680039,4.13701321491206
JR,v0,1.0,1.114,1.2352263520029378,4.148298483792537
JR,v0,1.0,1.115,1.2302195399331017,4.15968652619619
JR,v0,1.0,1.116,1.226486994920668,4.171133840815435
JR,v0,1.0,1.117,1.2240295103318202,4.182595534914452
JR,v0,1.0,1.118,1.2228633834487912,4.19403086879633
JR,v0,1.0,1.119,1.222995740310716,4.2054002910554145
JR,v0,1.0,1.12,1.2243141379282312,4.2166580758581755
JR,v0,1.0,1.121,1.226725178054875,4.227757871330797
JR,v0,1.0,1.122,1.2301518380183465,4.238657524450478
JR,v0,1.0,1.123,1.23452748449116,4.249318303953772
JR,v0,1.0,1.124,1.2397958734906567,4.2597049471447725
JR,v0,1.0,1.125,1.2459111503789932,4.269780945417902
JR,v0,1.0,1.1260000000000001,1.252837849863151,4.279508120996622
JR,v0,1.0,1.127,1.2605508959949274,4.288851650748111
JR,v0,1.0,1.1280000000000001,1.2690356021709492,4.297781273972567
JR,v0,1.0,1.129,1.2782876711326523,4.306270335504508
JR,v0,1.0,1.1300000000000001,1.2882688095847223,4.314290360393915
JR,v0,1.0,1.131,1.298886628517356,4.321817628974759
JR,v0,1.0,1.1320000000000001,1.3100799394020894,4.3288352449877445
JR,v0,1.0,1.133,1.3217937450071613,4.335333579606246
JR,v0,1.0,1.1340000000000001,1.333979115332304,4.341309469491947
JR,v0,1.0,1.135,1.3465931876087263,4.346760896488426
JR,v0,1.0,1.1360000000000001,1.3595991662991294,4.351689507937538
JR,v0,1.0,1.137,1.372966323097689,4.3560998217148255
JR,v0,1.0,1.1380000000000001,1.3866699969300713,4.359996913336406
JR,v0,1.0,1.139,1.4006915939534208,4.363391208306239
JR,v0,1.0,1.1400000000000001,1.415018587556374,4.366297425163916
JR,v0,1.0,1.141,1.4296426586758866,4.368736700229892
JR,v0,1.0,1.1420000000000001,1.4445154092393269,4.370735832007341
JR,v0,1.0,1.143,1.4595900186413475,4.372325228851275
JR,v0,1.0,1.1440000000000001,1.474833752243896,4.373539623869673
JR,v0,1.0,1.145,1.4902168540489873,4.374416343734951
JR,v0,1.0,1.1460000000000001,1.505712546698735,4.3749935624840735
JR,v0,1.0,1.147,1.5212970314753216,4.375312041602349
JR,v0,1.0,1.1480000000000001,1.536949488301028,4.375413055766481
JR,v0,1.0,1.149,1.5526520757382056,4.3753391523051315
JR,v0,1.0,1.1500000000000001,1.568389930989302,4.375133264326084
JR,v0,1.0,1.151,1.5841511698968356,4.374840534766759
JR,v0,1.0,1.1520000000000001,1.5999268869434227,4.374509056989624
JR,v0,1.0,1.153,1.615711155251749,4.374191337173854
JR,v0,1.0,1.154,1.6315005823748527,4.373942943881542
JR,v0,1.0,1.155,1.6472723616919067,4.3738191399485995
JR,v0,1.0,1.156,1.6630029271549418,4.373874296399522
JR,v0,1.0,1.157,1.67867813577329,4.374162503659389
JR,v0,1.0,1.158,1.694285430280094,4.374735218936451
JR,v0,1.0,1.159,1.7098138391323374,4.375642100894907
JR,v0,1.0,1.16,1.725253976510818,4.376929874625548
JR,v0,1.0,1.161,1.7405980423201695,4.378647606554509
JR,v0,1.0,1.162,1.7558398221888423,4.380846424999424
JR,v0,1.0,1.163,1.7709746874691241,4.3835778025327174
JR,v0,1.0,1.164,1.7859995952371168,4.3868940436710435
JR,v0,1.0,1.165,1.800913088292762,4.390849275829984
JR,v0,1.0,1.166,1.8157152951598121,4.395496447291101
JR,v0,1.0,1.167,1.830407930085863,4.400884482453726
JR,v0,1.0,1.168,1.844992246043395,4.407057680103676
JR,v0,1.0,1.169,1.8594534276558297,4.4140588471898985
JR,v0,1.0,1.17,1.873783514182982,4.421927465482263
JR,v0,1.0,1.171,1.8879783612737189,4.430702224008779
JR,v0,1.0,1.172,1.9020349372262197,4.440421060287918
JR,v0,1.0,1.173,1.9159513229879992,4.451124382276911
JR,v0,1.0,1.174,1.9297267121558845,4.462852841684503
JR,v0,1.0,1.175,1.9433614109760362,4.475649514716918
JR,v0,1.0,1.176,1.95685683834393,4.489552133448221
JR,v0,1.0,1.177,1.970215525804373,4.504585358982856
JR,v0,1.0,1.178,1.9834411175514886,4.5207811867587635
JR,v0,1.0,1.179,1.9965377483088997,4.538174818363488
JR,v0,1.0,1.18,2.009503309459177,4.556791984922748
JR,v0,1.0,1.181,2.0223339161641376,4.576650131143526
JR,v0,1.0,1.182,2.0350271551768717,4.5977657857423715
JR,v0,1.0,1.183,2.047581822292359,4.6201529796209915
JR,v0,1.0,1.184,2.059997922347439,4.6438231747843215
JR,v0,1.0,1.185,2.0722766692208396,4.668777647755673
JR,v0,1.0,1.186,2.0844204858331508,4.6950131926347085
JR,v0,1.0,1.187,2.0964330041468457,4.722533383686712
JR,v0,1.0,1.188,2.1083190651662664,4.751339452390584
JR,v0,1.0,1.189,2.120084718937634,4.781420666762148
JR,v0,1.0,1.19,2.1317366728571083,4.81275151151387
JR,v0,1.0,1.191,2.1432747091364366,4.8453005436797465
JR,v0,1.0,1.192,2.154694245994244,4.879028278388756
JR,v0,1.0,1.193,2.1659921674855194,4.913882022462566
JR,v0,1.0,1.194,2.1771669048183737,4.949804037555632
JR,v0,1.0,1.195,2.1882184363540627,4.986725749288021
JR,v0,1.0,1.196,2.1991482876069646,5.02460064995349
JR,v0,1.0,1.197,2.2099595312446008,5.063379976118252
JR,v0,1.0,1.198,2.220656787087617,5.102995611950682
JR,v0,1.0,1.199,2.2312462221097995,5.1433552095119035
JR,v0,1.0,1.2,2.241735550438062,5.184362730157726
JR,v0,1.0,1.201,2.252134033352459,5.22591815342651
JR,v0,1.0,1.202,2.2624463696698935,5.267902578074752
JR,v0,1.0,1.203,2.272665761100712,5.310183642257649
JR,v0,1.0,1.204,2.282787807655383,5.352645634548915
JR,v0,1.0,1.205,2.2928098059192354,5.3951704474973505
JR,v0,1.0,1.206,2.3027307375005677,5.437626418574232
JR,v0,1.0,1.207,2.3125512690306587,5.479867667659728
JR,v0,1.0,1.208,2.3222737521637504,5.521733641299745
JR,v0,1.0,1.209,2.3319022235770714,5.563061700515733
JR,v0,1.0,1.21,2.341442404970812,5.603684836550157
JR,v0,1.0,1.211,2.350901703068144,5.64342840018501
JR,v0,1.0,1.212,2.360289209615209,5.682123966194683
JR,v0,1.0,1.213,2.369614907987916,5.719620321496743
JR,v0,1.0,1.214,2.378876169038802,5.755755442255427
JR,v0,1.0,1.215,2.388066277585456,5.79035357197174
JR,v0,1.0,1.216,2.397181422705026,5.823238937985202
JR,v0,1.0,1.217,2.406219491865923,5.8542495167915805
JR,v0,1.0,1.218,2.4151800709278106,5.883246171061724
JR,v0,1.0,1.219,2.424064444141615,5.910089029988753
JR,v0,1.0,1.22,2.4328755941495146,5.934659379258078
JR,v0,1.0,1.221,2.4416182019849524,5.956858481081866
JR,v0,1.0,1.222,2.45029864707262,5.976594906138982
JR,v0,1.0,1.223,2.4589250072284767,5.993775754573895
JR,v0,1.0,1.224,2.4675070586597294,6.008313080399557
JR,v0,1.0,1.225,2.4760519179779608,6.0201371991951405
JR,v0,1.0,1.226,2.484552167803179,6.029225226847811
JR,v0,1.0,1.227,2.493002613460934,6.035570131301245
JR,v0,1.0,1.228,2.501400001025567,6.039183588235481
JR,v0,1.0,1.229,2.509742763412285,6.040099949784089
JR,v0,1.0,1.23,2.5180310203771517,6.038363587322106
JR,v0,1.0,1.231,2.5262665785170904,6.034015367060829
JR,v0,1.0,1.232,2.5344529312698816,6.027105103420034
JR,v0,1.0,1.233,2.542595258914172,6.0176861971674835
JR,v0,1.0,1.234,2.550700428569459,6.005844689353919
JR,v0,1.0,1.235,2.5587769941961054,5.991695533839854
JR,v0,1.0,1.236,2.566835181711598,5.97536605692142
JR,v0,1.0,1.237,2.5748772699662736,5.956998819082364
JR,v0,1.0,1.238,2.58289520057648,5.936744369365669
JR,v0,1.0,1.239,2.590884551225477,5.914736078315421
JR,v0,1.0,1.24,2.5988425661654966,5.891111767990569
JR,v0,1.0,1.241,2.6067681562177554,5.866019739418042
JR,v0,1.0,1.242,2.61466189877244,5.839613327262821
JR,v0,1.0,1.243,2.622526037788721,5.812066496477342
JR,v0,1.0,1.244,2.6303644837947404,5.783561327937528
JR,v0,1.0,1.245,2.6381828138876227,5.7542962066142715
JR,v0,1.0,1.246,2.645988271733465,5.724472106054199
JR,v0,1.0,1.247,2.6537897675673463,5.6942857775443665
JR,v0,1.0,1.248,2.6615974067221977,5.6639088107287785
JR,v0,1.0,1.249,2.6694094467110916,5.633520455269275
JR,v0,1.0,1.25,2.6772187107509673,5.603301512959324
JR,v0,1.0,1.2510000000000001,2.6850212389898664,5.573439817892441
JR,v0,1.0,1.252,2.692814739047761,5.544106409635997
JR,v0,1.0,1.2530000000000001,2.700598586016571,5.515457942914366
JR,v0,1.0,1.254,2.708373822460144,5.487660461590689
JR,v0,1.0,1.2550000000000001,2.7161431584142766,5.460859626113042
JR,v0,1.0,1.256,2.7239109713866956,5.435175272107646
JR,v0,1.0,1.2570000000000001,2.731683306357073,5.410715545546498
JR,v0,1.0,1.258,2.739467875777013,5.387584256407767
JR,v0,1.0,1.2590000000000001,2.7472740595700635,5.365876528945494
JR,v0,1.0,1.26,2.755111474894089,5.3456763450942795
JR,v0,1.0,1.2610000000000001,2.7629757852812444,5.327040276819153
JR,v0,1.0,1.262,2.77086074968346,5.309983470836593
JR,v0,1.0,1.2630000000000001,2.7787628449573556,5.2945336584596285
JR,v0,1.0,1.264,2.7866802687908034,5.280722502839462
JR,v0,1.0,1.2650000000000001,2.794612939702939,5.26856568452918
JR,v0,1.0,1.266,2.8025624970441454,5.258043112361187
JR,v0,1.0,1.2670000000000001,2.81053230099607,5.24910776019788
JR,v0,1.0,1.268,2.8185274325716114,5.241684263192974
JR,v0,1.0,1.2690000000000001,2.826554693614929,5.235669823254722
JR,v0,1.0,1.27,2.8346226068014335,5.230941749845614
JR,v0,1.0,1.2710000000000001,2.8427414156378004,5.227390269386501
JR,v0,1.0,1.272,2.8509201047103754,5.224886427823332
JR,v0,1.0,1.2730000000000001,2.8591526559097247,5.223285427078172
JR,v0,1.0,1.274,2.8674336415291695,5.222453167252445
JR,v0,1.0,1.2750000000000001,2.8757599859567806,5.222262735150009
JR,v0,1.0,1.276,2.884130484620459,5.222580659563184
JR,v0,1.0,1.2770000000000001,2.892545803987945,5.223253682113227
JR,v0,1.0,1.278,2.9010084815668096,5.224117028283917
JR,v0,1.0,1.2790000000000001,2.9095229259044646,5.225004828380231
JR,v0,1.0,1.28,2.9180954165881494,5.2257688672324445
JR,v0,1.0,1.281,2.926734104244944,5.226278580968023
JR,v0,1.0,1.282,2.9354490105417654,5.226417121045937
JR,v0,1.0,1.283,2.9442520281853564,5.226089774882555
JR,v0,1.0,1.284,2.9531513175557524,5.225237048136339
JR,v0,1.0,1.285,2.9621397119071737,5.223811027491892
JR,v0,1.0,1.286,2.971212464734559,5.221752635532467
JR,v0,1.0,1.287,2.980367116936561,5.219000551057569
JR,v0,1.0,1.288,2.98960337849563,5.21548906840965
JR,v0,1.0,1.289,2.99892312847799,5.211158501263399
JR,v0,1.0,1.29,3.008330415033658,5.2059840023116974
JR,v0,1.0,1.291,3.0178314553964314,5.200007125575629
JR,v0,1.0,1.292,3.027434635883897,5.19329482344383
JR,v0,1.0,1.293,3.037150511897423,5.185895417405053
JR,v0,1.0,1.294,3.0469918079221685,5.1778498799232855
JR,v0,1.0,1.295,3.056973388715945,5.169182083278554
JR,v0,1.0,1.296,3.0671012491193945,5.159912802826632
JR,v0,1.0,1.297,3.077367907605599,5.150083987879364
JR,v0,1.0,1.298,3.0877694006927365,5.139733053072209
JR,v0,1.0,1.299,3.0983044646440527,5.128878845184477
JR,v0,1.0,1.3,3.108974535467876,5.117542242703792
JR,v0,1.0,1.301,3.1197837489176012,5.105746090081569
JR,v0,1.0,1.302,3.13073894049171,5.093510152135935
JR,v0,1.0,1.303,3.141849645433744,5.080848819557523
JR,v0,1.0,1.304,3.1531280987323362,5.067773515256343
JR,v0,1.0,1.305,3.1645892351211793,5.054327466695943
JR,v0,1.0,1.306,3.1762506890790565,5.040528711854596
JR,v0,1.0,1.307,3.1881314358223216,5.0263563106201765
JR,v0,1.0,1.308,3.200232548793597,5.011807729385299
JR,v0,1.0,1.309,3.21254753322014,4.996897101177001
JR,v0,1.0,1.31,3.2250742045149465,4.981656632774529
JR,v0,1.0,1.311,3.2378140166262894,4.966125310322002
JR,v0,1.0,1.312,3.25077206203774,4.9503528105111085
JR,v0,1.0,1.313,3.2639570717681448,4.934405647931741
JR,v0,1.0,1.314,3.2773814153716536,4.918388548195547
JR,v0,1.0,1.315,3.291061100937691,4.902370941872767
JR,v0,1.0,1.316,3.3050157750909803,4.886394166972788
JR,v0,1.0,1.317,3.3192687229915236,4.870494814349544
JR,v0,1.0,1.318,3.3338468683346205,4.85471567324992
JR,v0,1.0,1.319,3.3487695424618473,4.83910417627475
JR,v0,1.0,1.32,3.3640312014825984,4.823724228111968
JR,v0,1.0,1.321,3.3796291831077863,4.808664455688743
JR,v0,1.0,1.322,3.3955661865410627,4.794010530959017
JR,v0,1.0,1.323,3.4118502664059234,4.779838351145845
JR,v0,1.0,1.324,3.428494832745735,4.766198004841035
JR,v0,1.0,1.325,3.4455186510237086,4.753117304671416
JR,v0,1.0,1.326,3.4629458421229273,4.740623096966332
JR,v0,1.0,1.327,3.480805882346317,4.728744079529184
JR,v0,1.0,1.328,3.4991336034166762,4.717511629851985
JR,v0,1.0,1.329,3.517969192476646,4.7069501942688134
JR,v0,1.0,1.33,3.5373508860925207,4.697084739155679
JR,v0,1.0,1.331,3.557281669109946,4.68795218360581
JR,v0,1.0,1.332,3.577760343604277,4.679583756685492
JR,v0,1.0,1.333,3.598794507233678,4.6720010686246125
JR,v0,1.0,1.334,3.6204004120375513,4.665203532252094
JR,v0,1.0,1.335,3.642602964436497,4.659190007353416
JR,v0,1.0,1.336,3.6654357252323524,4.65395246952126
JR,v0,1.0,1.337,3.6889409096081542,4.64947225704616
JR,v0,1.0,1.338,3.713169387128177,4.645727534172264
JR,v0,1.0,1.339,3.738180681737892,4.642687486150641
JR,v0,1.0,1.34,3.7640429717640096,4.640324152950232
JR,v0,1.0,1.341,3.79081916769861,4.6386103131852945
JR,v0,1.0,1.342,3.8185201401334132,4.637525815273353
JR,v0,1.0,1.343,3.847154613187249,4.637040099029234
JR,v0,1.0,1.344,3.8767466259688512,4.6371091455425635
JR,v0,1.0,1.345,3.9073355072156373,4.637678673426214
JR,v0,1.0,1.346,3.9389758752937594,4.638696663388405
JR,v0,1.0,1.347,3.971737638198052,4.640112371984459
JR,v0,1.0,1.348,4.0057059935520885,4.641877227041736
JR,v0,1.0,1.349,4.040981428608121,4.64394835739585
JR,v0,1.0,1.35,4.077679720247143,4.646278970217175
JR,v0,1.0,1.351,4.115929578600616,4.648829811753902
JR,v0,1.0,1.352,4.15580807230057,4.651582857214552
JR,v0,1.0,1.353,4.197339802059839,4.6545225680906235
JR,v0,1.0,1.354,4.24057362291035,4.657630446566285
JR,v0,1.0,1.355,4.28558679676272,4.660889141193542
JR,v0,1.0,1.356,4.332484992406344,4.664278573499414
JR,v0,1.0,1.357,4.381402285509301,4.667783970926153
JR,v0,1.0,1.358,4.432501158618453,4.671408096896985
JR,v0,1.0,1.359,4.485972501159347,4.675164999658314
JR,v0,1.0,1.36,4.54203560943631,4.679070320120201
JR,v0,1.0,1.361,4.60093267118506,4.683141399981757
JR,v0,1.0,1.362,4.662817821026161,4.6873907960549115
JR,v0,1.0,1.363,4.727782577143567,4.691821331298167
JR,v0,1.0,1.364,4.795961877493517,4.696433042627828
JR,v0,1.0,1.365,4.867536383210325,4.701227257418265
JR,v0,1.0,1.366,4.942732478606498,4.706201272685678
JR,v0,1.0,1.367,5.021822271172607,4.711360991657484
JR,v0,1.0,1.368,5.105123591577424,4.7167035113841065
JR,v0,1.0,1.369,5.192999993667786,4.722226483893177
JR,v0,1.0,1.37,5.285860754468729,4.727939340334839
JR,v0,1.0,1.371,5.384028487652727,4.733852352273735
JR,v0,1.0,1.372,5.487682581948011,4.739970664230804
JR,v0,1.0,1.373,5.597171349028231,4.746273016601545
JR,v0,1.0,1.374,5.712838884053624,4.752738768884639
JR,v0,1.0,1.375,5.835021342338621,4.759354500304155
JR,v0,1.0,1.3760000000000001,5.964046939352044,4.76610862384323
JR,v0,1.0,1.377,6.100235950716888,4.77300155182896
JR,v0,1.0,1.3780000000000001,6.243900712210557,4.780036782732656
JR,v0,1.0,1.379,6.395345619764619,4.787205517977489
JR,v0,1.0,1.3800000000000001,6.554798139382716,4.794498873043061
JR,v0,1.0,1.381,6.7220651038050345,4.801905305734911
JR,v0,1.0,1.3820000000000001,6.897394918972182,4.809396706961506
JR,v0,1.0,1.383,7.08091155989762,4.816951201134208
JR,v0,1.0,1.3840000000000001,7.272472136253628,4.824559672283803
JR,v0,1.0,1.385,7.471666892370986,4.832206379955938
JR,v0,1.0,1.3860000000000001,7.677819207239305,4.839869754032326
JR,v0,1.0,1.387,7.889985594506685,4.847532399939996
JR,v0,1.0,1.3880000000000001,8.10695570248007,4.855176695974412
JR,v0,1.0,1.389,8.327310149243925,4.862779501187062
JR,v0,1.0,1.3900000000000001,8.549809563730948,4.8703113114906476
JR,v0,1.0,1.391,8.7731650641085,4.877756426437613
JR,v0,1.0,1.3920000000000001,8.995938907367186,4.885112783350797
JR,v0,1.0,1.393,9.216552745476285,4.892377055189687
JR,v0,1.0,1.3940000000000001,9.433287625384153,4.89953968397768
JR,v0,1.0,1.395,9.644283989017824,4.906580214648006
JR,v0,1.0,1.3960000000000001,9.847541673283398,4.913467498289191
JR,v0,1.0,1.397,10.040919910065668,4.920181810927825
JR,v0,1.0,1.3980000000000001,10.222410789092446,4.926724567090276
JR,v0,1.0,1.399,10.390914494635286,4.93310499352283
JR,v0,1.0,1.4000000000000001,10.545406143237418,4.939334338255136
JR,v0,1.0,1.401,10.684896589181669,4.945421427510441
JR,v0,1.0,1.4020000000000001,10.808440374133596,4.951347829036157
JR,v0,1.0,1.403,10.915135727141243,4.957082323271979
JR,v0,1.0,1.4040000000000001,11.004124564635351,4.962579171319152
JR,v0,1.0,1.405,11.074592490429168,4.967805073514921
JR,v0,1.0,1.4060000000000001,11.125789282908475,4.972743788483384
JR,v0,1.0,1.407,11.157546538633149,4.977379621611221
JR,v0,1.0,1.408,11.170061080580268,4.981683146383022
JR,v0,1.0,1.409,11.163519952953726,4.985639629628071
JR,v0,1.0,1.41,11.13814111856426,4.989234750727943
JR,v0,1.0,1.411,11.094173458829426,4.992437671985208
JR,v0,1.0,1.412,11.031896773773646,4.995210074431269
JR,v0,1.0,1.413,10.951621782028127,4.997508014115418
JR,v0,1.0,1.414,10.853690952848233,4.999283884644532
JR,v0,1.0,1.415,10.738653555981147,5.000485252186057
JR,v0,1.0,1.416,10.607360749140923,5.001070320442282
JR,v0,1.0,1.417,10.46066940230238,5.0010274291752586
JR,v0,1.0,1.418,10.29943016260986,5.000362439199791
JR,v0,1.0,1.419,10.124487454376977,4.999078645160086
JR,v0,1.0,1.42,9.936679479086887,4.997172907353099
JR,v0,1.0,1.421,9.736838215392005,4.994638900107819
JR,v0,1.0,1.422,9.525789419114304,4.991449618931388
JR,v0,1.0,1.423,9.30437411415742,4.987587731969223
JR,v0,1.0,1.424,9.073721683651192,4.983069839441273
JR,v0,1.0,1.425,8.834894193826875,4.977916712180247
JR,v0,1.0,1.426,8.588917114758278,4.972147929376221
JR,v0,1.0,1.427,8.336846880748784,4.965782014189825
JR,v0,1.0,1.428,8.079770890331812,4.95883178960852
JR,v0,1.0,1.429,7.818807506270355,4.951311630972814
JR,v0,1.0,1.43,7.555106055557461,4.943245736209411
JR,v0,1.0,1.431,7.289846829415735,4.934664899950555
JR,v0,1.0,1.432,7.024261254532954,4.925597103088095
JR,v0,1.0,1.433,6.759635521362947,4.916067248403581
JR,v0,1.0,1.434,6.497122798675436,4.906100483987444
JR,v0,1.0,1.435,6.23790168163616,4.895714660622712
JR,v0,1.0,1.436,5.98319582200892,4.884935241911231
JR,v0,1.0,1.437,5.734273928155115,4.8738270178251915
JR,v0,1.0,1.438,5.492449765034202,4.862466061830284
JR,v0,1.0,1.439,5.259082154203249,4.850919839470286
JR,v0,1.0,1.44,5.035574973817347,4.839235390668277
JR,v0,1.0,1.441,4.823099424272765,4.827442816449488
JR,v0,1.0,1.442,4.622589655997871,4.8155715042017295
JR,v0,1.0,1.443,4.435153976057087,4.803668483262851
JR,v0,1.0,1.444,4.2617489609601975,4.791787685601734
JR,v0,1.0,1.445,4.103177258676315,4.779980413088776
JR,v0,1.0,1.446,3.960087588634206,4.768287880181484
JR,v0,1.0,1.447,3.832974741722005,4.756732714668765
JR,v0,1.0,1.448,3.7221795802874666,4.7453298069551035
JR,v0,1.0,1.449,3.6278890381377487,4.7340860545781265
JR,v0,1.0,1.45,3.550110063600002,4.72300380871072
JR,v0,1.0,1.451,3.4885560767281767,4.712081539962334
JR,v0,1.0,1.452,3.4427368457363663,4.701306729557469
JR,v0,1.0,1.453,3.411954961655603,4.690655933133187
JR,v0,1.0,1.454,3.3953024900741333,4.680124202504217
JR,v0,1.0,1.455,3.391660971137348,4.669705982526269
JR,v0,1.0,1.456,3.399661736070481,4.659395713854011
JR,v0,1.0,1.457,3.417668004108812,4.649188936001419
JR,v0,1.0,1.458,3.443929852869008,4.639075443311632
JR,v0,1.0,1.459,3.4765878146633433,4.629030446076244
JR,v0,1.0,1.46,3.513672719855176,4.619037637104601
JR,v0,1.0,1.461,3.553085235854251,4.609099683669187
JR,v0,1.0,1.462,3.5925892991197017,4.599226787461598
JR,v0,1.0,1.463,3.6305430565489445,4.589425725342939
JR,v0,1.0,1.464,3.6654979858960495,4.579701652191698
JR,v0,1.0,1.465,3.6960766780742347,4.570057065328167
JR,v0,1.0,1.466,3.7209728371558057,4.560491329765781
JR,v0,1.0,1.467,3.738951280372195,4.551014870674137
JR,v0,1.0,1.468,3.7488803314569665,4.541639335209255
JR,v0,1.0,1.469,3.7504869460624377,4.532366854727394
JR,v0,1.0,1.47,3.7442698246433928,4.523202254532731
JR,v0,1.0,1.471,3.730677659371173,4.514164753430203
JR,v0,1.0,1.472,3.710074081870463,4.505270877424822
JR,v0,1.0,1.473,3.6827376632192728,4.496553021356346
JR,v0,1.0,1.474,3.6488619139489717,4.488030018306534
JR,v0,1.0,1.475,3.6087761685840576,4.479711334118335
JR,v0,1.0,1.476,3.563622851049912,4.471601803993972
JR,v0,1.0,1.477,3.514484582443165,4.463709838257733
JR,v0,1.0,1.478,3.462240196719865,4.4560523266399965
JR,v0,1.0,1.479,3.4075712047922337,4.448653401097219
JR,v0,1.0,1.48,3.3509617945287467,4.441542379933112
JR,v0,1.0,1.481,3.2926988307540643,4.43474549472948
JR,v0,1.0,1.482,3.233109490634874,4.428280718290938
JR,v0,1.0,1.483,3.172904780112276,4.422163923483661
JR,v0,1.0,1.484,3.1125385929560867,4.41640800460792
JR,v0,1.0,1.485,3.0523629156998116,4.41101960085286
JR,v0,1.0,1.486,2.9926342137755952,4.40600059375026
JR,v0,1.0,1.487,2.933513431514136,4.401353055591944
JR,v0,1.0,1.488,2.875065992144769,4.39707251820066
JR,v0,1.0,1.489,2.8172617977953855,4.393142247064535
JR,v0,1.0,1.49,2.7600788109296417,4.389540543258317
JR,v0,1.0,1.491,2.7038026520855496,4.386241342030031
JR,v0,1.0,1.492,2.6483426499438103,4.38321760779024
JR,v0,1.0,1.493,2.5935938264135583,4.380447350028714
JR,v0,1.0,1.494,2.5394927767089346,4.377910473439421
JR,v0,1.0,1.495,2.486017669348982,4.375584354703726
JR,v0,1.0,1.496,2.433188246157746,4.3734399817544825
JR,v0,1.0,1.497,2.3810658222641763,4.371456836612194
JR,v0,1.0,1.498,2.3297532861022177,4.369626057175205
JR,v0,1.0,1.499,2.279392595805687,4.367941010648957
JR,v0,1.0,1.5,2.2299668263066224,4.366406223293622
JR,v0,1.0,1.5010000000000001,2.181300883386154,4.365026387860069
JR,v0,1.0,1.502,2.1332743752056906,4.363808904021769
JR,v0,1.0,1.5030000000000001,2.085829132350428,4.362767232441774
JR,v0,1.0,1.504,2.0389692078294406,4.361932767664918
JR,v0,1.0,1.5050000000000001,1.9927608770755967,4.361339544344018
JR,v0,1.0,1.506,1.9473326379456353,4.361022931868192
JR,v0,1.0,1.5070000000000001,1.9028752107200955,4.361003853964746
JR,v0,1.0,1.508,1.859641538103391,4.361300520845377
JR,v0,1.0,1.5090000000000001,1.8178701131732637,4.361925696374057
JR,v0,1.0,1.51,1.777388796209852,4.362893129300007
JR,v0,1.0,1.5110000000000001,1.7381010417919658,4.364213888583345
JR,v0,1.0,1.512,1.6999726018545438,4.365892075206809
JR,v0,1.0,1.5130000000000001,1.6630040865768132,4.367924304728314
JR,v0,1.0,1.514,1.627230964382357,4.370299990596652
JR,v0,1.0,1.5150000000000001,1.5927235619390512,4.373006408775668
JR,v0,1.0,1.516,1.5595870641591185,4.3760217417693035
JR,v0,1.0,1.5170000000000001,1.52796151419908,4.379325205145117
JR,v0,1.0,1.518,1.4980218134598013,4.3828914689271405
JR,v0,1.0,1.5190000000000001,1.4698386600766833,4.386694536809664
JR,v0,1.0,1.52,1.4432771078812525,4.3907073163955905
JR,v0,1.0,1.5210000000000001,1.4182729086929449,4.394901211784611
JR,v0,1.0,1.522,1.3947838719574923,4.399243259063132
JR,v0,1.0,1.5230000000000001,1.3727896377030726,4.403709076419192
JR,v0,1.0,1.524,1.3522916765403448,4.408284302073701
JR,v0,1.0,1.5250000000000001,1.3333132896624162,4.412969578602864
JR,v0,1.0,1.526,1.3158996088448722,4.417768389740641
JR,v0,1.0,1.5270000000000001,1.300117596445749,4.422679764160399
JR,v0,1.0,1.528,1.2860457399396275,4.427698160758453
JR,v0,1.0,1.5290000000000001,1.273611910813882,4.432834669888542
JR,v0,1.0,1.53,1.2627040728632952,4.438109820388983
JR,v0,1.0,1.5310000000000001,1.2532416851759463,4.44355264487294
JR,v0,1.0,1.532,1.2451597459478752,4.449191120502944
JR,v0,1.0,1.5330000000000001,1.2384087924830665,4.455049930255219
JR,v0,1.0,1.534,1.232954901193465,4.461156126309669
JR,v0,1.0,1.5350000000000001,1.2287796875989612,4.467545789611554
JR,v0,1.0,1.536,1.2258803063274053,4.474266342903088
JR,v0,1.0,1.537,1.2242694511145933,4.481361852279471
JR,v0,1.0,1.538,1.2239676404089117,4.488878669728859
JR,v0,1.0,1.539,1.2248871450899843,4.4968651632862615
JR,v0,1.0,1.54,1.2269237418285641,4.505369506822533
JR,v0,1.0,1.541,1.229997741703138,4.514430384625457
JR,v0,1.0,1.542,1.2340398766232612,4.52409177439336
JR,v0,1.0,1.543,1.2389912993295384,4.534405124864856
JR,v0,1.0,1.544,1.244803583393642,4.545420074177588
JR,v0,1.0,1.545,1.2514387232183006,4.557178327538686
JR,v0,1.0,1.546,1.2588691340373028,4.569720794522189
JR,v0,1.0,1.547,1.2670776519154945,4.583076366149744
JR,v0,1.0,1.548,1.276057533748788,4.597271594380905
JR,v0,1.0,1.549,1.2857899850588188,4.61233767503718
JR,v0,1.0,1.55,1.296182011686886,4.628303810151484
JR,v0,1.0,1.551,1.3071677685838345,4.645192618467172
JR,v0,1.0,1.552,1.3186906066728223,4.663011215754718
JR,v0,1.0,1.553,1.3306999703069655,4.681774329758086
JR,v0,1.0,1.554,1.3431513972693487,4.701495403940595
JR,v0,1.0,1.555,1.3560065187730137,4.722175791573093
JR,v0,1.0,1.556,1.3692330594609805,4.743804668235912
JR,v0,1.0,1.557,1.3828048374062192,4.766367771892374
JR,v0,1.0,1.558,1.3967017641116746,4.789837000134924
JR,v0,1.0,1.559,1.4109098445102468,4.8141871272184495
JR,v0,1.0,1.56,1.4254211611423848,4.8393969228880165
JR,v0,1.0,1.561,1.4402002368143973,4.8654310409261265
JR,v0,1.0,1.562,1.455192399522372,4.892255572961813
JR,v0,1.0,1.563,1.470364026123307,4.919841588888537
JR,v0,1.0,1.564,1.485684488596375,4.948148694679222
JR,v0,1.0,1.565,1.5011261540429066,4.977122066017595
JR,v0,1.0,1.566,1.5166643846864107,5.006691568825784
JR,v0,1.0,1.567,1.5322775378725475,5.036776765436294
JR,v0,1.0,1.568,1.5479469660691616,5.067299376412708
JR,v0,1.0,1.569,1.5636570168662471,5.098181271500902
JR,v0,1.0,1.57,1.5793950329759805,5.129333816378872
JR,v0,1.0,1.571,1.5951513522326897,5.160680639428537
JR,v0,1.0,1.572,1.6109193075928845,5.192141959925293
JR,v0,1.0,1.573,1.626695227135226,5.223622967835958
JR,v0,1.0,1.574,1.6424631771267482,5.255013323901441
JR,v0,1.0,1.575,1.6581950016653173,5.286186731727571
JR,v0,1.0,1.576,1.6738760719272943,5.317005627963077
JR,v0,1.0,1.577,1.689493381252599,5.347335824326698
JR,v0,1.0,1.578,1.7050355106326642,5.377040695865785
JR,v0,1.0,1.579,1.7204926287104079,5.406002003900158
JR,v0,1.0,1.58,1.7358564917802592,5.434114395691404
JR,v0,1.0,1.581,1.7511204437881323,5.461269937414982
JR,v0,1.0,1.582,1.7662794163314537,5.48735375617925
JR,v0,1.0,1.583,1.781329928659134,5.512247015859536
JR,v0,1.0,1.584,1.7962700876715973,5.535824435231186
JR,v0,1.0,1.585,1.8110995879207512,5.5579596654019925
JR,v0,1.0,1.586,1.825819711610015,5.578522646063733
JR,v0,1.0,1.587,1.840432860241605,5.597388320608656
JR,v0,1.0,1.588,1.8549271642191392,5.614469890094349
JR,v0,1.0,1.589,1.869292014981946,5.629708770035
JR,v0,1.0,1.59,1.8835229892138834,5.643049190374207
JR,v0,1.0,1.591,1.897616772269274,5.6544360171267725
JR,v0,1.0,1.592,1.9115711581729289,5.663817847809766
JR,v0,1.0,1.593,1.925385049620124,5.671153705851546
JR,v0,1.0,1.594,1.9390584579766257,5.676410241465163
JR,v0,1.0,1.595,1.9525925032786633,5.679563195575737
JR,v0,1.0,1.596,1.9659894142329586,5.680608149020617
JR,v0,1.0,1.597,1.9792525282166964,5.679579022773952
JR,v0,1.0,1.598,1.9923861404030396,5.676529262574353
JR,v0,1.0,1.599,2.005389820595646,5.671520019640287
JR,v0,1.0,1.6,2.0182593741244768,5.664625293727701
JR,v0,1.0,1.601,2.0309921168705496,5.6559219982033095
JR,v0,1.0,1.602,2.0435865691748902,5.645493430510385
JR,v0,1.0,1.603,2.056042455838506,5.633425660930713
JR,v0,1.0,1.604,2.068360706122411,5.619822902018584
JR,v0,1.0,1.605,2.0805434537476017,5.604809589337192
JR,v0,1.0,1.606,2.092594036895083,5.588514065439503
JR,v0,1.0,1.607,2.104516998205842,5.571058389925829
JR,v0,1.0,1.608,2.116318084780872,5.552567873425626
JR,v0,1.0,1.609,2.128004114584562,5.5331658284898495
JR,v0,1.0,1.61,2.1395770143801287,5.5129730526580225
JR,v0,1.0,1.611,2.151032236428992,5.492102976204461
JR,v0,1.0,1.612,2.162366328496154,5.4706703246826205
JR,v0,1.0,1.613,2.1735773827412537,5.44880416501627
JR,v0,1.0,1.614,2.184665035718601,5.426622371968531
JR,v0,1.0,1.615,2.1956304683771424,5.404221897328592
JR,v0,1.0,1.616,2.206476406060493,5.3817022741467095
JR,v0,1.0,1.617,2.2172071185069093,5.359156130327998
JR,v0,1.0,1.618,2.22782841984931,5.3366648594449915
JR,v0,1.0,1.619,2.2383476686152615,5.31430372721068
JR,v0,1.0,1.62,2.248773767726988,5.292140186613913
JR,v0,1.0,1.621,2.2591139254172816,5.270247759895839
JR,v0,1.0,1.622,2.2693624060477933,5.248720582857853
JR,v0,1.0,1.623,2.2795142220024376,5.227640436296573
JR,v0,1.0,1.624,2.2895663017882666,5.207056589651544
JR,v0,1.0,1.625,2.2995172574161433,5.18701742006432
JR,v0,1.0,1.6260000000000001,2.309367384400765,5.167564619402391
JR,v0,1.0,1.627,2.3191186617606436,5.148734762157338
JR,v0,1.0,1.6280000000000001,2.328774752018122,5.1305830331445055
JR,v0,1.0,1.629,2.3383410011993604,5.113187313662228
JR,v0,1.0,1.6300000000000001,2.347824438834347,5.0966303369943535
JR,v0,1.0,1.631,2.3572337779568904,5.080976786174515
JR,v0,1.0,1.6320000000000001,2.366579311152912,5.066256086756955
JR,v0,1.0,1.633,2.3758621031649394,5.052454442193352
JR,v0,1.0,1.6340000000000001,2.385074640339263,5.039563990714168
JR,v0,1.0,1.635,2.394212741841441,5.02758138149041
JR,v0,1.0,1.6360000000000001,2.4032739241670917,5.01649682410258
JR,v0,1.0,1.637,2.412257401141872,5.006289625781277
JR,v0,1.0,1.6380000000000001,2.4211640839215005,4.996923962311077
JR,v0,1.0,1.639,2.429996580991735,4.9883412088172
JR,v0,1.0,1.6400000000000001,2.438759198168391,4.980484869816082
JR,v0,1.0,1.641,2.447457938597327,4.973327613244653
JR,v0,1.0,1.6420000000000001,2.456100502754459,4.966835317395929
JR,v0,1.0,1.643,2.464696288445745,4.960946879491226
JR,v0,1.0,1.6440000000000001,2.4732544011680995,4.955586257705906
JR,v0,1.0,1.645,2.4817695422460013,4.950660850750867
JR,v0,1.0,1.6460000000000001,2.4902356403680592,4.946079427771699
JR,v0,1.0,1.647,2.498649072939698,4.941778433819455
JR,v0,1.0,1.6480000000000001,2.5070079037773154,4.937723595089778
JR,v0,1.0,1.649,2.5153118831082613,4.933858169376677
JR,v0,1.0,1.6500000000000001,2.5235624475708605,4.930114530129111
JR,v0,1.0,1.651,2.531762720214393,4.926444142131043
JR,v0,1.0,1.6520000000000001,2.539917510499108,4.92278685900782
JR,v0,1.0,1.653,2.548033314296214,4.9191005735954585
JR,v0,1.0,1.6540000000000001,2.5561183138878882,4.915362510774888
JR,v0,1.0,1.655,2.564182377967264,4.911551369476008
JR,v0,1.0,1.6560000000000001,2.57223148167214,4.907620067016091
JR,v0,1.0,1.657,2.5802575634649414,4.903517890863517
JR,v0,1.0,1.6580000000000001,2.58825570428904,4.899208279209903
JR,v0,1.0,1.659,2.596222783347925,4.8946771271177
JR,v0,1.0,1.6600000000000001,2.604157346127545,4.8899837930401375
JR,v0,1.0,1.661,2.6120596043963067,4.885205544153347
JR,v0,1.0,1.6620000000000001,2.6199314362050776,4.880399507062039
JR,v0,1.0,1.663,2.627776385887179,4.875595070130073
JR,v0,1.0,1.6640000000000001,2.6355996640583967,4.870794735086365
JR,v0,1.0,1.665,2.643408147616971,4.865975859659927
JR,v0,1.0,1.666,2.6512103797436026,4.861129706751858
JR,v0,1.0,1.667,2.659016552154331,4.856291852480156
JR,v0,1.0,1.668,2.6668288189899876,4.851522791695413
JR,v0,1.0,1.669,2.674639195196099,4.8468663428110235
JR,v0,1.0,1.67,2.6824433557548235,4.8423522239196215
JR,v0,1.0,1.671,2.6902386425630604,4.837986820365717
JR,v0,1.0,1.672,2.698024064432432,4.833748401985292
JR,v0,1.0,1.673,2.7058002970893016,4.829610041015959
JR,v0,1.0,1.674,2.7135696831747564,4.825553478740631
JR,v0,1.0,1.675,2.7213362322446235,4.821540797556977
JR,v0,1.0,1.676,2.729105620769455,4.817529371310978
JR,v0,1.0,1.677,2.736885192134541,4.813481382935435
JR,v0,1.0,1.678,2.7446839566399013,4.809350749730831
JR,v0,1.0,1.679,2.7525122382557616,4.805088879902884
JR,v0,1.0,1.68,2.760369118720813,4.80066747387039
JR,v0,1.0,1.681,2.768247417530294,4.7960498739699435
JR,v0,1.0,1.682,2.7761432342724737,4.791215017971619
JR,v0,1.0,1.683,2.7840543882394235,4.786142711312145
JR,v0,1.0,1.684,2.7919804184270025,4.780776520343952
JR,v0,1.0,1.685,2.7999225835348707,4.775083222630734
JR,v0,1.0,1.686,2.807883861966476,4.76904189530299
JR,v0,1.0,1.687,2.8158689518290667,4.762642204296344
JR,v0,1.0,1.688,2.82388427093368,4.755882509069141
JR,v0,1.0,1.689,2.8319379567951537,4.748785556908857
JR,v0,1.0,1.69,2.8400398666321136,4.741388776839089
JR,v0,1.0,1.691,2.8482004164373844,4.733752475963224
JR,v0,1.0,1.692,2.8564163889620544,4.725921615511943
JR,v0,1.0,1.693,2.8646814233914184,4.717915099805926
JR,v0,1.0,1.694,2.872992033358916,4.7097439095653355
JR,v0,1.0,1.695,2.8813466013098408,4.701428331738005
JR,v0,1.0,1.696,2.8897453785013276,4.692998605201799
JR,v0,1.0,1.697,2.8981904850023663,4.684491339365428
JR,v0,1.0,1.698,2.9066859096937883,4.67595540034022
JR,v0,1.0,1.699,2.915237510268281,4.667444779469817
JR,v0,1.0,1.7,2.923853013230369,4.659014372300593
JR,v0,1.0,1.701,2.932542013896436,4.65071314203138
JR,v0,1.0,1.702,2.9413159763947063,4.642568637545526
JR,v0,1.0,1.703,2.9501855024291204,4.634594621364891
JR,v0,1.0,1.704,2.959145434775848,4.626803435459062
JR,v0,1.0,1.705,2.9681901539219817,4.61922559468191
JR,v0,1.0,1.706,2.977316722145148,4.611894614547128
JR,v0,1.0,1.707,2.9865243668885673,4.604847204449484
JR,v0,1.0,1.708,2.9958144807610325,4.598123436191659
JR,v0,1.0,1.709,3.005190621536933,4.591757888467449
JR,v0,1.0,1.71,3.0146585121562284,4.585773887128892
JR,v0,1.0,1.711,3.024226040724476,4.580184389571597
JR,v0,1.0,1.712,3.0339032605128025,4.575009622261505
JR,v0,1.0,1.713,3.0437023899579305,4.570255772804049
JR,v0,1.0,1.714,3.0536378126621586,4.5659173034554295
JR,v0,1.0,1.715,3.0637197322952234,4.561997192042184
JR,v0,1.0,1.716,3.0739411953270137,4.5584988460727
JR,v0,1.0,1.717,3.084297547995978,4.555417355150805
JR,v0,1.0,1.718,3.094786923976989,4.552752687353584
JR,v0,1.0,1.719,3.1054101499440954,4.550498168428366
JR,v0,1.0,1.72,3.116170745570502,4.548633974726729
JR,v0,1.0,1.721,3.1270749235285895,4.547132077247214
JR,v0,1.0,1.722,3.1381315894898933,4.545961889262449
JR,v0,1.0,1.723,3.149352342125125,4.54509981499018
JR,v0,1.0,1.724,3.1607514731041535,4.544518530370936
JR,v0,1.0,1.725,3.17234596709602,4.54418911298459
JR,v0,1.0,1.726,3.184155238630198,4.544078807285201
JR,v0,1.0,1.727,3.1961856106057076,4.544154593128428
JR,v0,1.0,1.728,3.208429922514911,4.544386781417125
JR,v0,1.0,1.729,3.2208851732689667,4.544761657284207
JR,v0,1.0,1.73,3.233551988360459,4.545266981198506
JR,v0,1.0,1.731,3.2464346198634146,4.545881230089087
JR,v0,1.0,1.732,3.259540946433282,4.546586062606426
JR,v0,1.0,1.733,3.2728824733069524,4.547360735491517
JR,v0,1.0,1.734,3.286474332302742,4.548186174000312
JR,v0,1.0,1.735,3.3003352818204075,4.549039778500296
JR,v0,1.0,1.736,3.3144877068411294,4.549917732039836
JR,v0,1.0,1.737,3.328957618927532,4.550811065235675
JR,v0,1.0,1.738,3.3437689103126496,4.551715050632518
JR,v0,1.0,1.739,3.358919236777343,4.55263158018
JR,v0,1.0,1.74,3.374404503646724,4.553554779712478
JR,v0,1.0,1.741,3.3902261744805107,4.554478282483352
JR,v0,1.0,1.742,3.4063910460337725,4.555410150113937
JR,v0,1.0,1.743,3.4229112482569706,4.556360754847615
JR,v0,1.0,1.744,3.4398042442959214,4.557329633963922
JR,v0,1.0,1.745,3.4570928304918285,4.558330208426952
JR,v0,1.0,1.746,3.4748051363812524,4.559382017440371
JR,v0,1.0,1.747,3.4929746246961413,4.560496791846086
JR,v0,1.0,1.748,3.511640091363799,4.561679990810513
JR,v0,1.0,1.749,3.5308427234146698,4.562944114415541
JR,v0,1.0,1.75,3.5505931659806844,4.564309229573543
JR,v0,1.0,1.7510000000000001,3.570888336541829,4.56578764082863
JR,v0,1.0,1.752,3.591733793384419,4.567411920561458
JR,v0,1.0,1.7530000000000001,3.6131437055540556,4.569202037583287
JR,v0,1.0,1.754,3.6351408528555833,4.571161981427348
JR,v0,1.0,1.7550000000000001,3.6577566258531307,4.573289055593786
JR,v0,1.0,1.756,3.6810310258700683,4.5755799196111955
JR,v0,1.0,1.7570000000000001,3.705012664989051,4.578025604368651
JR,v0,1.0,1.758,3.7297587660519778,4.5806196959118095
JR,v0,1.0,1.7590000000000001,3.7553351626600318,4.583372810684068
JR,v0,1.0,1.76,3.78181020588539,4.58629307519457
JR,v0,1.0,1.7610000000000001,3.8092051514475296,4.589382689993553
JR,v0,1.0,1.762,3.8375252945879064,4.592650998873406
JR,v0,1.0,1.7630000000000001,3.866790949385273,4.596106719381224
JR,v0,1.0,1.764,3.8970376308954515,4.599745517706608
JR,v0,1.0,1.7650000000000001,3.9283160551513916,4.603564497398084
JR,v0,1.0,1.766,3.9606921391631116,4.607554299991854
JR,v0,1.0,1.7670000000000001,3.9942470009177584,4.611723868297851
JR,v0,1.0,1.768,4.029076959379548,4.616085194019953
JR,v0,1.0,1.7690000000000001,4.065293534489824,4.620654186144375
JR,v0,1.0,1.77,4.1030231907000605,4.625431427008515
JR,v0,1.0,1.7710000000000001,4.142363562158599,4.630407770175313
JR,v0,1.0,1.772,4.183340376937879,4.6355726940757895
JR,v0,1.0,1.7730000000000001,4.225995382936884,4.640912444484744
JR,v0,1.0,1.774,4.270398569588956,4.646424697218846
JR,v0,1.0,1.7750000000000001,4.3166481678618585,4.652127742010949
JR,v0,1.0,1.776,4.364870650257707,4.658033931027421
JR,v0,1.0,1.7770000000000001,4.4152207308130444,4.664143873232974
JR,v0,1.0,1.778,4.4678813650987586,4.670432853776753
JR,v0,1.0,1.7790000000000001,4.523063750220174,4.676890723971145
JR,v0,1.0,1.78,4.581006626662773,4.683512333689402
JR,v0,1.0,1.7810000000000001,4.641896939253136,4.690296681773002
JR,v0,1.0,1.782,4.705822982750771,4.69724485429444
JR,v0,1.0,1.7830000000000001,4.772907481160088,4.704353650043455
JR,v0,1.0,1.784,4.843318792075154,4.711606298341805
JR,v0,1.0,1.7850000000000001,4.9172709066798115,4.718982977297951
JR,v0,1.0,1.786,4.995023449747549,4.726467771012865
JR,v0,1.0,1.7870000000000001,5.076881679641637,4.73402996046627
JR,v0,1.0,1.788,5.163196488314988,4.741659909753322
JR,v0,1.0,1.7890000000000001,5.2543644013102995,4.749347783595824
JR,v0,1.0,1.79,5.35076324145057,4.75707390637335
JR,v0,1.0,1.7910000000000001,5.45255509425442,4.7648135603499835
JR,v0,1.0,1.792,5.560065948299504,4.772536357741902
JR,v0,1.0,1.793,5.673639431944263,4.780219504649605
JR,v0,1.0,1.794,5.7936128701026695,4.787851370447581
JR,v0,1.0,1.795,5.920317284244137,4.795419618907658
JR,v0,1.0,1.796,6.054077392393715,4.802915462355711
JR,v0,1.0,1.797,6.195211609131853,4.810326183227847
JR,v0,1.0,1.798,6.344032045594652,4.817640851652222
JR,v0,1.0,1.799,6.500830694644404,4.824854052609926
JR,v0,1.0,1.8,6.665458385162122,4.831967201741114
JR,v0,1.0,1.801,6.838079379039768,4.838997413469055
JR,v0,1.0,1.802,7.018893279557591,4.845940870717069
JR,v0,1.0,1.803,7.20783466603627,4.852781293951587
JR,v0,1.0,1.804,7.404573093837243,4.859519076135083
JR,v0,1.0,1.805,7.608513094362363,4.866166406519878
JR,v0,1.0,1.806,7.8187941750542524,4.872731569218168
JR,v0,1.0,1.807,8.034290819395938,4.879219320466757
JR,v0,1.0,1.808,8.253629098896276,4.885640108018653
JR,v0,1.0,1.809,8.475526903348783,4.891997696644297
JR,v0,1.0,1.81,8.698747354090429,4.89828939429238
JR,v0,1.0,1.811,8.92189778061425,4.904509690830703
JR,v0,1.0,1.812,9.143441885382302,4.910643618798498
JR,v0,1.0,1.813,9.361699743825254,4.916673650426073
JR,v0,1.0,1.814,9.574847804342781,4.922593350587823
JR,v0,1.0,1.815,9.78091888830319,4.928388882559598
JR,v0,1.0,1.816,9.977802190043784,4.934043144156347
JR,v0,1.0,1.817,10.163352785547694,4.939537669147668
JR,v0,1.0,1.818,10.336275874056764,4.944859369751442
JR,v0,1.0,1.819,10.495548270842466,4.949984333218397
JR,v0,1.0,1.82,10.640158740762082,4.954890086133267
JR,v0,1.0,1.821,10.769139276456743,4.959571796140941
JR,v0,1.0,1.822,10.881565098351665,4.964021724669552
JR,v0,1.0,1.823,10.976554654655928,4.968219379920497
JR,v0,1.0,1.824,11.053269621362695,4.972142343307481
JR,v0,1.0,1.825,11.110915190076373,4.975777564648272
JR,v0,1.0,1.826,11.149096808771496,4.979115185205721
JR,v0,1.0,1.827,11.167997196708644,4.982145785720883
JR,v0,1.0,1.828,11.167786810553821,4.984867225102873
JR,v0,1.0,1.829,11.148667441561834,4.987282294701617
JR,v0,1.0,1.83,11.110872215576308,4.989403599182445
JR,v0,1.0,1.831,11.054665593029716,4.991249681438612
JR,v0,1.0,1.832,10.980343368943306,4.992831791296608
JR,v0,1.0,1.833,10.8882326729272,4.994155493181086
JR,v0,1.0,1.834,10.77878268599987,4.995226762482828
JR,v0,1.0,1.835,10.652802295417468,4.9960426216019025
JR,v0,1.0,1.836,10.511147568977613,4.996601384008769
JR,v0,1.0,1.837,10.354667454113045,4.996907273122552
JR,v0,1.0,1.838,10.184204775556557,4.996975319134802
JR,v0,1.0,1.839,10.000596235341268,4.99682135628801
JR,v0,1.0,1.84,9.804672412800327,4.996444157439144
JR,v0,1.0,1.841,9.597257764567239,4.995835950503698
JR,v0,1.0,1.842,9.379172018287909,4.994987596925557
JR,v0,1.0,1.843,9.1514636159344,4.9938905744421875
JR,v0,1.0,1.844,8.915243023264086,4.992538237161629
JR,v0,1.0,1.845,8.671527599555231,4.990923228138768
JR,v0,1.0,1.846,8.4213650034923,4.989049991334142
JR,v0,1.0,1.847,8.165833193166403,4.986923214951778
JR,v0,1.0,1.848,7.906040426074837,4.984545757683578
JR,v0,1.0,1.849,7.64312525912155,4.981916925148862
JR,v0,1.0,1.85,7.378256548616674,4.979046611951311
JR,v0,1.0,1.851,7.112640796737635,4.97596463069805
JR,v0,1.0,1.852,6.847575344864456,4.972693312691049
JR,v0,1.0,1.853,6.584229162748009,4.969253887969118
JR,v0,1.0,1.854,6.323768521985732,4.965662075429393
JR,v0,1.0,1.855,6.067405898824992,4.961918315625232
JR,v0,1.0,1.856,5.816399974162621,4.958020305170192
JR,v0,1.0,1.857,5.572055633545364,4.953977769725567
JR,v0,1.0,1.858,5.335723967169439,4.949811935073331
JR,v0,1.0,1.859,5.108802269880972,4.945552117815206
JR,v0,1.0,1.86,4.892573059583384,4.941225909273656
JR,v0,1.0,1.861,4.6879437831548145,4.936839620607092
JR,v0,1.0,1.862,4.496043809572665,4.932388058057553
JR,v0,1.0,1.863,4.3178755882544095,4.927862761852298
JR,v0,1.0,1.864,4.154289363195296,4.92326016303742
JR,v0,1.0,1.865,4.005983172968648,4.918588485910899
JR,v0,1.0,1.866,3.8735028507255933,4.913851681716465
JR,v0,1.0,1.867,3.7572420241953175,4.909067189100878
JR,v0,1.0,1.868,3.657442115684816,4.904254409860212
JR,v0,1.0,1.869,3.574182995033766,4.8994355582960445
JR,v0,1.0,1.87,3.5072671328025713,4.8946319530106335
JR,v0,1.0,1.871,3.456270987155282,4.889855686556537
JR,v0,1.0,1.872,3.420568975412106,4.885127155730214
JR,v0,1.0,1.873,3.3993245598200765,4.8804719932850205
JR,v0,1.0,1.874,3.391490247552923,4.875918413151968
JR,v0,1.0,1.875,3.3957880704963372,4.871496723197977
JR,v0,1.0,1.8760000000000001,3.4106488791208633,4.8672346479707675
JR,v0,1.0,1.877,3.4343625247375265,4.863163900880817
JR,v0,1.0,1.8780000000000001,3.4651066733414986,4.859309305865646
JR,v0,1.0,1.879,3.500944922970632,4.855705842598859
JR,v0,1.0,1.8800000000000001,3.5398236749474528,4.8523919492220715
JR,v0,1.0,1.881,3.5794751085059,4.849394060257333
JR,v0,1.0,1.8820000000000001,3.6181146065436067,4.846721808333807
JR,v0,1.0,1.883,3.6542526758904827,4.844382520868043
JR,v0,1.0,1.8840000000000001,3.6864699578340847,4.842373559973924
JR,v0,1.0,1.885,3.713417228119539,4.840694856446225
JR,v0,1.0,1.8860000000000001,3.7338153969496126,4.839351686789691
JR,v0,1.0,1.887,3.7464588520124806,4.838343526776657
JR,v0,1.0,1.8880000000000001,3.750745489211038,4.837659872751823
JR,v0,1.0,1.889,3.7470931133692282,4.837282268744312
JR,v0,1.0,1.8900000000000001,3.735952182095147,4.83718729363023
JR,v0,1.0,1.891,3.7176897990048037,4.83734791899014
JR,v0,1.0,1.8920000000000001,3.6925897137220964,4.837740882510444
JR,v0,1.0,1.893,3.6608523218788296,4.838345893530355
JR,v0,1.0,1.8940000000000001,3.6226850010643474,4.83913279221426
JR,v0,1.0,1.895,3.579074318920325,4.840069438270263
JR,v0,1.0,1.8960000000000001,3.5311675631778616,4.841131517472128
JR,v0,1.0,1.897,3.47989482540598,4.842310446705537
JR,v0,1.0,1.8980000000000001,3.4259891620163554,4.843606473600931
JR,v0,1.0,1.899,3.3699865942633593,4.845032227619056
JR,v0,1.0,1.9000000000000001,3.3122261082439906,4.84658970961853
JR,v0,1.0,1.901,3.2529626932960927,4.848264205202739
JR,v0,1.0,1.9020000000000001,3.1928931857816103,4.850058471386192
JR,v0,1.0,1.903,3.132532233566655,4.851992350200486
JR,v0,1.0,1.9040000000000001,3.072263775200428,4.854091535044987
JR,v0,1.0,1.905,3.0123738038279697,4.856388574268386
JR,v0,1.0,1.9060000000000001,2.953050367190043,4.858926184039553
JR,v0,1.0,1.907,2.8943835676232386,4.8617491219039115
JR,v0,1.0,1.9080000000000001,2.836365562059866,4.864909601862398
JR,v0,1.0,1.909,2.7789296199922173,4.868455286213363
JR,v0,1.0,1.9100000000000001,2.722359125561823,4.8724203820945196
JR,v0,1.0,1.911,2.6666330473598165,4.876838515267521
JR,v0,1.0,1.9120000000000001,2.6116398583008564,4.881748606236646
JR,v0,1.0,1.913,2.557308668130167,4.887194621116708
JR,v0,1.0,1.9140000000000001,2.503609223423437,4.893220620494656
JR,v0,1.0,1.915,2.450551907586915,4.8998631839837445
JR,v0,1.0,1.9160000000000001,2.3981877408573204,4.90715586017092
JR,v0,1.0,1.917,2.3466083803019266,4.915117227318487
JR,v0,1.0,1.9180000000000001,2.2959489151202117,4.92375414134169
JR,v0,1.0,1.919,2.2462530677683468,4.933068659614122
JR,v0,1.0,1.92,2.1973484472655613,4.943052938096482
JR,v0,1.0,1.921,2.149100040174412,4.95369500579993
JR,v0,1.0,1.922,2.1014353934698793,4.964973901348089
JR,v0,1.0,1.923,2.054344614539291,4.976848462628485
JR,v0,1.0,1.924,2.007880371182411,4.989279854847017
JR,v0,1.0,1.925,1.962157891611355,5.002231046754919
JR,v0,1.0,1.926,1.9173549644506664,5.015671348468937
JR,v0,1.0,1.927,1.8737119387372463,5.029588128907953
JR,v0,1.0,1.928,1.8315027310867595,5.04397406909683
JR,v0,1.0,1.929,1.7906234162633599,5.05881181496823
JR,v0,1.0,1.93,1.7509425574499087,5.074083480483262
JR,v0,1.0,1.931,1.7124183280235457,5.089762222773363
JR,v0,1.0,1.932,1.675044012788752,5.1058148030407775
JR,v0,1.0,1.933,1.6388480079772556,5.122233754184886
JR,v0,1.0,1.934,1.6038938212481124,5.139019142790282
JR,v0,1.0,1.935,1.5702800716876366,5.156166359433699
JR,v0,1.0,1.936,1.5381404898094626,5.173661592586475
JR,v0,1.0,1.937,1.5076439175544847,5.191486242518623
JR,v0,1.0,1.938,1.4789161565807243,5.209601799666695
JR,v0,1.0,1.939,1.451829894462981,5.227952987524506
JR,v0,1.0,1.94,1.4263108554690653,5.24649626203607
JR,v0,1.0,1.941,1.4023126577347762,5.2651888157756295
JR,v0,1.0,1.942,1.3798108511539233,5.283981484120403
JR,v0,1.0,1.943,1.358802917378302,5.302804750233574
JR,v0,1.0,1.944,1.3393082698177183,5.321574908038168
JR,v0,1.0,1.945,1.3213682536399594,5.340203393928011
JR,v0,1.0,1.946,1.3050461457708264,5.358591457930304
JR,v0,1.0,1.947,1.290425440999499,5.376636948652466
JR,v0,1.0,1.948,1.2774751242467604,5.394228698570479
JR,v0,1.0,1.949,1.2660731434864214,5.411257592863114
JR,v0,1.0,1.95,1.2561358571748045,5.427621927113403
JR,v0,1.0,1.951,1.247595232315442,5.443212408303756
JR,v0,1.0,1.952,1.240398844459107,5.457914176215816
JR,v0,1.0,1.953,1.2345098777037897,5.471612130821284
JR,v0,1.0,1.954,1.2299071246947104,5.484195234070401
JR,v0,1.0,1.955,1.2265849866243146,5.495545665196544
JR,v0,1.0,1.956,1.2245534732322776,5.505540823425028
JR,v0,1.0,1.957,1.2238368181609127,5.514076897078994
JR,v0,1.0,1.958,1.2243745259956054,5.5210831133679115
JR,v0,1.0,1.959,1.2260530317225342,5.526510948386283
JR,v0,1.0,1.96,1.228790353553685,5.5303110323664475
JR,v0,1.0,1.961,1.2325149911167168,5.532438514077811
JR,v0,1.0,1.962,1.2371659254549519,5.532857488438431
JR,v0,1.0,1.963,1.2426926190273848,5.531531940583805
JR,v0,1.0,1.964,1.2490550157086782,5.528444521853438
JR,v0,1.0,1.965,1.2562235407891649,5.523609658539405
JR,v0,1.0,1.966,1.2641791009748413,5.517070542347642
JR,v0,1.0,1.967,1.2729130843873797,5.508886810499158
JR,v0,1.0,1.968,1.2824162292605559,5.499121803001045
JR,v0,1.0,1.969,1.2926025373353394,5.48783565294528
JR,v0,1.0,1.97,1.303400139883645,5.4750957486132075
JR,v0,1.0,1.971,1.3147508943068154,5.460984656979789
JR,v0,1.0,1.972,1.32660279954559,5.445585802065802
JR,v0,1.0,1.973,1.3389099960801252,5.4289958617515
JR,v0,1.0,1.974,1.3516327659299687,5.411336025851522
JR,v0,1.0,1.975,1.3647375326540878,5.392737575702274
JR,v0,1.0,1.976,1.378196861350843,5.373319600524385
JR,v0,1.0,1.977,1.3919894586580117,5.353197029852062
JR,v0,1.0,1.978,1.4061001727527627,5.3324856486490315
JR,v0,1.0,1.979,1.4205199933516859,5.311290426653025
JR,v0,1.0,1.98,1.4352236869504944,5.289727257728649
JR,v0,1.0,1.981,1.4501516334241655,5.267895029601854
JR,v0,1.0,1.982,1.4652687976892942,5.245892826507181
JR,v0,1.0,1.983,1.480543732050151,5.223816095030936
JR,v0,1.0,1.984,1.495948013303411,5.20174540760404
JR,v0,1.0,1.985,1.5114562427381828,5.179746278350124
JR,v0,1.0,1.986,1.5270460461359812,5.157875610564774
JR,v0,1.0,1.987,1.5426980737707563,5.1361915662791695
JR,v0,1.0,1.988,1.5583960004088642,5.114747717109412
JR,v0,1.0,1.989,1.5741265253090941,5.09359771456086
JR,v0,1.0,1.99,1.5898793722226423,5.07279378127778
JR,v0,1.0,1.991,1.6056472893931386,5.052385043610263
JR,v0,1.0,1.992,1.6214260495566206,5.032401478137694
JR,v0,1.0,1.993,1.6372016241025227,5.012883615776511
JR,v0,1.0,1.994,1.6529406678215555,4.993879576777162
JR,v0,1.0,1.995,1.6686310502514532,4.9754276188371245
JR,v0,1.0,1.996,1.6842623698668748,4.957556387853376
JR,v0,1.0,1.997,1.6998251642250661,4.940296380614747
JR,v0,1.0,1.998,1.7153109099658272,4.9236513751608335
JR,v0,1.0,1.999,1.730712022811547,4.907632038557783
JR,v0,1.0,2.0,1.7460218575671678,4.892254398346658
